OTUID,MAD011C,MAD007C,MAD020C,MAD007F,MAD021F,MAD022F,MAD019F,MAD018F,MAD002F,MAD023F,MAD011F,MAD010C,MAD010F,MAD036F,MAD028F,MAD002C,MAD020F,MAD008F,MAD005F,MAD024F,MAD004F,MAD016F,MAD017F,MAD003F,MAD027F,MAD030F,MAD031F,MAD033F,MAD034F,MAD001F,MAD005C,MAD006F,MAD009F,MAD012C,MAD012F,MAD013C,MAD013F,MAD014F,MAD015F,MAD024C,MAD025C,MAD025F,MAD026C,MAD026F,MAD029F,MAD032F,MAD035F,MAD037F,MAD038C,MAD038F,MAD039F,MAD040F,MAD041F,MAD042F,MAD043F,MAD044F,MAD045F,MAD046F,MAD047F,MAD048C,MAD048F,MAD049C,MAD049F,MAD050C,MAD050F,MAD051C,MAD051F,MAD052C,MAD052F,MAD053C,MAD053F,MAD054C,MAD054F,MAD055C,MAD055F,MAD056C,MAD056F,MAD057C,MAD057F,MAD058C,MAD058F,MAD059C,MAD059F,MAD060C,MAD060F
OTU01_unclassified,3.75,8.01,6.2,8.9,5.46,4.84,6.15,6.05,7.5,3.87,5.53,3.13,7.42,7.69,8.32,5.02,6.5,4.97,6.43,4.49,6.63,6.25,5.43,6.07,7.58,5.1,4.65,4.56,2.9,4.39,4.43,6.18,8.14,8.2,12.76,2.4,4.61,5.59,6.62,9.46,6.02,6.53,5.14,4.43,8.21,7.41,9.53,9.83,16.52,4.84,4.8,11.58,5.91,3.7,6.18,8.39,4.52,8.97,5.59,4.75,4.88,4.93,2.92,4.21,4.32,5.11,3.85,4.88,8.94,7.75,8.42,5.1,4.67,6.33,4.45,7.83,10,5.75,4.37,4.73,7.74,3.29,2.65,6.76,7.45
OTU02_Bifidobacterium adolescentis,0.02,0,1.93,0,0.82,0,3.05,0,0.65,0.36,0,0,0,2.6,0,1.05,0,0,0,0.3,0,3.38,0.31,0,0,6.68,1.62,0,0.71,0,0,1.34,1.69,0,0.22,0,0,0.76,4.58,0.08,1.83,6.22,0,0,0,0,0.58,0,0,0,0,0,0.07,6.17,1.1,4.8,0,0,2.02,0,0,0,3.64,0.08,0.83,0,0,0,0,0.12,0.21,0,0,0.2,3.44,1.03,6.55,0,0,0.54,0,0,0,0.09,3.02
OTU03_Bifidobacterium sp959020155,0.03,0,0,0,0,0,0,0,0.14,0.18,0,0,0,1.4,0,0.28,0,0,0,0.08,0,1.3,0.1,0,0,0,0,0,0.25,0,0,0.34,0.56,0,0,0,0,0,1.46,0.08,1.1,3.42,0,0,0,0,0,0,0,0,0,0,0.02,2.29,0.36,1.4,0,0,0.85,0,0,0,0,0,0.18,0,0,0,0.5,0,0,0,0,0,0.79,0.57,2.77,0,0,0.26,0,0,0,0.05,0.93
OTU04_Bifidobacterium angulatum,0.04,0,0,0,0,0,0,0,0,0,5.2,0,0,1.54,0,0,0,0,0,0,0,0,0,0,0,6.73,0.65,0,0,0,0,0,0,0,0,0,0,0,0,0,0,0,0,0,0,0,0.69,0,0,0,0,0,0,0,0,0,0,0,2.12,0,0,0,0,0,0,0,0,0,0,0,0,0,0,0,0,0,0,0,0,0,0,0,0,0,0
OTU05_Bifidobacterium longum,0.02,1.13,0,1.13,0.81,0,2.16,3.86,0.32,0,1.48,4.05,0,0,0,0.61,0,2.19,0.71,0.14,1.31,1.57,0,0,0,0,0,0.62,0,8.23,0.16,0.86,0,0,0.35,0.29,1.86,0,0,0.05,0,0,0,0,0,2.63,0.35,0.6,0.29,0,0,0.8,0,3.47,0.29,0.98,0,0,0,0,0,0,1.28,0.11,0.49,3.7,5.65,0.39,1.44,0,0.27,6.5,0.98,1.15,1.03,0.8,0,1.45,5.19,0.76,0.03,0,0,0,0
OTU06_Lawsonella sp018376445,0.04,0,0,0,0,0,0,0,0,0,0,0,0,0,0,0,0,0,0,0,0,0,0,0,0,0,0,0,0,0,0,0,0,0,0,0,0,0,0,0,0,0,0,0,0,0,0,0,0,0,0,0,0,0,0,0,0,0,0,0,0,0,0,0.01,0,0,0,0,0,0,0,0,0,0,0,0,0,0,0,0,0,0,0,0,0
OTU07_Collinsella sp902362275,0.64,0,0,0,0,0,0,0,0,0,1.64,0,0,0,0,0,0,0,0,0,0,0,0,0,0,0,0,0,0,0,0,0,0,0,0,0,0,0,1.09,0,0,0,0,0,0,0,0,0,0,0,0,0,0,0,0,0,0,0,0,0,0,0,0,1.74,0.59,0,0,0,0,0,0,0,0,0,0,0,0,0,0,0,0,0,0,0,0
OTU08_Collinsella sp902475595,0.15,0,0,0,0,0,0,0,0,0,0,0,0,0,0,0,0,0,0,0,0,0,0,0,0,0,0,0,0,0,0,0,0,0,0,0,0,0,0,0,0,0,0,0,0,0,0,0,0,0,0,0,0,0,0,0,0,0,0,0,0,0,0,0,0,0,0,0,0,0,0,0,0,0,0,0,0,0,0,0,0,0,0,0,0
OTU09_Adlercreutzia rubneri,0.29,0,0.02,0,0,0.06,0,0.09,0.03,0.02,0.06,0,0,0.04,0.17,0.05,0,0.06,0.2,0,0.17,0,0,0.14,0,0,0,0,0,0,0,0.23,0.01,0.05,0.03,0.01,0.04,0.01,0.06,0,0,0.05,0,0,0.09,0.09,0.01,0.17,0,0.11,0.39,0.08,0.06,0.15,0.06,0.06,0.37,0.22,0.01,0,0,0,0.24,0.1,0.13,0,0.01,0,0,0,0.03,0,0,0,0.08,0.1,0.11,0,0,0.16,0.06,0,0.05,0,0.01
OTU10_Adlercreutzia equolifaciens,0.11,0,0,0,0,0.02,0,0.19,0.03,0.03,0.02,0,0,0.02,0.05,0.04,0,0.02,0.2,0.02,0.04,0,0.01,0.13,0,0,0,0.02,0,0,0,0.1,0.01,0.13,0.06,0.02,0.17,0,0.02,0,0,0.05,0,0,0.06,0.17,0.02,0.06,0,0.17,0.35,0.13,0.06,0.19,0.06,0.05,0.17,0.03,0,0,0,0,0.13,0.09,0.14,0,0.02,0,0,0,0.01,0,0,0,0.11,0.17,0.23,0,0.01,0.06,0.04,0,0.05,0,0
OTU11_Eggerthella lenta,0.17,0,0,0.17,0,0,0.02,0.05,0,0,0.05,0.2,0,0,0.05,0,0,0.01,0.08,0,0.04,0.04,0.25,0.04,0.02,0,0,0.15,0,0.12,0.23,0.04,0,0.13,0.03,0.47,0,0,0.15,0,0.02,0.02,1.39,0.1,0.01,0.06,0,0.11,0,0.29,0.14,0.05,0.04,0.08,0.01,0,0.11,0,0,1.01,0.19,0.1,0.03,0.11,0.05,0.14,0.25,0.31,0.19,0,0,0.73,0.1,0.29,0,0.22,0.14,0.3,0.22,0.01,0.28,0.06,0.02,0,0
OTU12_Sutterella wadsworthensis,2.62,0.02,0.45,0.13,0,0,0,0,1.05,0,1.07,1.43,0,0.01,0,1.01,0.1,0,0,0,0,0,0,0,0,0.1,0.03,0,0.83,0,0.03,0,0.11,0,0,0,0,0,0,0,3.84,0.37,0,0,0,0,0.07,0,0,0,0,0,0,0,0,0,0,0,0.02,0,0,2.02,1.3,0,0,0,0,0,0,0.36,0.09,0,0,0,0,0.36,0.25,1.95,1.57,1.24,0.62,0,0,0.4,0.07
OTU13_Escherichia coli,0.59,0.26,0,0.03,0.07,0,0.03,0,0,0.33,0.35,0.97,0,0.44,0,0,0,0,0,0,0,0.07,0,0,0.04,0.41,0.07,0,0,0,1.8,0,0.03,0,0,0.53,0,0,0.06,0,1.53,0.01,0.02,0.36,0,0,0,0,12.44,0.44,0,0,0,0.02,0,0.1,0.01,0,0.01,0.76,0.06,2.16,0.07,3.95,0,3.54,0.02,1.23,0.03,2.72,0.13,0,0,0.03,0.01,0.08,0,0.01,0,0,0,0.1,0.34,0.26,0
OTU14_Pseudomonas aeruginosa,0.16,0,0,0,0,0,0,0,0,0,0,0.04,0,0,0,0,0,0,0,0,0,0,0,0,0,0,0,0,0,0,0,0,0,0,0,0,0,0,0,0,0,0,0,0,0,0,0,0,0,0,0,0,0,0,0,0,0,0,0,0,0,0,0,0,0,0,0,0,0,0,0,0,0,0,0,0,0,0,0,0,0,0,0,0,0
OTU15_Pseudomonas paraeruginosa,0.01,0,0,0,0,0,0,0,0,0.01,0,0,0,0,0,0,0,0,0,0,0,0,0,0,0,0,0,0,0,0,0,0,0,0,0,0,0,0,0,0,0,0,0,0,0,0,0,0,0,0,0,0,0,0,0,0,0,0,0,0,0,0,0,0,0,0,0,0,0,0,0,0,0,0,0,0,0,0,0,0,0,0,0,0,0
OTU16_CAZU01 sp000432275,0.12,0,0,0.04,0,0,0,0,0,0,0,0,0,0,0,0.03,0,0,0,0,0,0,0,17.97,0,0,0,0,0,0,0,0,0,0,0,0,0,0,0,0,0,0,0,0,0,0,0,0.02,0,0,0,0,0,0,0,0,0,0,0,0,0,0,0,0,0,0,0,0,0,0,0,0,0,0,0,0,0,0,0,0,0,0,0,0,0
OTU17_Scatocola faecipullorum,0.02,0,0.03,0,0,0,0,0,0,0,0,0,0.55,0,0,0,0.25,0,0,0,0,0,0,0,0,0,0,0,0,0,0,0,0,0.22,0.23,0,0,0,0,0,0,0,0,0,0,0,0,0,0,0,0,0,0,0,0,0,0,0,0,0,0,0,0,0.02,1.19,0,0,0,0,0,0,0,0,0,0.52,0,0,0,0,0,0,0,0,0,0
OTU18_Agathobacter rectalis,0.25,0.18,1.32,0.11,5.41,1.58,3.05,0.11,8.12,4.67,2.34,0.79,0.49,0.77,4.74,5.71,0.09,0.98,2.22,3.27,1.02,0.44,8.99,0.97,7.56,0.61,0.17,1.29,0.6,7.14,0.22,4.85,2.14,0.55,0.9,1.11,1.29,3.9,0.18,2.61,3.98,4.26,0.06,0.02,0.47,9.05,2.56,1.29,0.75,1.37,3.14,2.58,6.76,8.7,1.66,5.79,3.66,1.81,0.93,1.96,10.2,0.85,1.04,0.07,2.76,0.12,4.57,0.03,0.07,0.04,0.76,1.22,6.26,0.34,10.61,0.04,0.02,0,0.01,2.31,10.58,0.36,4.43,0.08,6.4
OTU19_Agathobacter sp900546625,0.05,0.06,0,0,2.06,0.48,0,0,0,1.31,0,0,0,0,0,0,0,0,0.92,0,0,0,1.37,0,0,0,0,0,0,0,0,0,0,0,0,0,0,0,0,0,0.65,0.68,0,0,0.15,0,0,0,0,0.43,0,0,0,0,0,1.48,0,0.33,0,0,0,0,0,0.02,0,0,0,0,0,0,0,0,0,0.09,0,0,0,0,0,0,0,0,0,0,0
OTU20_Roseburia inulinivorans,0.93,0,0.84,0,0.05,0.06,0,0,0.14,0.01,0.76,0,2.1,0.24,0,1.13,0.34,0.39,0.47,1.18,0.52,0.06,0.02,0.12,0.09,0,0.19,1.16,0.02,0.14,0.04,0.06,0.53,7.51,0.03,0.36,0,0.37,0,4.43,0.08,0.29,1.84,7.02,0.08,0,0.86,0,0,0.86,0.28,0.04,0.64,0,0.28,0.07,0.31,0,0.11,10.1,0.21,1.54,0.24,0.93,0.85,0.06,0.02,1.58,0.11,0.36,0.07,2.18,0.29,0,0.16,0,0,0,0,2.79,0,0,0.95,0.07,0
OTU21_Roseburia sp900542495,0.07,0,0.13,0,0,0,0,0,0,0,0,0,0,0.03,0,0,0,0,0,0.11,0,0,0,0,0,0,0.01,0,0,0,0,0,0.05,0,0,0,0,0,0,0.47,0,0.03,0.14,0,0,0,0.11,0,0,0,0.03,0,0,0,0,0,0,0,0.01,0,0,0.13,0,0.07,0,0,0,0.18,0,0,0,0.3,0,0,0,0,0,0,0,0.6,0,0,0,0,0
OTU22_Blautia_A wexlerae,0.23,16.91,6.06,7.78,2.31,1.1,1.14,0,2.47,1.46,3.15,0.38,0.3,1.96,1.01,2.48,2.9,4.44,2.87,1.59,9.25,1.06,6.31,4.66,1.87,2.02,2.48,4.46,0.6,2.94,0,2.21,1.97,2.11,0.57,3.02,1.86,3.18,4.02,3.05,0,3.28,0.44,6.71,0.44,2.09,3.96,0,3.53,3.89,5.02,1.04,1.9,5.14,0.59,2.09,5.26,0.56,1.19,3.43,4.48,2.51,1.3,0.8,3.13,0.16,3.22,0.52,3.84,2.39,3.89,1.78,1.93,0.37,3.02,4.07,9.88,2.54,3.24,1.81,2.94,1.45,2.49,1.02,7.12
OTU23_Blautia_A obeum,0.31,0,0.58,0,0.23,0.18,0.17,1.44,0.45,0.5,0.12,0,0,1.49,0.34,1.49,0.17,0.27,0.59,0.39,0.68,0,0.15,0.31,0.72,0.12,0.23,0.52,0,0.35,0,0,0.74,0.3,0.34,0.17,0.25,0.26,0,0.27,0.1,0.77,0,0,0.06,0.6,0.73,0,0,2.13,2.42,0.15,1.88,0.52,0.22,0.6,2.83,0,0.21,0.98,0.57,1.19,0.28,0.31,0,0,0.07,0.14,0.41,0,0.7,0.13,0.2,0.12,1.41,1.25,0.67,0.21,0,0.18,2.88,0.64,0.26,0.1,0.77
OTU24_Blautia_A faecis,0.29,0.03,0.34,0.41,0.17,0.13,0.12,0.62,0.28,0.3,0.32,0,0.1,0.78,0.96,0.41,0.13,0.26,0.53,0.19,0.14,0.06,1.36,1.5,0.5,0.13,0.2,0.23,0,0.12,0.12,0.43,0.27,0.12,0.2,0.12,0.21,0.17,1.56,0.7,0.09,1,0.01,0.61,0.51,0.21,0.28,0.64,0,1.77,0.22,0.31,0.46,0.38,0.09,0.27,0.21,0.22,0.24,0.07,0.14,0.58,0.13,1.56,0.93,0,0.09,0.15,0.28,1.37,1.51,0.22,0.3,0,0.68,1,0.26,0.76,0.18,0.49,0.65,0.15,0.36,0.09,0.28
OTU25_Dorea_A longicatena,0.08,0.01,0.23,0,0.25,0.29,0.34,0.02,0.2,0.23,0.53,0,0.04,1.74,0,0.17,0.07,1.52,0,0.4,0,0,1.47,0,0.54,3.1,1.2,1.21,0.42,0,0,0.71,0.57,0.18,0.1,0,0.41,0.82,0.6,1.1,0,0.19,0,0,0,0.09,2,0.17,0.21,0.12,1.26,0.16,0.74,0.59,0.62,0.69,1.44,0.8,0.7,0.7,1.71,0,0,0.84,0.89,0,1.98,0,1.17,0,0.4,0,0,0,0.62,0,0,0,0,0,0.02,1.2,1.38,0,0.22
OTU26_Frisingicoccus sp900549105,0.02,0,0,0,0,0,0,0,0,0,0,0,0,0,0,0,0,0,0,0,0,0,0,0,0,0,0,0,0,0,0,0,0,0,0,0,0,0,0,0,0,0,0,0,0,0,0,0,0,0,0,0,0,0,0,0,0,0,0,0,0,0,0,0,0,0,0,0,0,0,0,0,0,0,0,0,0,0,0,0,0,0,0,0,0
OTU27_Anthropogastromicrobium sp934292725,0.02,0,0.15,0,0,0,0.03,0,0.03,0.05,0.07,0,0.01,0,0.09,0.04,0.06,0.28,0,0.1,0.14,0,0.02,0.09,0.2,0,0,0.08,0.02,0,0,0.18,0,0.07,0.15,0.02,0.04,0.09,0,0.13,0.28,0.42,0,0,0.06,0.08,0.05,0,0,0.06,0,0,0.08,0.01,0.02,0,0,0.02,0.02,0,0,0.04,0.03,0.03,0.07,0,0,0,0.02,0,0.02,0.06,0.1,0.01,0.02,0,0,0,0,0.02,0.04,0,0.03,0.02,0.23
OTU28_Anthropogastromicrobium aceti,0.02,0,0.68,0.02,0.06,0.02,0.07,0.19,0.21,0.16,0.34,0,0.11,0.2,0.18,0.23,0.16,0.75,0,0.22,0.68,0.01,0.08,0.63,0.4,0.04,0.11,0.22,0.07,0,0,0.58,0.18,0.21,0.5,0.03,0.25,0.29,0,0.46,0.56,0.22,0,0,0.09,0.33,0.29,0.03,0.45,0.57,0,0.03,0.65,0.12,0.11,0.02,0,0.08,0.19,0,0,0.19,0.19,0.19,0.54,0,0,0,0.05,0.01,0.16,0.14,0.28,0.05,0.29,0,0,0,0,0.16,0.23,0.04,0.09,0.12,0.63
OTU29_Hungatella hathewayi,0.08,0,0,0.06,0,0,0,0,0,0,0,0.11,0,0.03,0,0,0,0,0,0,0,0.02,0,0,0,0,0,0.04,0,0,0,0,0,0,0,0.01,0,0,0,0,0,0,0,0,0,0,0,0,0,0.04,0.02,0,0,0,0,0,0,0,0,0,0,0,0,0,0,0,0,0,0.03,0,0,0,0,0,0,0.08,0,0,0,0,0.04,0,0,0,0
OTU30_Fusicatenibacter saccharivorans,0.1,0.04,4.16,0.14,1.72,0.38,6.11,0.59,1.23,0.96,1.75,0.53,0.69,1.01,2.89,1.25,0.73,4.84,4.88,1.32,4.38,0.51,2.19,0.92,2.83,1.44,0.83,2.49,0.97,1.73,0.29,1.16,1.42,1.37,2.89,0.03,0.99,0.95,0.05,1.78,3.05,4.35,0.07,0,1.48,4.23,0.64,0.36,1.52,3.28,4.4,1.11,4.26,11.63,1.66,1.93,4.59,0.99,0.27,1.12,5.97,4.74,1.39,0.75,4.46,0.25,2.16,0.09,0.41,0.69,1.3,2.65,3.26,0.03,2.84,0.03,0,5.91,0,4.56,1.19,1.91,0.54,0.08,1.34
OTU31_Enterocloster aldenensis,0.05,0,0,0.08,0,0,0,0.02,0,0,0,0,0,0,0,0,0,0,0,0,0,0,0,0,0,0,0,0,0,0.04,0,0,0,0,0,0.02,0,0,0.03,0,0,0.02,0,0.18,0,0,0,0,0,0.05,0,0,0,0,0,0,0.03,0,0,0,0,0.04,0,0.08,0,0,0,0.01,0,0,0,0,0,0,0,0.06,0.05,0.06,0,0,0,0,0,0,0
OTU32_Acetatifactor acetigignens,0.02,0,0.44,0,0.03,0.45,0.1,0.04,0.52,0.03,0.04,0,0.88,0.12,0.9,0.21,0.34,0.04,2,0.13,0.22,0.01,0,0.3,0.21,0,0.02,0.24,0.03,1.57,0.24,0.12,0.06,0.11,0.21,0,0.03,1.04,0.02,0.13,0.07,0.5,0,0,0.49,0.53,0.21,0.01,0,0,0.04,0.21,0.31,0,1.88,0.1,0.03,0.33,0,0,0.02,0.03,0.02,0,0.98,0.02,0,0.01,0,0.02,1.1,0.06,0.1,0.01,0.18,0.26,1.47,0,0,0.03,0,0.34,0,0.01,0.02
OTU33_Brotaphodocola sp003480315,0.01,0,0.18,0,0.02,0,0,0,0.07,0.01,0.03,0,0.05,0.03,0.04,0.05,0.01,0,0,0.04,0.04,0,0,0.15,0.07,0,0.03,0,0.03,0,0,0.05,0.06,0,0.02,0.01,0.09,0.03,0,0,0,0,0,0,0.05,0.03,0.06,0.03,0,0.03,0,0.11,0.01,0.05,0.05,0.03,0,0.03,0.03,0,0.07,0.21,0.03,0,0,0,0,0,0,0.03,0.01,0,0,0,0,0,0,0,0,0,0,0,0.02,0,0.04
OTU34_Mediterraneibacter faecis,8.1,0,1.16,0,0.56,0.05,0.33,0.8,0.51,0.21,2.11,0,0.33,1.05,1.53,0.46,0.71,1.01,0,1.36,3.44,0.06,0,1.33,0.42,5.34,2.08,0,0.19,0,0.79,1.14,0.77,3.45,0.59,0.78,0.27,1.6,0.05,14.72,8.08,1.39,10,7.23,0.85,1.55,2.46,0.32,2.55,0.16,3.4,0.4,1.67,2.63,0.62,0.46,3.76,0.93,0.74,7.49,1.73,0,0,6.49,2.38,10.33,1.6,21.33,10.13,20.93,1.49,13.55,0.22,38.74,1.18,0.16,0.04,0,0,9.4,1.55,24.21,0.33,11.81,3.36
OTU35_Mediterraneibacter lactaris,6.14,0,0,0,0,0,0,0,0,0.36,0,0,0,0.21,0,0.15,0,1.04,0,0.71,0,0,0,0,0.22,0,0,0,0,0,0,1.55,0.12,0,0,0.32,0.24,0.87,0.02,7.45,0,0,0,0,0,0,0,0.19,0,0,1.56,0,0,0,0,0,1.74,0.47,0,0,0,0,0,0.72,1.75,0,0,0,0,0,0,0.63,0.26,0,0,0,0,0,0,0,0,0,0,0,0
OTU36_Mediterraneibacter torques,0.52,2.51,0,0.91,0.33,0.11,0.13,0.01,4.15,0.06,0.02,1.63,0.09,1.68,0,4.54,0,0.08,2.82,0,0,0.08,1.34,1.91,0.34,0.1,0.26,0.7,0,0.73,1.2,0.24,0.12,9.83,0.42,12.23,1.46,0.33,0,0.21,0.05,0.19,6.11,2.51,0.69,0.14,0.95,0.07,0.46,4.18,0.83,0.23,0.05,0.06,0.01,0.58,0.87,0.08,0.01,7.82,0.31,0.29,0.23,0.08,0.07,0.13,0.34,3.16,6.35,0,0,0.11,0.13,0.53,0.09,1.39,0.02,5.65,2.86,7.75,3.6,1.47,0.51,9.07,1.46
OTU37_Coprococcus_A intestinihominis,1.25,0,0.76,0,0,0.03,0.1,0.73,0.03,0,0.25,0,0.01,0.02,0.19,0.12,0.15,0,0,0.12,0.05,0.06,0.02,0,0.14,0,0.02,0.17,0.01,0.13,0,0.17,0,1.16,0.49,0.92,0.09,0.24,0.39,1.12,0.08,0.23,0,0,0.09,0.39,0.1,0.03,0,0.4,0,0.08,0.21,0.06,0.09,0.2,0,0.06,0.08,0,0,0.12,0.14,0,0,0,0,0.43,0.2,0.97,0.31,0,0,0.65,0.53,0,0,0,0,0.63,0.14,0.01,0.02,0.26,0.43
OTU38_Anaerobutyricum hallii,1.02,0.03,3.48,0,0.81,0.15,0.24,0.26,0.15,0.65,1.27,0,0.02,0.36,0.34,0.16,0.58,1.07,1.09,0.53,1.47,0.19,1.28,0.72,0.72,0.84,0.94,1.17,0.36,0.52,0.13,0.8,0.51,1.04,0.71,0.42,0.45,0.45,0.14,0.69,0.06,0.43,0,0,0.2,0.37,0.33,0.14,0.63,3.86,0.64,0.19,0.69,1.74,0.33,0.61,0.89,0.16,0.11,0.03,0.04,2.06,3.12,0.38,0.85,0.03,0,0.02,0.05,0.36,0.79,0.03,0.04,0.11,0.97,0.82,1.13,0.07,0,1,0,0.7,0.78,0.43,0.71
OTU39_Anaerostipes hadrus,0.32,0,3.2,0,0.31,0.06,0.41,0.45,0.17,0.39,2.5,0,0.17,0.89,0.34,0.56,0.34,0.6,1.83,0.85,1.83,0.15,0.51,1.74,0.3,1.19,0.19,1.34,0.25,0.97,1.59,2.04,0.33,1.17,1.61,0.7,0.61,0.55,0.04,1.44,0.61,0.97,0.05,0,0.18,0.3,0.31,0.25,13.03,2.46,2.27,0.15,1.53,1.77,0.41,0.54,3.06,0.77,0.21,2.57,0.81,1.92,0.76,0.57,1.52,0.33,4.23,0.44,1.88,0.12,0.54,2.09,2.6,2.1,0.23,1.04,2.2,3.21,0.09,0.92,1.52,1.84,0.46,1.7,2.25
OTU40_Dorea formicigenerans,1.76,0,0.9,0,0.31,0.12,0.34,0.34,0.41,0.19,0.74,0,0.11,0.4,0.3,0.33,0.31,0.01,0.51,0.29,0,0.38,0.2,0.32,0.54,0.55,0.34,0,0.08,0.17,0.66,0.27,0.38,0.87,0.44,0.91,0.3,0.35,0.15,1.93,0.19,0.42,0.01,0,0.16,0.62,0.85,0.06,0,0,0,0.3,0.53,0.31,0.23,0.26,0,0.35,0.29,0,0,0.46,0.49,3.58,0.28,0,0,0,0,2.82,0.26,0,0,1.48,0.39,0,0,0,0,1.13,0.21,0.11,0.13,0,0
OTU41_Laedolimicola ammoniilytica,0.4,0,0.27,0,0,0.01,0.04,0,0,0.04,0.04,0,0,0,0.02,0,0.03,0,0,0.11,0.06,0.01,0,0.06,0,0,0,0,0.02,0.03,0,0.05,0.04,0.14,0.03,0.06,0.04,0.06,0,0.27,0,0,0,0,0,0,0.02,0,0,0,0,0.07,0.03,0,0.08,0.02,0,0.1,0.01,0,0,0.02,0.03,0,0,0,0,0,0,0,0,0,0.08,0,0,0,0,0,0,0,0,0.03,0.02,0,0
OTU42_Schaedlerella glycyrrhizinilytica_A,0.5,0,0,0,0,0,0,0,0,0,0.03,0.1,0,0,0,0,0,0.03,0.04,0,0.01,0,0,0.02,0,0,0,0.23,0,0.01,0,0.06,0.03,0,0,0.02,0.01,0,0,0,0,0,0.36,0.15,0,0,0,0,0,0.1,0.04,0,0,0,0,0,0.04,0,0,0,0,0,0.01,0.05,0.02,0,0.12,0.05,0.15,0,0,0.01,0,0,0.01,0,0,1.55,0.43,0.01,0.02,0,0,0,0.07
OTU43_Bariatricus comes_A,0.03,0,0,0,0,0,0,0,0,0,0.02,0,0.02,0,0,0,0,0,0,0,0,0,0,0,0,0,0,0,0.02,0,0,0,0,0.13,0.05,0,0,0,0,0,0,0,0,0,0,0,0.05,0,0,0.09,0,0,0,0,0,0,0,0,0,0,0,0,0,0,0,0,0,0,0,0,0,0,0,0.08,0.06,0,0,0,0,0,0,0.08,0,0,0
OTU44_Bariatricus comes,0.12,0.01,1.08,0,0.41,0.11,0.1,0.05,0.57,0.36,0.25,0,0.04,1.01,0.28,0.44,0.62,1.17,0,0.6,1.78,0,0.39,0.84,0.49,0.07,0.24,1.23,0.17,0,0.06,1.06,0.64,0.24,0.57,1.37,0.45,0.41,0,1.16,0.96,0.98,0.03,0,0.57,0.39,0.46,0.08,1.94,1.16,1.66,0.27,0.49,1.56,0.37,0.37,1.83,0.43,0.27,1.32,1.07,1.18,0.49,0.4,0.84,0.28,1.44,0,0,0.25,0.67,2.66,1.37,0.14,0.41,0,0,0,0,1.77,2.16,1.01,1.83,0.29,1.34
OTU45_Hominiventricola filiformis,0.13,0,0.37,0,0,0.05,0,0,0.16,0.01,0.12,0,0.12,0.07,0.08,0.2,0.13,0,0,0.11,0.2,0.03,0,0,0.04,0,0.02,0.19,0,0.15,0,0,0.1,0.22,0.09,0.11,0.11,0.11,0,0,0,0.08,0,0,0.02,0.04,0.11,0.03,0,0.1,0,0.17,0.02,0.04,0.07,0.02,0,0.09,0.03,0.16,0.03,0.3,0.03,0,0,0,0.05,0.02,0,0,0.01,0.06,0.15,0,0.07,0,0,0,0,0,0.02,0.1,0.09,0.03,0.06
OTU46_Hominiventricola aquisgranensis,0.15,0,0.55,0,0.05,0.07,0.06,0,0.11,0.13,0.13,0.06,0.31,0.05,0.07,0.19,0.1,0.09,0.29,0.23,0.3,0.02,0,0.1,0.19,0,0.04,0.1,0.04,0.15,0.14,0.19,0.09,0.12,0.05,0.94,0.26,0.13,0,0.58,0.08,0.12,0,0,0.08,0.09,0.12,0.08,0,0.08,0.1,0.18,0.14,0.12,0.18,0.06,0.14,0.13,0.01,0.78,0.07,0.24,0.1,0.07,0.1,0,0,0.02,0.02,0.04,0.03,0.23,0.14,0.08,0.07,0.14,0.24,0,0,0.33,0.09,0.25,0.12,0.09,0.02
OTU47_Dorea_D hominis,0.22,0,0,0,0.02,0.07,0,0,0,0,0.06,0,0,0.21,0,0,0,0,0,0,0,0,0,0,0,0.03,0.08,0,0,0,0,0,0.09,0,0.13,0,0,0.01,0,0,0,0.06,0,0,0,0,0.07,0,0,0,0,0,0.02,0,0,0,0,0,0.02,0,0,0.01,0.21,0,0,0,0,0,0,0,0,0,0,0,0.04,0,0,0,0,0,0,0,0,0,0
OTU48_Dorea_D sp000433535,0.04,0,0,0,0,0,0,0,0,0,0,0,0,0,0,0,0,0,0.03,0,0,0,0,0,0,0,0,0,0,0,0,0,0,0,0,0,0,0,0,0,0,0,0,0,0,0,0,0,0,0,0.03,0,0,0,0,0,0.02,0,0,0,0,0,0,0,0,0,0,0,0,0,0,0,0,0,0,0,0,0,0.02,0,0,0,0,0,0
OTU49_Eubacterium_I ramulus,0.44,0,0.28,0,0.17,0.09,0.02,0,0.07,0.21,0.4,0,0.08,0.04,0.25,0.13,0.07,0.31,0,0.22,0,0,0,0.17,0.35,0.51,0.28,0.62,0.04,0,0.04,0.06,0.01,0.4,0.27,1.42,0.19,0.17,0,0.6,0,0.08,0.02,0,0.14,0.07,0.26,0.04,0.55,0.69,0.05,0.21,0.3,0.28,0.07,0.01,0.07,0.04,0.11,2.54,0.97,0.46,0.11,0.46,0.33,0.03,0,0.6,0.81,0,0.02,0,0,0.86,0.1,0,0,0.11,0,0.8,0.07,1.34,1.25,0,0
OTU50_Ruminococcus_B gnavus,0.1,0,0,0.46,0.02,0,0,0,0,0.01,0.29,19.53,0.03,0.06,0,0.01,0,0,0.26,0,0.04,0.01,0.08,0,0,0.09,0.27,1.26,0,0.13,21.68,0.52,0,0,0,0.61,0.03,0,0,0.1,3.66,0.03,4.39,5.75,0,0.03,0.03,0.02,10.02,1.16,0.47,0.02,0.09,0.05,0,0.04,0.49,0.02,0.08,6.3,0.02,0.35,0.01,0.5,0.09,11.45,2.37,15.08,9.68,0.03,0.02,0.3,0.02,0.22,0.03,2.59,2.7,16.48,0.05,4.62,0.17,0.02,0.03,1.1,0.05
OTU51_Gallintestinimicrobium propionicum,0.33,0.01,0.1,0.01,0.03,0.08,1.01,0.23,0.68,0.63,0.39,0,0.44,0.1,0.85,0.39,0.07,0.49,0.38,0.82,1.17,0.04,0,0.39,1.39,0.05,0.06,0.4,0.33,0.55,0.04,0.35,1.22,0.45,0.2,0.3,1.37,0.97,0.04,0.9,0.87,1.11,0.02,0,0.34,1.18,0.82,0.27,0.6,0.58,0,1.07,0.26,0.13,0.2,0.09,0,0.09,0.03,0.02,0.29,0.33,1.36,0.18,0.32,0.02,0,0.19,0,0.45,0.21,1.03,0.53,0.43,0.53,0,0,0,0,1.04,0.14,0.47,0.03,1.11,0.4
OTU52_Extibacter hylemonae,0.49,0,0,0,0,0,0,0,0,0,0,0,0,0,0,0,0,0,0,0,0,0,0,0,0,0,0,0,0,0,0,0,0,0,0,0,0,0,0,0,0,0,0,0,0,0,0,0,0,0,0.02,0,0,0,0,0,0,0,0,0,0,0,0,0.2,0,0,0,0.14,0,0,0,0,0,0,0,0,0,0,0,0,0,0,0,0,0
OTU53_Otoolea fessa,0.36,0,0.1,0,0.85,0.12,0.06,0.01,0.17,0.13,0.24,0,0.3,0.17,0.26,0.2,0.36,0.38,0.35,0.24,0.31,0.12,0.06,0.26,0.32,0,0.55,0.53,0.5,0.06,0,0.14,0.45,0,0.18,0.18,0.51,0.15,0.01,0.31,0.01,0.29,0,0,0.11,0.29,0.42,0.06,0,0.42,0,0.22,0.38,0.35,0.09,0.38,0,0.23,0.15,0.61,0.69,0.5,0.45,0.4,0.18,0.06,0.07,0,0,0.37,0.01,0.08,0.27,0,0.35,0.04,0.07,0,0,0.18,0.35,0.07,0.65,0.42,0.27
OTU54_Otoolea symbiosa,0.05,0.48,0,0.8,0,0,0.02,0,0,0,0.12,0.3,0,0.02,0.03,0,0,0,0,0,0,0.21,0,0,0,0,0,0,0,0.05,0,0,0,0,0,0,0,0,0.08,0,0,0.01,0.28,0.63,0,0,0,0,0,0.05,0.13,0,0,0,0,0.01,0.11,0,0,0,0,0.14,0,0.74,0,0.27,0,0,0.07,0,0,0,0,0,0,0.07,0.01,0.09,0.06,0,0.08,0,0,0,0
OTU55_Oliverpabstia tarda,0.03,0.05,0.41,0,0.03,0.03,0.04,0.2,0.1,0,0.27,0,0.06,0.21,0.21,0.11,0.17,0.2,0,0.08,0.05,0,0,0,0.17,0.12,0.15,0.09,0.08,0,0,0.1,0.2,0.26,0.19,0.01,0.04,0.07,0.01,0.27,0,0,0.01,0,0.13,0.19,0.18,0.04,0,0.4,0.22,0.04,0.08,0.38,0,0.04,0.23,0.05,0.04,0.37,0.31,0.04,0.01,0.01,0.02,0.01,0.5,0.03,0.09,0,0,0.09,0.19,0.07,0.14,0,0,0,0,0.33,0,0,0.06,0.1,0.36
OTU56_Oliverpabstia intestinalis,0.05,0.04,0.69,0,0,0.02,0,0.44,0.18,0,0.51,0,0.12,0.25,0.22,0.19,0.33,0.85,0,0.48,0,0,0,0,0.45,0.11,0.42,0.52,0.25,0,0,0.54,0.55,0.34,0.65,0.05,0.13,0.08,0,1.16,0,0,0,0,0.26,0.23,0.44,0.07,0.81,1.37,0.51,0.11,0.12,1.42,0.03,0.03,0.53,0.19,0.2,1.79,0.6,0,0,0,0,0.02,1.62,0.24,0.51,0.02,0,0.43,0.76,0.57,0.13,0,0,0,0,0.65,0,0.17,0.3,0.27,1.39
OTU57_Anaerotignum_A faecicola,0.03,0,0.03,0,0.22,0,0,0.19,0.36,0,0.28,0,0.36,0.1,0,0.38,0.08,0,0.36,0.13,0,0.01,0.32,0,0.14,0,0,0.31,0.04,0,0,0,0,0.77,0.27,0.41,0.04,0.08,0,1.27,0,0.01,0,0,0.01,0,0.27,0,0,0,0,0.48,0.05,0,0,0,0,0.15,0,0,0,0,0,0,0,0,0,0,0,1.41,0.15,0,0,0,0.16,0.38,0.09,0,0,0,0,0,0.39,0.33,0.44
OTU58_Faecalibacterium prausnitzii_I,0.13,0,2.17,0,0.1,0.1,0.17,0.75,0.5,0.63,0.25,0,0.11,0.07,0.33,0.3,0.14,0.69,1.88,0.38,0,0,0,0,1.4,0,0.2,0.07,0.5,0,0,1.78,0.77,0.48,0.42,0,0.21,0.47,0,0.11,0,1.13,0,0,0.24,2.83,0.14,0.12,0,0,0.11,0.27,0.5,0.67,0.31,0.35,0.08,0.14,0.18,0,0,0.3,2.46,0,0,0,0,0,0,0,1.46,2.99,0.86,0,0.46,0,0,0,0,0.08,0.05,0,0.42,0,0
OTU59_Faecalibacterium duncaniae,19.55,0.09,5.26,0,1.65,2.22,0.16,0.24,2.08,1.63,1.44,5.26,3.2,1.79,2.22,2.49,1.31,5.48,1.67,0.93,8.37,0.41,2.1,0,4.32,0.15,1.45,2.09,0.5,7.94,8.9,8.6,1.38,4.14,2.48,9.97,4.08,1.44,1.09,3.29,0.96,4.21,0.17,0,1.46,3.38,2.38,2.02,6.26,0.5,0.88,2.42,6.15,0.9,0.79,0.99,0.71,1.94,0.97,5.53,1.26,7.64,1.88,0,0,0.3,0,7.92,0,0.46,0.65,4.94,1.37,9.77,1.61,0.11,0,0,0,5.47,2.54,12.65,1.33,6.61,3.85
OTU60_Faecalibacterium wellingii,0.34,0,0.47,0,0,0.13,0,0,0.64,0.78,0,0,2.67,0,0,0,0,0.33,0.41,0.5,0,0,0,1.01,0,0,0,0,0,0,0,0,0,0,0,0,0,0.49,0,0.28,0,0,0,0,0.17,0.55,0.33,0.44,0,0,0,0.34,0,0.11,0.39,0.94,0,0.52,0,0,0,0,0,0.18,0,0,0,0,0,0,1.04,0,0,0,0.77,0,0,0,0,0,0,0,0,0,0.47
OTU61_Faecalibacterium butyricigenerans,1.5,0,1.05,0,0,0.47,0.19,0.21,0.62,0.24,0.21,0,0.32,0.09,0,0.17,0.14,0,0,1.22,0.23,0.12,0,0,0,0,0.12,0,0.22,0,0.22,1.72,0.16,3.47,0.7,0,0,0.4,0,1.89,0.41,1.45,0.05,0,0.46,0.53,0.24,0.1,1.48,0.32,0,0.4,0.47,0.21,1.63,0,0,0.14,0.04,0.74,0.26,1.56,0.22,0,0.15,3.01,0.27,0,0,4.96,0.8,3.78,1.41,1.22,0.11,0,0,0.27,0,0,0,3.02,1.05,1.35,0.68
OTU62_Gemmiger qucibialis,0.25,0.05,0.66,0.05,0.68,0.28,0,1.89,0.06,1.25,0.11,0,0.08,1.03,1.78,0.63,0.13,0.44,0.5,0.1,1,0.2,0.09,0.76,0.75,0.3,0.17,0,0.33,0,0.04,0.39,0.49,0.15,0.27,0.12,0.53,0.31,0.57,0.06,0.2,0.5,0.01,0,1.17,0.33,1.86,0,0,2.01,0,1.22,0.32,0.11,1.7,0.3,0,0.07,0.51,0.06,0.17,0.11,0.47,1.83,1.62,0,0.42,0,0,0.12,1.63,0.15,0.15,0,0.09,0,0,1.96,1.29,0,0.07,0,0.2,0.2,1.01
OTU63_Ruthenibacterium lactatiformans,0.11,0.09,0.09,0.23,0.05,0.02,0.21,0.15,0.02,0.03,0.13,0.09,0.06,0.35,0.05,0.25,0.01,0,0.29,0.03,0.04,0.65,0.02,0.1,0.03,0,0,0.06,0,0.05,0,0.08,0.05,0.2,0.03,0,0,0.07,0.42,0,0.01,0.14,0.22,0.08,0.07,0.15,0.07,0.07,0,0.64,0.2,0.12,0.07,0.04,0.05,0.28,0.13,0.09,0,0,0.06,0,0.07,0.37,0.12,0,0.06,0.05,0.09,0,0.04,0,0.02,0,0.03,1.16,0.12,0.02,3.28,0.06,0.28,0,0,0,0.09
OTU64_Scatomorpha intestinigallinarum,0.04,0,0,0,0,0,0,0.05,0,0,0,0,0,0,0,0,0,0,0,0,0,0,0,0,0,0,0,0,0,0,0,0,0,0,0,0,0,0,0,0,0,0,0,0,0.15,0,0,0.03,0,0,0,0,0,0,0,0,0,0,0,0,0,0,0,0,0,0,0,0.01,0,0,0,0,0,0,0,0,0,0,0,0,0,0,0,0,0
OTU65_Vescimonas coprocola,0.91,0,0,0,0.08,0.05,0.81,0.24,0.02,0,0.32,0.06,0.52,0.1,1.25,0.46,0,0,1.49,0,0.2,0.05,0,0,0,0,0,0,0.04,0,0.05,0.87,0.25,0,0,0,0.31,0.03,1.89,0.09,0,0,0.01,0,0.08,0.66,0.04,0,0,0.35,1.23,0.23,0,0.07,0.09,1.56,0.98,0.04,0.07,0,0,0,0.58,0,0,0,0,0,0,0,0,0.1,0.13,0,0,0.31,0.08,0,0,0.07,1.03,0,0.03,0,0.52
OTU66_Hominicoprocola sp900317525,0.09,0,0,0,0,0,0.07,0.28,0,0,0,0,0.37,0,0.43,0,0.38,0,0.14,0,0,0,0,0,0,0,0,0,0,0,0,0,0,0,0.98,0,0,0,0,0,0,0.32,0,0,0.35,0.77,0.31,1.4,0,0,0,0.77,0.16,0,0,1.56,0,0,0,0,0,0,0,0.38,1.05,0,0,0,0,0,0.4,0,0,0,0.47,0.06,0.51,0,0,0,0,0,0,0,0
OTU67_Oscillibacter segnis,0.09,0,0.08,0,0.34,0.27,0,0.29,0.2,0.2,0.13,0,0.49,0.26,0.11,0.02,0.15,0,0.04,0.1,0.3,0,0.06,0.43,1.04,0,0.01,0.05,0.04,0,0,0.6,0.15,0.35,1.32,0,0.49,0.37,0,0.11,0,0.25,0,0,0.08,0.37,0.37,0.25,0,0.13,0,0.47,0.28,0.04,0.46,0.52,0,0.19,0.05,0,0,0.01,0.46,0.22,0.17,0,0,0,0,0.07,0.57,0.11,0.57,0,0.08,0.05,0.33,0,0,0,0,0,0,0.03,0.15
OTU68_Faecousia intestinalis,0.03,0,0,0,0.2,0.1,0.51,0.93,0.06,0.05,0.26,0,0.06,0.48,0.2,0.26,0.01,0,0.49,0,0,0.01,0.02,0.2,0.21,0.03,0,0.02,0,0,0,0.13,0.03,0.15,0.28,0,0.03,0.22,0,0,0,0.05,0,0,0.29,0.76,0.36,0.09,0,0,1.15,0.08,0.21,0.05,0.13,0.36,0.92,0.04,0,0,0,0,0.05,0.11,0.51,0,0,0,0,0,0.42,0,0,0,0,0.3,0.25,0,0,0,0,0,0.02,0,0.32
OTU69_CAG-170 sp000432135,0.04,0,0.07,0,0.14,0.31,0.02,1.57,0,0,0,0,0.24,1,1.33,0.07,1.38,0,0,0.07,0.03,0,0,0.04,0.3,0,0,0,0.07,0,0,0,0.2,0.27,0,0,0,0.26,0,0,0,0,0.02,0,5.62,0,1.56,1.53,0,0,1.74,0.5,0.4,0,0.53,2.03,1.4,0.04,0.06,0,0,0,0.15,0.2,1.03,0,0,0,0,0,1.7,0,0,0,0,0,0,0,0,0,0,0,0,0,0
OTU70_CAG-103 sp000432375,0.03,0,0,0,0.08,0.34,0.25,0.36,0.44,0.04,0.08,0,0,0,0,1.33,0,0.11,0,0.2,0.1,0,0,0.15,0.61,0,0,0,0.1,0.11,0,0.15,0,0.02,0.87,0.01,0.84,0.32,1.95,0.03,0,0,0,0,0,1.83,0,0,0,0,1.21,0.29,0.73,0.17,0.18,0,0.92,0.07,0,0,0,0,0,0,0,0,0,0,0,0.03,0.59,0,0.13,0,0,0,0,0,0,0.15,0.28,0,0,0,0
OTU71_CAG-103 sp900317855,0.03,0,0,0,0.12,0,0.02,0.06,0,0.04,0.22,0,0,0,0,0,0,0.01,0,0,0,0,0,0,0.07,0,0,0,0.1,0.11,0,0.17,0,0.02,2.24,0,0,0.18,0.16,0,0,0,0,0,0.05,0.19,0,0.05,0,0,0,0,0.11,0,0.14,0,0,0,0.1,0,0,0,0,0,0.23,0,0,0,0,0,0,0.02,0.31,0,0,0,0,0,0,0,0,0,0,0,0
OTU72_Lawsonibacter sp000177015,0.02,0,0,0,0,0,0,0,0,0,0.27,0,0,0.04,0,0,0,0,0,0,0,0,0,0,0,0,0,0,0,0,0,0,0,0,0,0,0,0,0,0,0,0,0,0,0,0,0,0,0,0,0.24,0,0,0,0,0,0.2,0,0,0,0,0,0,0,0,0,0,0,0,0,0,0,0,0,0,0.14,0.11,0,0,0,0,0,0,0,0.09
OTU73_Evtepia gabavorous,0.05,0,0.09,0,0,0.12,0.19,0.37,0.13,0.06,0.17,0,0,0,0.29,0.26,0.13,0.01,0.3,0.12,0.24,0.16,0.06,0.21,0.17,0.01,0.02,0.28,0,0.09,0,0.26,0.17,0.35,0.36,0,0.18,0.16,0.1,0.2,0,0.2,0,0,0,0.36,0,0.1,0,0.26,0.32,0.15,0,0.26,0.18,0.42,0.27,0.07,0,0,0,0,0.22,0.11,0.12,0,0.37,0.02,0.39,0.01,0.12,0,0.2,0,0.13,0.24,0.2,0,0.22,0.19,0.16,0,0.19,0,0.22
OTU74_Flavonifractor plautii,0.02,0.1,0,0.83,0.27,0.02,0.06,0.01,0.01,0.02,0.12,0.03,0.02,0.02,0.03,0.02,0.02,0.02,0.04,0.02,0.23,0.52,0.45,0.11,0.03,0,0.02,0.28,0.02,0.2,0,0.2,0.1,0,0,0.05,0.15,0,0.15,0,0,0.02,0.8,0.69,0,0.09,0.02,0.01,0,0.51,0.26,0.09,0.02,0.03,0.02,0.07,0.17,0.1,0.01,0.25,0.29,0,0.08,0.04,0.07,0,1.06,0.14,0.44,0,0,0.07,0.06,0.06,0.07,0.29,0.21,0,1.84,0.15,0.11,0,0.07,0.16,0.24
OTU75_Ruminococcoides sp905215855,0.01,0,0,0.01,0,0,0.25,0,0.06,0,0,0,0,0,0,0.27,0.03,0,0,0,0,0.02,0.16,0,0.25,0,0,0,0,0.1,0,0,0.07,0.09,0,0,0,0,0,0,0,0,0,0,0,0.49,0,0.11,0,0,0,0.12,0.18,0,0,0.17,0,0.02,0,0,0,0,0.16,0,0,0,0,0,0,0,0,0,0,0,0,0.68,1.11,0,0,0,0,0,0,0,0
OTU76_Ruminococcoides bromii,0.04,0,0.02,0,0,0,2.98,0.82,0,0,0,0,0,0,0,0,0.03,0,0,0,0,0,0,0,0,0,0,0,0,0,0,0,0,0,0,0,0,0,0,0,0,0,0,0,0,0,0,0,0,0,0,0,0.25,0,0,0,0,0,0,0,0,0,0,0.02,0,0,0,0,0,0,0,0,0,0,0,0,0,0,0,0,0,0,0,0,0.25
OTU77_Ruminococcoides intestinale,0.19,0,0.21,0.15,0,0,0,7.39,0.8,0,0,0.02,0,0,0,3.54,0.36,0,0,0,0,0.39,1.94,0,3.02,0,0.01,0,0,1.36,0.02,0,0.58,1.36,4.01,0,0,0,0,0,0.05,0,0.07,0,0.99,2.94,0,1.09,0,0,0,0.93,2.9,0,1.14,2.45,0,0.17,0,0,0,0,1.89,0.09,0,0,0,0,0,0,0,0,0,0.03,0,4.75,7.62,0.03,0.11,0,0,0,0,0.02,3.39
OTU78_Fimivicinus sp900544375,0.03,0,0,0,0,0,0,0,0.04,0,0.34,0,0,0,0.03,0.09,0,0,1.5,0,0,0.02,0,0,0,0,0,0,0,0.18,0,0,0,0,0,0,0,0,1.15,0,0,0,0,0,0.83,0,0,0,0,0,0,0,0,0,0,0,0,0,0,0,0,0,0,0.04,1.29,0,0,0,0.03,0,0,0,0,0,0,0,0,0,0,0,0,0,0,0,0.89
OTU79_UMGS1071 sp900541905,0.09,0.03,0,0.02,0,0,0,0.01,0.02,0.01,0,0,0,0.02,0.04,0,0,0,0.02,0,0.01,0,0,0,0,0,0,0.01,0,0,0.02,0.01,0,0.01,0,0.15,0.04,0,0.02,0.05,0.07,0.02,0.01,0,0.01,0,0.01,0,0,0,0.02,0,0.04,0,0.03,0,0.02,0,0,0.01,0,0.01,0,0.03,0,0.28,0.05,0.03,0,0.17,0.02,0.02,0,0.04,0.01,0.03,0.05,0.03,0.05,0.08,0,0,0,0,0
OTU80_UMGS1071 sp900542375,0.32,0,0.02,0,0.01,0.01,0.02,0.06,0,0.05,0,0.08,0.01,0.13,0.06,0,0.04,0.02,0.07,0.01,0.07,0.03,0.02,0.02,0.01,0,0.02,0.05,0,0.03,0.07,0.08,0.02,0.3,0.05,0.01,0,0.02,0.1,0.12,0.28,0.07,0.07,0,0.05,0,0.05,0.02,0.17,0.02,0.12,0.01,0,0.02,0.07,0.04,0.16,0.02,0,0.14,0.01,0.04,0.02,0.17,0.04,0,0,0.11,0,0,0,0.09,0.02,0.15,0.04,0.12,0.21,0.11,0.14,0.22,0,0,0,0,0
OTU81_Hominenteromicrobium mulieris,0.01,0.01,0.28,0.01,0.05,0.02,0.92,4.47,0.53,0.27,3.66,0.12,0.2,0.39,0.56,1.84,0.36,0.1,0.72,1.67,0.5,0.23,1.21,0.09,0.15,0.08,0.05,3.13,0.91,0,0.02,0,0.34,0.31,0.71,0.01,2.41,1.97,2.58,0.18,0,0.31,0.01,0,0.08,1.08,1.9,0.15,0,2.24,1.47,0.87,0.1,0.57,0.98,0.01,1.15,0.06,0.26,0,0,0,0,0.2,0.3,0.01,0,0,0,0,0.21,0.27,1.82,0.02,1.02,0,0,0,0,0.11,2.3,0.04,3.31,0.03,0.44
OTU82_Phil1 sp001940855,0.14,0,0.01,0,0,0,0,0,0,0,0,0,0.01,0.17,0,0,1.14,0,0,0,0,0,0,0,0,0,0,0,0.05,0,0,0,0,0.05,1.19,0,0,0.02,0,0,0,0,0,0,2.04,0,0.19,0.31,0,0,0,0.06,0,0,0,0,0,0,0,0,0,0,0,0,0,0,0,0,0,0,0.05,0,0,0,0,0,0,0,0,0,0,0,0,0,0
OTU83_UMGS946 sp900544965,0.04,0,0,0,0,0,0,0,0,0,0,0,0,0,0,0,0,0,0,0,0,0,0,0,0,0,0,0,0,0,0,0,0,0,0,0,0,0,0,0,0,0,0,0,0,0,0,0,0,0,0,0,0,0,0,0,0,0,0,0,0,0,0,0,0,0,0,0,0,0,0,0,0,0,0,0,0,0,0,0,0,0,0,0,0
OTU84_UBA11524 sp000437595,0.04,0,0,0,0.06,0.02,0,4.88,0,0.05,0,0.01,0,0,0,0.02,0.15,0,0.59,0,0,0,0,0,0,0,0,0,0,0,0,0.16,0,0.02,0.06,0,0,0.19,0,0,0,0,0.01,0,0.72,0.01,0,3.98,0,0,0,0,0,0,1.61,0.01,0,0,0,0,0,0,0.18,0.04,1.58,0,0,0,0,0,0.74,0,0,0,0,0,0,0,0,0,0,0,0,0,0
OTU85_JAAZPT01 sp034180455,0.02,0,0,0,0,0,0,0,0,0,0,0,0,0,0,0,0,0,0,0,0,0,0,0,0,0,0,0,0,0,0,0,0,0,0,0,0,0,0,0,0,0,0,0,0,0,0,0,0,0,0,0,0,0,0,0,0,0,0,0,0,0,0,0,0,0,0,0,0,0,0,0,0,0,0,0,0,0,0,0,0,0,0,0,0
OTU86_S5-A14a sp028725765,0.03,0,0,0,0,0,0,0,0,0,0,0,0,0,0,0,0,0,0,0,0,0,0,0,0,0,0,0,0,0,0,0,0,0,0,0,0,0,0,0,0,0,0,0,0,0,0,0,0,0,0,0,0,0,0,0,0,0,0,0,0,0,0,0,0,0,0,0,0,0,0,0,0,0,0,0,0,0,0,0,0,0,0,0,0
OTU87_S5-A14a sp900553025,0.26,0,0,0,0,0,0.02,0,0,0,0,0,0,0,0,0,0,0,0,0,0,0,0,0,0,0,0,0,0,0,0,0,0,0,0,0,0,0,0,0,0.03,0,0,0,0,0,0,0,0,0,0,0,0,0,0,0.04,0,0,0,0,0,0,0,0,0,0,0,0.1,0,0,0,0,0,0,0,0,0,0,0,0,0,0,0,0,0
OTU88_Lentihominibacter faecis,0.04,0,0.05,0,0.04,0,0.03,0.26,0,0,0.07,0,0,0.09,0.04,0.08,0.02,0.03,0.06,0.02,0.04,0,0.08,0.02,0.08,0,0,0.03,0,0.02,0,0.05,0.05,0.09,0.58,0.04,0.03,0.03,0.29,0.08,0,0.06,0,0,0.05,0.13,0.26,0,0,0.21,0.19,0.03,0.05,0.11,0,0.14,0.18,0.02,0.02,0.11,0.08,0,0.04,0.03,0.09,0,0,0,0,0.05,0.39,0.03,0.02,0.05,0.13,0.06,0.13,0,0.05,0.1,0,0,0.03,0.03,0.18
OTU89_Eubacterium callanderi,0.02,0.03,0,0.39,0,0,0,0,0,0,0,0.1,0,0,0,0,0,0,0,0,0,0.01,0,0,0,0,0,0,0,0,0,0,0,0,0,0,0,0,0,0,0,0.01,0,0,0,0,0,0,0,0,0,0,0,0,0,0,0,0,0,0,0,0,0,0,0,0,0,0.03,0,0,0,0,0,0,0,0,0,0,0.39,0,0,0,0,0,0
OTU90_Dialister invisus,0.51,0.11,0,0,0,3.04,2.16,0.82,0,2.88,1,0,0,0,0,0,0,0.06,0,0,0.01,0,0.03,0,0,0,0.06,0,2.91,1.15,0,0,0,0,0,0.03,2.79,0,3.3,0,0.03,0.01,0.31,1.17,2.47,1.63,3.22,0,0,0.41,0,0.03,1.07,0.32,0.03,0.02,0,0,0,0.57,1.72,0.49,4.49,0.12,0.99,0.1,0.1,0,0,0.03,4.51,1.43,2.29,0.38,1.37,0,0,0,0,1.53,0,0,0.05,0,0
OTU91_Faecalibacillus intestinalis,0.99,0,0.88,0,0.17,0,0.06,0.29,0.04,0.03,0.63,1.97,0.11,0.2,0,0.15,0.13,0,0.56,0.22,2.13,0.03,0,0,0.35,0.07,0.01,0.97,0.03,0,10.7,0.52,0.11,1.23,0,1.19,0.38,0.16,0,2.99,3.51,0.24,0.13,0,0.1,0.32,0.11,0.07,7.72,1,0,0.04,0.26,0.88,0.05,0.08,0,0,0.01,2.39,0.11,2.36,0.11,0.85,0.48,3.04,1.13,2.55,0.08,1.19,0.02,1.76,1.09,0.31,0.24,0.08,0,0.03,0,1.57,0.2,9.89,0.07,1.22,0.31
OTU92_Clostridium_AQ innocuum,0.02,2.9,0,0.26,0,0,0,0,0,0,0.04,0.16,0,0,0,0.03,0,0,0,0,0,0.04,0,0.01,0,0,0,0.04,0,0,0,0,0,0,0,0,0,0.02,0,0,0,0.01,0.67,0.27,0,0,0,0,0,0.03,0.02,0,0,0.01,0,0,0,0,0,0.12,0.03,0.02,0.01,0.24,0,0,0.04,0.39,0.06,0,0,0.09,0.12,0.15,0.01,0,0.01,0.18,0,0.01,0,0.06,0,0,0
OTU93_Bacteroides fragilis,7.41,0,0,0,0,0,0,0,0,0,0,25.9,0.59,3.96,0,0,0,1.18,0,0,0,3.49,0,4.39,0,0,0,0,0,0,21.6,0,0,0,0,0,0,0,0,0,0.98,0,0,0,0,0,0,0,0,0,0,0,0,0,0,0,0,0,0,0,0,2.31,0,0,0,11.03,0,0,2.41,0,0,7.12,0,0,0,3.85,0,0,0,4.13,0,0,0,0,0
OTU94_Bacteroides uniformis,0.73,0,0,0.14,5.79,0.55,2.04,3.01,0,0.45,6.31,0.6,1.24,0,8.11,0.51,0.78,2.71,1.87,0,2.33,2.07,5.23,0,7.9,0.07,0,3.53,0.68,4.93,0.3,0,0.26,0.46,1.23,0.27,4.55,0.23,2.16,0,0.13,1.97,0,0,3.88,3.05,0.1,3.74,1.23,13.75,3.83,2.29,5.42,0.3,2.44,2.03,4.03,0.84,0.08,0,9.46,0,0.71,2.09,2.73,6.13,2.86,0.67,1.62,0.22,1.09,0.64,4.07,0.76,6.4,5.6,5.82,0.54,1.01,1.01,17.94,0.15,0.58,0,0
OTU95_Bacteroides faecis,0.9,0.07,0,0,0,0,0,0,0,1.06,1.48,0,0,0,0,0,0,0.46,1.99,0.54,0,0.25,0,0,0,0,0,0,0,0,0,0,0,0,0,0,0,0,0,0.76,0,0,0,0,0,0,0,0,0,0,0,0,0,0,0.59,0.51,0,0,0,0,0,0,0,6.91,2.84,0,0,0,0,0.67,0.17,0,0,0,0,0.35,0.31,1.88,0.61,0,0,0,0,0,0
OTU96_Bacteroides caccae,0.56,0.03,0.69,0.45,1.74,0,1.76,0.87,10.14,0,0.52,0.22,0.48,0.75,1.45,5.56,0.18,0,0,0.28,3.08,1.2,0.08,1.55,2.03,0,0,4.03,0.9,0,0.15,0,0,1.01,0.2,0.79,1.69,0.87,3.17,0.42,0,0.09,0.04,0,0.71,0.37,0.04,0,1.57,3.79,1.17,0,0,0,0.8,1.95,1.29,0,0,3.26,3.14,0.15,0.93,5.29,0.19,0,0,0,0,0,0.21,0,0,0.28,0.22,6.83,1.58,0.22,10.06,0.72,13.74,0,0,2.05,2.42
OTU97_Prevotella sp015074785,0.03,0,2.99,0,0,0,0,0.06,0,0,0,0,0,0,0,0,7.75,0,0,0,0,0,0,0,0,0,12.54,0,0,0,0,0,0,0,0,0,0,0,0,1.09,0,0,0,0,1.51,0,0,0,0,0,0,0,0,0,0.01,0,0,0,0,0,0,0,0,0,0.02,0,0,0,0,0,0.13,0,0,0,0,0.02,0,0,0,0,0,0.22,7.55,0,0
OTU98_Prevotella copri_B,0.02,1.21,6.78,0.01,0.06,31.18,0.04,0.1,0.03,31.86,0.08,0,8,0.32,0.03,0.02,18.01,0.06,0.02,31.81,0.15,0.01,0.01,0.02,0.04,0,21.84,0,44.06,0.02,0.04,0,15.08,1.2,0.32,0.01,0,25.54,0.03,2.75,0,0,0.02,0,4.1,0.01,3.67,0.02,0,0.06,0,0.02,0,0,0.01,0,0,25.74,17.91,0.01,0,0,8.74,0,0,0.1,0.01,0,0,0,0.37,0.01,0,0,0,0.03,0,0.04,0,0,0.03,0.6,20.64,2.94,1.85
OTU99_Prevotella copri_E,0.02,0,0,0,0,21.74,0,0,0,0,0,0,0,0,0,0,0,0.03,0,0,0,0,0,0,0,6.89,0,0,0,0,0,0,0,0,0,0,0,0,0,0,0,0,0,0,0,0,0,0,0,0,0,0,0,0,0,0,0,0,18.5,0,0,0,0,0,0,0.06,0,0,0,0,0,0,0,0,0,0,0,0,0,0,0,0,0,1.33,0
OTU100_Phocaeicola vulgatus,26.26,18.05,8.31,9.31,13.84,4.89,4.83,0,19.79,3.11,7.28,17.79,0,0.88,5.84,11.83,2.98,10.28,3.79,1.01,7.44,7.64,6.79,9.83,3.82,2.11,2.02,10.88,0.16,20.73,11.27,7.34,1.8,4.24,0.7,27.83,7.77,1.11,1.54,3.22,1.01,1.9,0.37,0.03,5.5,3.11,1.36,3.6,2.6,0,2.7,5.06,5.71,2.72,4.94,5.4,3.18,3.45,0.25,13.01,14.34,9.74,4.9,20.23,5.91,10.75,9.87,12.2,5.41,15.17,0.93,0,0,19.92,3.54,7.97,3.64,28.5,11.5,16.29,2.19,19.2,4.69,15.51,4.46
OTU101_Phocaeicola massiliensis,0.03,10.07,0.3,2.75,0,0,0,0,0,2.28,0.07,0,10.13,0.26,0,0,0.41,0,0,0.29,0,2.29,5.18,0,0,0.48,0.94,0,0,0,0,0,0.37,12.73,1.15,0,0,0,0,0.62,1,1.93,0,0,0,0,0,0,0,0,0,6.3,0,0,0,0,0,5.9,0.1,0,0,0,0,3.03,0.67,0,0,0,0,0,0,0,0,0,0,0,0,0,0,0,0,0,0,0,0
OTU102_Alistipes onderdonkii,0.17,0.02,0.28,0.61,0.41,0,8.8,0,0,0.31,0.23,0.29,0.03,0.08,0.9,0.02,0.49,0.04,0.15,0,0.42,4.43,1.08,0.27,0.75,0.06,0,0.13,0,0,0.02,1.2,0.09,0,0.08,0,0.11,0,9.97,0,0,0.38,0.02,0,1.09,0.82,0.06,0.22,0,0,0.45,0.13,0.81,0.03,0.35,3.38,0.3,0.03,0,0,0,0.02,0.22,0.11,0.78,0,0.11,1.02,4.66,0,0,0,0.08,0,0,0.29,0.12,0.03,0.47,0.03,0,0,0.15,0,1.24
OTU103_Alistipes finegoldii,0.59,0,0.05,0.05,1.65,0.58,1.73,5.66,0.59,0.42,0.46,0,0.07,0,2.89,1.42,0.09,0,0.77,0.34,0.39,0.44,0,0.6,0.96,0.1,0.04,0.5,0,0,0.05,1.62,0.07,0.43,0.4,0,0,0.42,0.57,0.18,0.07,0.46,0.01,0,1.96,0.29,0.13,2.33,0,3.99,0.12,5.51,0.56,0.11,0.39,0.53,0.09,1.18,0,0,0,0.02,0.35,1.06,1.63,0.04,0.43,0.45,0.39,0,0.22,0.07,0.34,0,0,0.18,0.05,0,0,0,0,0,0,1.25,1.47
OTU104_Alistipes putredinis,0.31,0.11,0.33,1.65,4.52,2.7,0,3,3.99,2.54,5.62,0.23,3.94,1.59,2.67,2.54,1.94,1.95,2.99,1.29,0.77,0,7.02,2.79,1.49,0.17,0.16,4.06,1.96,0,0.03,0,0.08,3.1,2.83,0.01,0,1.8,5.45,0.4,0.07,2.91,0.03,0,3.62,0,0.73,2.52,0,0,2.63,6.74,0.03,0.78,3.56,2.68,2.21,3.07,0.05,0,0,0.01,3.04,1.09,2.59,0.05,3.32,0.17,2.09,0.19,0.86,0.05,3.92,0.02,0.46,2.55,1.61,0.05,1.16,0.68,0,0,2.2,0.09,2.3
OTU105_Alistipes shahii,0.14,0,0.18,0,0.96,0.45,0,0,0.36,0,0.64,0,0.57,0.16,0,0.69,0.56,0.37,0.73,0.23,0.32,0.6,0.07,0.99,0.37,0,0,0.3,0.06,0,0,0,0.18,0.38,1.8,0,0.6,0.38,0,0,0,0,0.01,0,0,0,0.3,2.11,0,0,0.5,1.44,0,0.19,0.9,1.38,0.39,0.44,0.03,0,0,0,0.39,0.17,0.35,0,0.65,0.02,0,0.19,0.84,0.04,0.55,0,0.63,0.36,0.34,0,0.13,0,0,0,0.21,0,0
OTU106_Parabacteroides merdae,1.09,0,0.77,0.83,1.95,1.05,0,0,2.21,0,0.5,0,0.47,0.37,0,3.87,0.56,1.19,0,0.59,2.11,0.59,0,0.71,0.35,0.16,0.11,1.42,4.57,1,0,0,0.5,0.37,0.29,2.01,2.82,0.2,0.76,0.15,0,0.35,0.01,0,0,0.16,0.6,0,0,0,0.51,0,0,0.4,0.48,0.19,0.52,0,0.43,0,0,0,0,0.16,0.17,0,0,0,0,0.17,0.47,0,0,0.07,0.37,1.42,0.57,0.26,1.62,0,0,0.56,1.03,0,0
OTU107_Parabacteroides distasonis,0.47,6.83,0.72,2.28,1.96,0.61,4.4,3.05,1.25,0.56,1.33,0.55,0.91,0.35,0,3.26,0.87,0.16,1.73,0.06,0.52,1.47,2.06,1.36,0.64,0.17,0.11,0.85,1.12,0,1.34,1.2,0.21,0.76,0.17,0.23,0.16,0.25,0.16,0.16,0.06,0.27,0.01,0,0,0.23,0.36,0.66,0,0,0.37,1.51,0.16,0.21,0.81,0.63,0.42,0.12,0.11,0,0,0.55,0.5,1.36,0.35,0.76,3.59,1.48,1.3,0.17,0.1,0.48,2.48,0.18,0.52,0.91,0.51,0.86,2.58,0.83,0,0.13,0.5,0.42,0.38
OTU108_Odoribacter splanchnicus,0.05,0.01,0.22,0,0.64,0,0,0,0.87,0.41,0.5,0.1,0.42,0.29,0,0.64,0.47,0,0,0.11,0.68,0.33,0.04,1.36,0.7,0,0,0.65,0,0,0,0,0.1,0.48,0.48,0,0,0.35,0.21,0,0.06,0.39,0,0,0,0,0.41,0.36,0,0,0,0.59,0,0,0.47,0.31,0,0.41,0.04,0,0,0,0.24,0,0,0,0.16,0.14,0.12,0.05,0.25,0.04,0.37,0,0.13,0.65,0.22,0,0,0.13,0,0,0.21,0.08,0.28
OTU109_Butyricimonas virosa,0.02,0,0,0,0,0,0,0,0,0,0.09,0,0.07,0,0,0,0,0,0,0.01,0,0,0,0,0,0,0,0,0,0,0,0,0,0.01,0.03,0,0.18,0,0,0,0,0,0,0,0,0,0,0.06,0,0,0,0.14,0,0.11,0,0,0,0,0,0,0,0,0,0,0,0,0,0,0,0,0,0,0,0,0.09,0,0,0,0,0,0,0,0,0,0
OTU110_Porphyromonas sp900538385,0.04,0,0,0,0,0,0,0,0,0,0,0,0,0,0,0,0,0,0,0,0,0,0,0,0,0,0,0,0,0,0,0,0,0,0,0,0,0,0,0,0,0,0,0,0,0,0,0,0,0,0,0,0,0,0,0,0,0,0,0,0,0,0,0,0,0,0,0,0,0,0,0,0,0,0,0,0,0,0,0,0,0,0,0,0
OTU111_Porphyromonas sp900539765,0.16,0,0,0,0,0,0,0,0,0,0,0,0,0,0,0,0,0,0,0,0,0,0,0,0,0,0,0,0,0,0,0,0,0,0,0,0,0,0,0,0,0,0,0,0,0,0,0,0,0,0,0,0,0,0,0.05,0,0,0,0,0,0,0,0,0,0,0,0,0,0,0,0,0,0,0,0,0,0,0,0,0,0,0,0,0
OTU112_Barnesiella intestinihominis,0.02,0,0.27,0,0,0,0,0,2.35,0.6,0,0,1.11,0.33,0,3.14,0.57,0,0,0.08,0,0,1.89,0,0,0,0.03,0,0,0,0,0,0.03,0.87,1.46,0,0,0,0,0,0,0,0,0,0,0,0,0,0,0,0,0,0,0,1.06,0.94,0,0,0,0,0,0,0,0,0,0,0,0.12,0.37,0.03,0.73,0,0,0,0.17,2.65,0.79,0.01,0,0,0,0,0,0,0
OTU113_Pyramidobacter sp902489135,0.02,0,0,0,0,0,0,0,0,0,0,0,0,0,0,0,0,0,0,0,0,0,0,0,0,0,0,0,0,0,0,0,0,0,0,0,0,0,0,0,0,0,0,0,0,0,0,0,0,0,0,0,0,0,0,0,0,0,0,0,0,0,0,0,0,0,0,0,0,0,0,0,0,0,0,0,0,0,0,0,0,0,0,0,0
OTU114_Bilophila wadsworthia,0.64,0.08,0.2,0.16,0.89,0,0.2,0,0.17,0.18,0.31,0.15,0.01,0,0,0.25,0.17,0,0.1,0.09,0.17,1.22,0.4,0.12,0,0.07,0.03,0.49,0.02,0,0.02,0.66,0.3,0.66,0.19,0,0,0,0.1,0.07,0.05,0.05,0,0,0.38,0.22,0.46,0.19,0,0,0.48,0,0,0.23,0.11,0.23,0.39,0,0,0,0,0.08,0.32,0,0,0.09,1.23,0,0,0.12,0.15,0.46,0.23,0.59,0.21,0.35,0.13,0.3,0.14,0.25,0.22,0,0,0.26,0.17
OTU115_Akkermansia sp004167605,0.42,0,0,0,0,0,0,0,0,0,0.27,0,0,0,0,0,0,0,0,0,0,0,0,0,0,0,0,0,0,0,0,0,0,0,0.03,0,0,0,0,0,0,0,0,0,0,0,0,0,0,0,0,0,0,0,0,0,0,0,0,0,0,0,0,0,0,0,0,0,0,0,0,0,0,0,0,0,0,0,0,0,0,0,0,0,0
OTU116_Thomasclavelia spiroformis_A,0,0.09,0,0,0,0,0,0,0,0,0,0,0,0,0,0,0,0,0,0,0,0,0,0,0,0,0,0,0,0,0,0,0,0,0,0,0,0,0,0,0,0,0.08,0.02,0,0,0,0,0,0,0,0,0,0,0,0,0,0,0,0,0,0,0,0,0,0,0.02,0,0,0,0,0,0,0,0,0,0,0,0,0,0,0,0,0,0
OTU117_Thomasclavelia ramosa,0,1.01,0,0.55,0,0,0,0,0,0,0,5.23,0,0,0,0,0,0,0,0,0,0,0.1,0.11,0,0,0,0,0,0.02,0.03,0,0,0,0,0,0,0,0,0,0,0,0.32,0.17,0,0,0,0,0,0,0.18,0,0,0,0,0,0.22,0,0,0,0,0,0,0,0,7.9,0.04,0.01,0,0,0,0,0,0.13,0,0.35,0.47,1.22,0.02,0,0,0,0,0,0
OTU118_Bulleidia sp015256455,0,0.07,0,0,0,0,0,0,0,0,0,0,0,0,0,0,0,0,0,0,0,0,0,0,0,0,0,0,0,0,0,0,0,0,0,0,0,0,0,0,0,0,0,0,0,0,0,0,0,0,0,0,0,0,0,0,0,0,0,0,0,0,0,0,0,0,0,0,0,0,0,0,0,0,0,0,0,0,0,0,0,0,0,0,0
OTU119_Granulicatella sp001058355,0,0.12,0,0,0,0,0,0,0,0,0,0,0,0,0,0,0,0,0,0,0,0,0,0,0,0,0,0,0,0,0,0,0,0,0,0,0,0,0,0,0,0,0,0,0,0,0,0,0,0,0,0,0,0,0,0,0,0,0,0,0,0,0,0,0,0,0,0,0,0,0,0,0,0,0,0,0,0,0,0,0,0,0,0,0
OTU120_Granulicatella sp902479935,0,0.12,0,0,0,0,0,0,0,0,0,0,0,0,0,0,0,0,0,0,0,0,0,0,0,0,0,0,0,0,0,0,0,0,0,0,0,0,0,0,0,0,0,0,0,0,0,0,0,0,0,0,0,0,0,0,0,0,0,0,0,0,0,0,0,0,0,0,0,0,0,0,0,0,0,0,0,0,0,0,0,0,0,0,0
OTU121_Granulicatella sp015264955,0,0.15,0,0.02,0,0,0,0,0,0,0,0,0,0,0,0,0,0,0,0,0,0,0,0,0,0,0,0,0,0,0,0,0,0,0,0,0,0,0,0,0,0,0,0,0,0,0,0,0,0,0,0,0.02,0,0,0,0,0,0,0,0,0.01,0,0,0,0,0,0,0,0,0,0,0,0.02,0,0,0,0,0,0,0,0,0,0,0
OTU122_Abiotrophia defectiva_A,0,0.01,0,0,0,0,0,0,0,0,0,0,0,0,0,0,0,0,0,0,0,0,0,0,0,0,0,0,0,0,0,0,0,0,0,0,0,0,0,0,0,0,0,0,0,0,0,0,0,0,0,0,0,0,0,0,0,0,0,0,0,0,0,0,0,0,0,0,0,0,0,0,0,0,0,0,0,0,0,0,0,0,0,0,0
OTU123_Abiotrophia sp001815865,0,0.02,0,0,0,0,0,0,0,0,0,0,0,0,0,0,0,0,0,0,0,0,0,0,0,0,0,0,0,0,0,0,0,0,0,0,0,0,0,0,0,0,0,0,0,0,0,0,0,0,0,0,0,0,0,0,0,0,0,0,0,0,0,0,0,0,0,0,0,0,0,0,0,0,0,0,0,0,0,0,0,0,0,0,0
OTU124_Abiotrophia defectiva,0,0.02,0,0,0,0,0,0,0,0,0,0,0,0,0,0,0,0,0,0,0,0,0,0,0,0,0,0,0,0,0,0,0,0,0,0,0,0,0,0,0,0,0,0,0,0,0,0,0,0,0,0,0,0,0,0,0,0,0,0,0,0,0,0,0,0,0,0,0,0,0,0,0,0,0,0,0,0,0,0,0,0,0,0,0
OTU125_Enterococcus_B faecium,0,2.2,0,0.11,0,0,0,0,0,0,0,0,0,0,0,0,0,0,0,0,0,0,0,0,0,0,0,0,0,0,0,0,0,0,0,0,0,0,0,0,0,0,0,0,0,0,0,0,0,0,0,0,0,0,0,0,0,0,0,0,0,0,0,0,0,0,0,0,0,0,0,0,0,0,0,0,0,0,0,0,0,0,0,0,0
OTU126_Gemella sp938038035,0,0.04,0,0,0,0,0,0,0,0,0,0,0,0,0,0,0,0,0,0,0,0,0,0,0,0,0,0,0,0,0,0,0,0,0,0,0,0,0,0,0,0,0,0,0,0,0,0,0,0,0,0,0,0,0,0,0,0,0,0,0,0,0,0,0,0,0,0,0,0,0,0,0,0,0,0,0,0,0,0,0,0,0,0,0
OTU127_Gemella morbillorum,0,0.03,0,0,0,0,0,0,0,0,0,0,0,0,0,0,0,0,0,0,0,0,0,0,0,0,0,0,0,0,0,0,0,0,0,0,0,0,0,0,0,0,0,0,0,0,0,0,0,0,0,0,0,0,0,0,0,0,0,0,0,0,0,0,0,0,0,0,0,0,0,0,0,0,0,0,0,0,0,0,0,0,0,0,0
OTU128_Gemella sanguinis,0,0.08,0,0,0,0,0,0,0,0,0,0,0,0,0,0,0,0,0,0,0,0,0,0,0,0,0,0,0,0,0,0,0,0,0,0,0,0,0,0,0,0,0,0,0,0,0,0,0,0,0,0,0,0,0,0,0,0,0,0,0,0,0,0,0,0,0,0,0,0,0,0,0,0,0,0,0,0.02,0,0,0,0,0,0,0
OTU129_Faecalibacterium prausnitzii,0,3.89,0,6.64,0,0,0,0,0,2.36,0,0,0,0,0,0,1.03,0,1.9,2.63,2.95,0,0,2.53,0,0,0,1.02,0.65,0,0,2.22,2.97,0,0,3.16,0,2.21,0,0,0,0,0,0,5.69,6.5,2.07,0,0,0,4.15,2.66,2.85,0,3.74,0,3.62,1.93,1.4,0,1.65,0,3.3,0,0,0,0,0,0,0,0,0,0,0,0,0,0,0,0,0,0,0,0.95,0,0
OTU130_Faecalibacterium longum,0,3.5,0.32,3.02,0,0.62,0,0,0,2.23,0,0,2.76,0.88,3.42,0.26,0,1.83,1.35,0,0,0,0,4.01,1.09,0,0.48,0,0.11,6.41,0.87,0,1.71,0,0,0,3.4,1.05,0,0,0,0.35,0,0,0,0,0,0.86,0,1.47,0,1.38,3.69,2.35,0.47,0.62,0,0.47,0.21,1.6,1.45,0.16,1.15,0.4,2.11,0.84,0.41,0,0,0,0.62,3.46,0.88,0,0.63,2.74,3.83,0.86,0.39,0,0,0,0.16,0,0
OTU131_Hominimerdicola sp934435205,0,0.09,0,1.02,0,0,0,0.03,0,0,0,0,0,0,0,0,0,0,0,0,0,0,0,0,0,0,0,0,0,0,0,0,0,0,0,0,0,0,0,0,0,0.05,0.01,0.33,0.31,0,0.05,0,0,0,0,0,0,0,0,0,0,0.05,0,0,0,0,0,0,0.04,0,0,0,0,0,0,0,0,0,0,0,0,0,0,0,0,0,0,0,0
OTU132_Hominimerdicola aceti,0,0.57,0.03,5.31,0.44,1.78,0.82,0.26,0.64,0.5,0.02,0,0.32,0,1.6,1.72,0.08,0.21,1.31,0.2,0.74,0,0.05,0.12,0,0.03,0,0,0.04,0.59,0,0.01,0,0.06,0.16,0,0,0.66,0,0.16,0,0.29,0.02,3.48,3.25,8.46,0.5,0,0,0,0,1.16,4.59,0,0.34,2.93,0,0.22,0,0,0,0,0,0,0.25,0.01,0,0,0,0,2.5,0.02,0.77,0,3.94,0.04,0,0,0,0.41,0.59,0,0,0,0
OTU133_Ruminococcus_C callidus,0,0.02,0,1.17,0,0,0,0,0,0.37,0,0,0,0.93,0.76,0,0,0,0,0,0,0,0,0,0,0,0,0,0,0,0,0,0,0.02,0.18,0,0,0,0,0,0,0,0,0,0.75,1.77,0.66,0,0,0,0,0,0,0,0,0,0,0,0.61,0,0,0,0,0,0,0,0,0,0,0,0,0,0,0,1.17,0,0,0,0,0,0,0,0,0,0
OTU134_Pseudoruminococcus massiliensis,0,0.02,0,0,0,0,0,0,0,0.75,0,0,0,0,0,0,0,0,0,0,0.03,0,0,0,0,0,0,0,0,0,0.02,0,0,0,0,0,0,0,0,0,0,0.57,0.01,0.02,0.28,0,0,0,0,0,0,0,0,0,0,0,0,0,0,0,0,0,0,0.02,4.24,0,0,0,0,0,2.88,0,0,0,7,0,0,0,0,0,0,0,0,0,0
OTU135_Intestinibacillus massiliensis,0,0.13,0,0.18,0,0,0,0,0,0,0,0,0,0,0,0,0,0,0,0,0,0,0,0,0,0,0,0,0,0,0,0,0,0,0,0,0,0,0,0,0,0,0,0,0,0,0,0,0,0,0,0,0,0,0,0,0,0,0,0,0,0,0,0,0,0,0,0,0,0,0,0,0,0,0,0,0,0,0,0,0,0,0,0,0
OTU136_Enterocloster bolteae,0,0.18,0,0.65,0,0,0,0,0,0,0,0.52,0,0.01,0,0,0,0,0,0,0.02,0.04,0,0.02,0,0,0,0.1,0,0,0,0,0,0,0,0.28,0,0,0.27,0,0,0.02,0.27,0.42,0.01,0,0,0,0,0,0,0,0,0,0,0.21,0.04,0,0,0.09,0.07,0,0,0,0.02,0,0.1,0.03,0.17,0,0,0.03,0,0,0,0.23,0.14,0.39,1.33,0,0.16,0,0,0.09,0
OTU137_Enterocloster sp005845215,0,0.03,0,0.1,0,0,0,0,0,0,0,0,0,0,0,0,0,0,0,0,0,0,0,0,0,0,0,0,0,0,0,0,0,0,0,0,0,0,0.02,0,0,0,0,0,0,0,0,0,0,0,0,0,0,0,0,0,0,0,0,0.01,0,0,0,0,0,0,0,0,0,0,0,0,0,0,0,0,0,0,0,0,0,0,0,0,0
OTU138_Oribacterium sinus,0,0.01,0,0,0,0,0,0,0,0,0,0,0,0,0,0,0,0,0,0,0,0,0,0,0,0,0,0,0,0,0,0,0,0,0,0,0,0,0,0,0,0,0,0,0,0,0,0,0,0,0,0,0,0,0,0,0,0,0,0,0,0,0,0,0,0,0,0,0,0,0,0,0,0,0,0,0,0,0,0,0,0,0,0,0
OTU139_Faecalicatena contorta,0,0.02,0,0.1,0,0,0,0.04,0,0,0,0,0,0,0,0,0,0,0.02,0,0,0,0,0,0,0,0,0,0,0,0,0,0,0,0.02,0,0,0,0,0,0,0,0,0,0,0,0.02,0,0,0,0,0,0,0,0,0,0,0,0,0,0,0,0,0,0,0,0,0,0,0,0,0,0.05,0,0.01,0.03,0.02,0,0,0,0,0,0,0,0
OTU140_Moryella longum_A,0,0.02,0,0,0,0,0,0,0,0,0,0,0,0,0,0,0,0,0,0,0,0,0,0,0,0,0,0,0,0,0,0,0,0,0,0,0,0,0,0,0,0,0,0,0,0,0,0,0,0,0,0,0,0,0,0,0,0,0,0,0,0,0,0,0,0,0,0,0,0,0,0,0,0,0,0,0,0,0,0,0,0,0,0,0
OTU141_Roseburia intestinalis,0,0.03,0,0.46,0,0.06,0,0,0,0,1.34,0,0.45,0,0,0,0.57,1.69,0.92,0.23,1.51,0.1,0,0,0.13,0.32,0,2.12,0,0.13,0,0,0,0,0.03,0.06,1.04,0.42,0.02,0.48,0,0,0.41,15.23,0.02,0,0,0,0,1.49,0,1.23,2.15,0,0.15,0.02,0,0,0,0,0.04,0,0.07,0,0.34,0,0,0,0,0,0,0,0.2,0,0,0,0,0,0,0,0,0,0,0,0.02
OTU142_Agathobacter sp934365945,0,0.03,0.35,0.04,0,0,1.34,0,1.09,0,0.44,0.28,0.09,0.26,1.35,0.81,0.06,0,0,0,0,0,0,0,0,0,0.09,0,0.16,1.48,0.08,1.13,0,0,0,0,0,0.89,0.06,0,0,0,0,0,0,2.53,0.62,0.15,0.47,0,1.56,0.4,1.92,2.5,0,0,1.74,0,0.4,0.29,0,0.19,0,0.02,0,0,1.14,0.01,0,0.03,0.23,0,0,0,2.81,0,0,0,0,0.31,1.67,0.2,2.14,0,2.31
OTU143_Alitiscatomonas aceti,0,0.07,0,0.04,0.09,0.02,0,0.04,0.03,0,0.03,0.02,0.1,0.07,0.1,0.08,0.07,0.01,0.09,0.04,0,0,0,0,0,0,0,0.05,0.01,0.02,0,0.06,0,0,0.02,0,0.23,0.04,0,0.06,0,0,0,0.81,0.04,0.07,0.11,0.01,0,0,0.12,0.08,0.07,0.01,0.02,0.14,0.12,0.07,0,0,0,0,0.06,0,0.04,0,0,0,0.26,0,0,0,0.05,0,0.1,0,0,0,0.41,0,0.17,0,0,0,0
OTU144_Anaerostipes caccae,0,0.26,0,0.21,0,0,0,0,0,0,0,0,0,0,0,0,0,0,0,0,0,0,0,0,0,0,0,0,0,0,0,0,0,0,0,0,0,0,0,0,0,0,0.27,0.16,0,0,0,0,0,0,0,0,0,0,0,0,0,0,0,0,0,0,0,0,0,0,0.03,0,0,0,0,0,0,0,0,0,0,0,0.02,0,0,0,0,0,0
OTU145_Lachnoanaerobaculum orale,0,0.06,0,0,0,0,0,0,0,0,0,0,0,0,0,0,0,0,0,0,0,0,0,0,0,0,0.01,0,0,0,0,0,0,0,0,0,0,0,0,0,0,0,0,0,0,0,0,0,0,0,0,0,0,0,0,0,0,0,0,0,0,0,0,0,0,0,0,0,0,0,0,0,0,0,0,0,0,0,0,0,0,0,0,0,0
OTU146_Lachnoanaerobaculum sp000287675,0,0.06,0,0,0,0,0,0,0,0,0,0,0,0,0,0,0,0,0,0,0,0,0,0,0,0,0,0,0,0,0,0,0,0,0,0,0,0,0,0,0,0,0,0,0,0,0,0,0,0,0,0,0,0,0,0,0,0,0,0,0,0,0,0,0,0,0,0,0,0,0,0,0,0,0,0,0,0,0,0,0,0,0,0,0
OTU147_Blautia_A hydrogenotrophica,0,0.02,0,0.33,0.06,0,0,0.26,0,0,0.08,0,0,0.1,0,0,0,0,0.06,0,0,0,0,0,0,0,0,0,0,0,0,0.02,0,0,0,0,0,0.03,0,0,0,0,0,0,0,0,0,0,0,0,0.12,0,0,0,0,0.07,0.13,0,0,0,0,0,0,0,0.05,0,0,0,0.05,0,0,0,0.01,0,0,0,0.04,0,0,0,1.03,0,0.02,0,0
OTU148_Sellimonas intestinalis,0,0.46,0,0.79,0,0,0,0,0,0,0,0.21,0,0,0,0,0,0.01,0.02,0,0.03,0,0,0,0,0,0,0,0,0.01,0,0,0,0,0,0,0,0,0,0,0,0,2.19,1.52,0.31,0,0,0,0,0.97,0.13,0,0,0,0,0,0.11,0,0,0.48,0.09,0,0,0,0.02,0,0,0.17,0.03,0,0,0.29,0.09,0,0,0.56,0.45,0.6,0.52,0,0.96,0,0,0,0
OTU149_Wujia hominis,0,0.01,0,0,0,0,0,0,0,0.51,0,0,0,0,0,0,0,0,0,0,0,0,0,0,0.67,0,0,0,0,0,0,0,0.32,0,0.21,0,0,1.92,0,0,0,0,0,0,0,0,0.43,0,0,0,0,0,0,0,0,0,0,0,0,0,0,0,0.42,0,0.23,0,0,0,0,0,0.87,0,0,0,0,0,0,0,0,0,0,0,0,0,0
OTU150_Hominisplanchenecus faecis,0,0.03,0.37,0,0.13,0.28,0.17,0,0,0.66,1.08,0,0.61,0.08,0.24,0,0.08,0,0,0.43,3.71,0,0,0,0.72,0.01,0,1.13,0.02,0,0.03,0,0.1,0,0,0,0,0.66,0,2.26,0,0.26,0.02,0,0.34,0.34,0.75,0.26,0,0.68,0,0.23,2.16,0.62,0.57,0.47,0,0.28,0.06,0.44,1.37,1.66,0.04,0.98,0.32,0.03,0,0,0,0.13,0.05,0.04,0.78,0,0.35,0,0,0,0,1.08,1.65,1.36,0.95,0,0
OTU151_Terrisporobacter sp902363255,0,0.06,0,0,0,0,0,0,0,0,0,0,0,0,0,0,0,0,0,0,0,0,0,0,0,0,0.01,0,0,0,0,0,0,0,0,0,0.01,0,0,0,0,0.01,0,0,0,0,0,0,0,0,0,0,0,0,0.02,0,0,0,0.01,0,0,0,0,0,0,0,0,0,0,0,0,0,0,0,0,0,0,0,0,0,0,0,0,0,0
OTU152_Terrisporobacter sp017888745,0,0.07,0,0,0,0,0,0,0,0,0,0,0,0,0,0,0,0,0,0,0,0,0,0,0,0,0,0,0,0,0,0,0,0,0,0,0,0,0,0,0,0.01,0,0,0,0,0,0,0,0,0,0,0,0,0.03,0,0,0,0,0,0,0,0,0,0,0,0,0,0,0,0,0,0,0,0,0,0,0,0,0,0,0,0,0,0
OTU153_Terrisporobacter sp900557165,0,0.27,0,0,0,0,0,0,0,0,0,0,0,0,0.01,0,0,0,0,0,0,0,0,0,0,0,0.04,0,0,0,0,0,0,0,0.02,0,0.04,0,0,0,0,0.05,0,0,0.01,0,0,0,0,0.02,0,0,0,0,0.02,0,0,0,0.04,0,0,0,0,0,0,0,0,0,0,0,0,0,0,0,0,0,0,0,0,0,0,0,0,0,0
OTU154_Peptostreptococcus sp900759325,0,0.11,0,0,0,0,0,0,0,0,0,0,0,0,0,0,0,0,0,0,0,0,0,0,0,0,0,0,0,0,0,0,0,0,0,0,0,0,0,0,0,0,0,0,0,0,0,0,0,0,0,0,0,0,0,0,0,0,0,0,0,0,0,0,0,0,0,0,0,0,0,0,0,0,0,0,0,0.03,0,0,0,0,0,0,0
OTU155_Peptostreptococcus stomatis,0,0.03,0,0,0,0,0,0,0,0,0,0,0,0,0,0,0,0,0,0,0,0,0,0,0,0,0,0,0,0,0,0,0,0,0,0,0,0,0,0,0.03,0,0,0,0,0,0,0,0,0,0,0,0,0,0,0,0,0,0,0,0,0,0,0,0,0,0,0,0,0.03,0,0,0,0.53,0,0,0,0,0,0,0,0,0,0,0
OTU156_Intestinibacter bartlettii,0,2.18,0.04,0.65,0,0.12,0.15,0.03,0,0,0,0,0,0.06,0.09,0.11,0.02,0.03,0.02,0,0,0,0,0,0,0.03,0.19,0,0.01,0.02,0.08,0.02,0.01,0.02,0.28,0.08,0.12,0,0.08,0,0.16,0.11,0.29,0.18,0,0.03,0.03,0,0,0.68,0.35,0,0.11,0.01,0.1,0.04,0.5,0,0.15,0.12,0.05,0.01,0.02,0.15,0.03,0,0.1,0.01,0,0.11,0,0,0.03,0,0.09,0.03,0.04,0,0.1,0.29,0,0,0,0,0
OTU157_Intestinibacter sp900540355,0,0.55,0,0,0,0,0,0,0,0,0,0,0,0,0,0,0,0,0,0,0,0,0,0,0,0,0.29,0,0,0,0,0,0,0,0.06,0,0.05,0,0,0,0,0.08,0,0,0,0,0,0,0,0,0,0,0,0,0.13,0.03,0,0,0.19,0,0,0,0,0,0,0,0,0,0,0,0,0,0,0,0,0,0,0,0,0,0,0,0,0,0
OTU158_Clostridioides difficile,0,1.05,0,0.13,0,0,0,0,0,0,0,0,0,0,0,0,0,0,0,0,0,0,0,0,0,0,0,0,0,0,0,0,0,0,0,0,0,0,0,0,0,0,0,0,0,0,0,0,0,0,0,0,0,0,0,0,0,0,0,0,0,0,0,0,0,0,0,0,0,0,0,0,0,0,0,0,0,0,0,0,0,0,0,0,0
OTU159_Romboutsia_E sp902362365,0,0.09,0,0,0,0,0,0,0,0.01,0,0,0,0,0,0,0,0,0,0,0.02,0,0,0,0,0,0,0.01,0,0,0,0,0,0,0,0,0,0,0,0,0,0,0,0.01,0,0,0,0,0,0.01,0,0,0,0,0,0,0,0,0,0,0,0,0,0.06,0,0,0,0,0.11,0,0,0,0,0,0,0,0,0,0,0,0,0,0,0,0
OTU160_Mogibacterium diversum,0,0.03,0,0.03,0,0,0,0,0,0,0,0,0,0,0,0,0,0,0,0,0,0,0,0,0,0,0,0,0,0,0,0,0,0,0,0,0,0,0,0,0,0,0,0,0,0,0,0,0,0,0,0,0,0,0,0,0,0,0,0,0,0,0,0,0,0,0,0,0,0,0,0,0,0,0,0,0,0,0,0,0,0,0,0,0
OTU161_CAG-245 sp000435175,0,0.02,0.03,0,0,0,0,0,0,0.57,0,0,0,0,0,0,0.04,0,0,0.07,0,0,0,0,0,0,0,0,0,0,0,0,0,0,0.42,0,0,0.16,0,0,0,0,0,0,0,0,0,0,0,0,0,0,0,0,0.18,0,0,0,0,0,0,0,0,0,0,0,0,0,0,0,0.14,0,0,0,0,0,0,0,0,0,0,0,0,0,0
OTU162_Clostridium cuniculi,0,0.74,0,0,0,0,0,0,0,0,0,0,0,0,0,0,0,0,0,0,0,0,0,0,0,0,0,0,0,0,0,0,0,0,0,0,0,0,0,0,0,0,0,0,0,0,0,0,0,0,0,0,0,0,0,0,0,0,0,0,0,0,0,0,0,0,0,0,0,0,0,0,0,0,0,0,0,0,0,0,0,0,0,0,0
OTU163_Hominilimicola fabiformis,0,0.01,0.03,0.34,0.14,0.04,0,0,1.33,0.32,0.06,0,0.05,0,0.12,0.09,0.22,0.69,0.03,0.25,0.13,0.3,0.81,0.68,0,0,0,0.62,0.75,1.86,0,0.85,0.26,0,0.32,0,0.58,0.17,0.01,0,0,0.44,0,0,0.09,0.04,1.11,0.09,0,0.33,0.53,0.49,0.57,0.82,0.22,0.02,0.58,0.62,0.07,0,0.27,0,0.72,0,0.21,0.01,0.03,0,0,0,0.2,0,1.17,0,0.06,0.24,0.66,0,0,0,0,0,0,0,0.08
OTU164_Veillonella atypica,0,0.3,0,0.58,0,0,0,0,0,0.01,0,0.08,0,0,0,0,0,0,0,0,0,0,0,0,0,0,0,0,0,0,0,0,0,0,0,0,0,0,0,0,0.01,0,0,0,0,0,0,0,0,0,0,0,0,0,0,0,0,0,0,0.2,0,0.41,0.01,0,0,0.05,0.01,0,0,0.08,0,0,0,0,0,0,0,0,0,0,0,0,0,0,0
OTU165_Anaeroglobus micronuciformis,0,0.03,0,0.05,0,0,0,0,0,0,0,0,0,0,0,0,0,0,0,0,0,0,0,0,0,0,0,0,0,0,0,0,0,0,0,0,0,0,0,0,0,0,0,0,0,0,0,0,0,0,0,0,0,0,0,0,0,0,0,0,0,0,0,0,0,0,0,0,0,0,0,0,0,0,0,0,0,0,0,0,0,0,0,0,0
OTU166_Phascolarctobacterium faecium,0,0.04,1.71,0.79,1.98,0,0,0.16,0,0.35,0,0,0.02,0,0,0,3.04,0.62,0.62,0,0,0.34,2.06,0,0.85,0.69,0.12,1.49,0.04,0,0.05,0,0,0,0,0,0,0,0,0,0,0,0,0,0,0,0,0.54,0,0,1.26,0,0,0,0.57,0.89,1.34,0,0,0,0,0,0,0,0,0,0,0.65,1.14,0,0,0,0,0,0,0.92,0.84,0.12,1.2,0,0,0.51,2.58,0,0
OTU167_Pauljensenia sp000278725,0,0.12,0,0,0,0,0,0,0,0,0,0,0,0,0,0,0,0,0,0,0.01,0,0,0,0,0,0.03,0,0,0,0,0,0,0,0,0,0,0,0,0,0.02,0,0,0,0,0,0,0,0,0,0.02,0,0,0,0,0,0,0,0,0.03,0.03,0,0,0.02,0,0,0.05,0,0,0,0,0,0,0,0,0,0,0,0,0,0,0,0,0,0
OTU168_Pauljensenia sp902373545,0,0.58,0,0,0,0,0,0,0,0,0,0,0,0,0.02,0,0,0,0,0,0.02,0,0,0,0,0,0,0,0,0,0,0,0,0,0,0,0,0,0,0,0,0,0,0,0.02,0,0,0,0,0,0.01,0,0,0,0,0,0,0,0,0,0,0,0,0,0,0,0,0.02,0,0,0,0,0,0.03,0,0,0,0.1,0,0,0,0,0,0,0
OTU169_Pauljensenia odontolytica_B,0,0.19,0,0.02,0,0,0,0,0,0,0,0,0,0,0,0,0,0,0,0,0,0,0,0,0,0.02,0,0,0,0,0,0,0,0,0,0,0,0,0,0,0,0,0,0,0,0,0,0,0,0,0,0,0,0,0,0,0,0,0,0,0,0,0,0,0,0,0,0,0,0,0,0,0,0,0,0,0,0,0,0,0,0,0,0,0
OTU170_Actinomyces oris_A,0,0.12,0,0,0,0,0,0,0,0,0,0,0,0,0,0,0,0,0,0,0,0,0,0,0,0,0,0,0,0,0,0,0,0,0,0,0,0,0,0,0,0,0,0,0,0,0,0,0,0,0,0,0,0,0,0,0,0,0,0,0,0.01,0,0,0,0,0,0,0,0,0,0,0,0,0,0,0,0,0,0,0,0,0,0,0
OTU171_Actinomyces naeslundii,0,0.13,0,0,0,0,0,0,0,0,0,0,0,0,0,0,0,0,0,0,0,0,0,0,0,0,0,0,0,0,0,0,0,0,0,0,0,0,0,0,0,0,0,0,0,0,0,0,0,0,0,0,0,0,0,0,0,0,0,0,0,0,0,0,0,0,0,0,0,0,0,0,0,0,0,0,0,0,0,0,0,0,0,0,0
OTU172_Actinomyces graevenitzii,0,0.25,0,0,0,0,0,0,0,0,0,0,0,0,0,0,0,0,0,0,0,0,0,0,0,0,0,0,0,0,0,0,0,0,0,0,0,0,0,0,0,0,0,0,0,0,0,0,0,0,0,0,0,0,0,0,0,0,0,0,0,0,0,0,0,0,0,0,0,0.03,0,0,0,0,0,0,0,0,0,0,0,0,0,0,0
OTU173_Peptidiphaga sp000466165,0,0.02,0,0,0,0,0,0,0,0,0,0,0,0,0,0,0,0,0,0,0,0,0,0,0,0,0,0,0,0,0,0,0,0,0,0,0,0,0,0,0,0,0,0,0,0,0,0,0,0,0,0,0,0,0,0,0,0,0,0,0,0,0,0,0,0,0,0,0,0,0,0,0,0,0,0,0,0,0,0,0,0,0,0,0
OTU174_Rothia sp963555405,0,0.03,0,0,0,0,0,0,0,0,0,0,0,0,0,0,0,0,0,0,0,0,0,0,0,0,0,0,0,0,0,0,0,0,0,0,0,0,0,0,0,0,0,0,0,0,0,0,0,0,0,0,0,0,0,0,0,0,0,0,0,0,0,0,0,0,0,0,0,0,0,0,0,0,0,0,0,0,0,0,0,0,0,0,0
OTU175_Arachnia sp013333945,0,0.02,0,0,0,0,0,0,0,0,0,0,0,0,0,0,0,0,0,0,0,0,0,0,0,0,0,0,0,0,0,0,0,0,0,0,0,0,0,0,0,0,0,0,0,0,0,0,0,0,0,0,0,0,0,0,0,0,0,0,0,0,0,0,0,0,0,0,0,0,0,0,0,0,0,0,0,0,0,0,0,0,0,0,0
OTU176_Arachnia propionica,0,0.03,0,0,0,0,0,0,0,0,0,0,0,0,0,0,0,0,0,0,0,0,0,0,0,0,0,0,0,0,0,0,0,0,0,0,0,0,0,0,0,0,0,0,0,0,0,0,0,0,0,0,0,0,0,0,0,0,0,0,0,0,0,0,0,0,0,0,0,0,0,0,0,0,0,0,0,0,0,0,0,0,0,0,0
OTU177_Lancefieldella sp015259105,0,0.02,0,0,0,0,0,0,0,0,0,0,0,0,0,0,0,0,0,0,0,0,0,0,0,0,0,0,0,0,0,0,0,0,0,0,0,0,0,0,0,0,0,0,0,0,0,0,0,0,0,0,0,0,0,0,0,0,0,0,0,0,0,0,0,0,0,0,0,0,0,0,0,0,0,0,0,0,0,0,0,0,0,0,0
OTU178_Lancefieldella sp015258605,0,0.05,0,0,0,0,0,0,0,0,0,0,0,0,0,0,0,0,0,0,0,0,0,0,0,0,0,0,0,0,0,0,0,0,0,0,0,0,0,0,0,0,0,0,0,0,0,0,0,0,0,0,0,0,0,0,0,0,0,0,0,0,0,0,0,0,0,0,0,0,0,0,0,0,0,0,0,0,0,0,0,0,0,0,0
OTU179_Lancefieldella sp000564995,0,0.02,0,0,0,0,0,0,0,0,0,0,0,0,0,0,0,0,0,0,0,0,0,0,0,0,0,0,0,0,0,0,0,0,0,0,0,0,0,0,0,0,0,0,0,0,0,0,0,0,0,0,0,0,0,0,0,0,0,0,0,0,0,0,0,0,0,0,0,0,0,0,0,0,0,0,0,0,0,0,0,0,0,0,0
OTU180_Lancefieldella sp015258765,0,0.02,0,0,0,0,0,0,0,0,0,0,0,0,0,0,0,0,0,0,0,0,0,0,0,0,0,0,0,0,0,0,0,0,0,0,0,0,0,0,0,0,0,0,0,0,0,0,0,0,0,0,0,0,0,0,0,0,0,0,0,0,0,0,0,0,0,0,0,0,0,0,0,0,0,0,0,0,0,0,0,0,0,0,0
OTU181_Collinsella phocaeensis,0,0.13,0,0.33,0.07,0,0,0,0,0,0,0,0,0,0,0,0,0,0,0,0,0,0,0,0,0,0,0,0,0,0,0,0,0,0,0,0,0,0,0,0,0,0,0,0,0,0,0,0,0,0,0,0,0,0,0,0,0,0,0,0,0,0,0,0,0,0,0,0,0,0,0,0,0,0,0,0,0,0,0,0,0,0,0,0
OTU182_Lautropia mirabilis,0,0.03,0,0,0,0,0,0,0,0,0,0,0,0,0,0,0,0,0,0,0,0,0,0,0,0,0,0,0,0,0,0,0,0,0,0,0,0,0,0,0,0,0,0,0,0,0,0,0,0,0,0,0,0,0,0,0,0,0,0,0,0,0,0,0,0,0,0,0,0,0,0,0,0,0,0,0,0,0,0,0,0,0,0,0
OTU183_Sutterella wadsworthensis_A,0,3.37,0.88,1.21,0,0,0,0,0,0,0,0,1.46,0.47,0,0,0.81,0,0,0.82,0,0,0,0,0,2.12,1.41,0,2.71,0,0,0,0.68,1.18,1.17,0,0,0.64,0,1.39,0.24,0.96,0,0,0,0.83,0.69,0,0,0,0,0,0,0,1.34,1.47,0,0,0.58,0,0,0,0,0,0,0.73,1.95,0,0,1.3,0.13,0,0,1.94,0.58,0.4,0.1,0,0,0,0,0,0,2.92,1.24
OTU184_QFNR01 sp003248485,0,0.06,0,0,0,0,0,0,0,0,0,0,0,0,0,0,0,0,0,0,0,0,0,0,0,0,0,0,0,0,0,0,0,0,0,0,0,0,0,0,0,0,0,0,0,0,0,0,0,0,0,0,0,0,0,0,0,0,0,0,0,0.01,0,0,0,0,0,0,0,0.03,0,0,0,0,0,0,0,0,0,0,0,0,0,0,0
OTU185_Enterobacter bugandensis,0,0.04,0,0.02,0,0,0,0,0,0,0,0,0,0,0,0,0,0,0,0,0,0,0,0,0,0,0,0,0,0,0,0,0,0,0,0,0,0,0,0,0,0,0,0,0,0,0,0,0,0,0,0,0,0,0,0,0,0,0,0,0,0,0,0,0,0,0,0,0,0,0,0,0,0,0,0,0,0,0,0,0,0,0,0,0
OTU186_Enterobacter nematophilus,0,0.01,0,0,0,0,0,0,0,0,0,0,0,0,0,0,0,0,0,0,0,0,0,0,0,0,0,0,0,0,0,0,0,0,0,0,0,0,0,0,0,0,0,0,0,0,0,0,0,0,0,0,0,0,0,0,0,0,0,0,0,0,0,0,0,0,0,0,0,0,0,0,0,0,0,0,0,0,0,0,0,0,0,0,0
OTU187_Escherichia fergusonii,0,0.06,0,0,0,0,0,0,0,0.07,0,0,0,0.11,0,0,0,0,0,0,0,0.02,0,0,0,0.1,0.03,0,0,0,0,0,0,0,0,0.48,0,0,0.03,0,0.41,0,0,0,0,0,0,0,3.3,0.16,0,0,0,0,0,0.07,0,0,0,0.73,0.07,0.82,0.02,2.49,0,1.8,0.01,0,0,1.47,0,0,0,0,0,0,0,0,0,0,0,0,0,0,0
OTU188_Escherichia coli_F,0,0.23,0,0,0,0,0,0,0,0,0,0,0,0.26,0,0,0,0,0,0,0,0,0,0,0,0,0,0,0,0,0,0,0,0,0,0,0,0,0,0,0,0,0,0,0,0,0,0,0,0,0.01,0,0,0,0,0,0.01,0,0,0.26,0,0,0,1.57,0,1.22,0.02,0,0,0,0,0,0,0,0,0,0,0,0,0,0,0,0.07,0,0
OTU189_Haemophilus_D parainfluenzae_AF,0,0.01,0,0.02,0,0,0,0,0,0,0,0,0,0,0,0,0,0,0,0,0,0,0,0,0,0,0.11,0,0,0,0,0,0,0,0,0,0,0,0,0,0,0,0,0,0,0,0,0,0,0,0,0,0,0,0,0,0,0,0,0,0,0,0,0,0,0,0,0,0,0,0,0,0,0,0,0,0,0,0,0,0,0,0,0,0
OTU190_Nanosynbacter sp937921475,0,0.02,0,0,0,0,0,0,0,0,0,0,0,0,0,0,0,0,0,0,0,0,0,0,0,0,0,0,0,0,0,0,0,0,0,0,0,0,0,0,0,0,0,0,0,0,0,0,0,0,0,0,0,0,0,0,0,0,0,0,0,0,0,0,0,0,0,0,0,0,0,0,0,0,0,0,0,0,0,0,0,0,0,0,0
OTU191_Saccharimonas sp963456685,0,0.03,0,0,0,0,0,0,0,0,0,0,0,0,0,0,0,0,0,0,0,0,0,0,0,0,0,0,0,0,0,0,0,0,0,0,0,0,0,0,0,0,0,0,0,0,0,0,0,0,0,0,0,0,0,0,0,0,0,0,0,0,0,0,0,0,0,0,0,0,0,0,0,0,0,0,0,0,0,0,0,0,0,0,0
OTU192_Bacteroides xylanisolvens,0,1.21,0.32,5.79,3.86,0,6.23,1.05,0,0,0,0,0,0,0,0,0,0,0,0,0,0,8.39,0,0,0.11,0,4.37,0,3.79,0,3.21,0,0,0,0.63,6.29,0,2.89,0,0,0,0,0,0,0,0.11,0,0,0,0,3.68,2.9,0,0,0,0,0,0.15,1.45,8.02,0,0,0,0,0,0,1.01,5.21,0,0,0,0,0,0,0,0,0,0,0,0,0,0.48,0,0
OTU193_Bacteroides stercoris_A,0,0.54,0,0,0,0,0,0,0,0,0,0,0,0,0,0,0,0,3.26,0,0,0,0,0,0,0,0,0,0,0,0,0,0,0,0,0,0,0,0,0,0,3.44,0,0,0,0,0,0,0,0,1.41,0,0,0.57,0,0,1.49,0,0,0,0,0,0,0,0,0,0,0,0,0,0,0,3.33,0,2.14,0,0,0,0,0,0,0,0,0,0
OTU194_Bacteroides stercoris,0,2.54,0.54,8.37,0,0,0,0,6.5,0.34,4.72,0,0,0,0,4.23,0.54,0,11.16,0,2.19,9.1,0,0,5.3,0,0.26,3.42,1.41,0,0,2.8,0,0,0,0,0,0.23,0,0,0,11.87,0,0,0,2.84,0,0,0.95,0,7.36,0,0,1.43,3.26,1.89,8.06,0.74,0,0,0,0,0,0,1.11,0,2.55,0,0,0.3,0.38,2.16,9.58,1.05,11.47,0,0,3.19,6.97,1.05,0,0,0,1.24,1.29
OTU195_Bacteroides nordii,0,0.65,0,2.94,0,0.06,0,0,0,0,0,0.26,0,0,0,0,0,0,0.45,0,0,0.02,0.24,0,0,0,0,0,0,0,0,0,0,0,0,0,0,0,0,0,0,0.03,0,0,0,0,0,0.05,0,0,0.06,0.41,0,0,0,0,0.05,0.08,0,0,0,0,0,0,0,0,0,0,0,0,0,0,0,0,0,0,0,0,0,0,0,0,0,0.06,0.2
OTU196_Paraprevotella clara,0,0.05,0,1.44,0,0,0,0,0,0,0,0,0.29,0.06,0,0,0,0,0,0,0,0,0,0,0,0,0.04,0,0,0,0,0,0.13,0,0,0,0,0,0,0,0,0,0,0,0,0,0.04,0,0,0,0,0,0,0,0,0,0,1.04,0.06,0,0,0,0,0,0,0,0,0,0,0,0.03,0,0,0,0,0,0,0,0,0,0,0,0,0,0
OTU197_Paraprevotella xylaniphila,0,0.01,0,0.11,0,0,0,0,0,0.22,0,0,0.03,0,0,0,0,0,0,0,0,0,0,0,0,0,0,0,0,0,0,0,0,0,0,0,0,0,0,0,0,0,0,0,0,0,0,0,0,0,0,0,0,0,0,0,0,0.03,0,0,0,0,0,0,0,0,0,0,0,0,0,0,0,0,0,0,0,0,0,0,0,0,0,0,0
OTU198_Prevotella copri_G,0,0.51,0,0,0,0,0,0,0,13.62,0.02,0,2.2,0.29,0.01,0,0,0,0,0,0.08,0,0,0,0,0,0,0,15.09,0,0.08,0,0,0,0,0,0,0,0,0,0,0,0.03,0,0,0,0,0,0,0,0,0,0,0,0,0,0,12.19,0,0,0,0,6.59,0,0,0.04,0,0,0,0,0.22,0,0,0,0,0,0,0.05,0,0,0,0.14,11.49,0,0
OTU199_Cryptobacteroides sp000433355,0,0.01,0,0,0,0,0,0,0,0,0,0,0,5.72,0,0,0,0,0,0,0,0,0,0,0,0,0,0,0,0,0,0,0,0,0,0,0,0,0,0,0,0,0,0,0,0,0,0,0,0,0,0,0,0,0,0,0,0,0,0,0,0,0,0,0,0,0,0,0,0,0,0,0,0,0,0,0,0,0,0,0,0,0,0,0
OTU200_Leptotrichia shahii,0,0.01,0,0,0,0,0,0,0,0,0,0,0,0,0,0,0,0,0,0,0,0,0,0,0,0,0,0,0,0,0,0,0,0,0,0,0,0,0,0,0,0,0,0,0,0,0,0,0,0,0,0,0,0,0,0,0,0,0,0,0,0,0,0,0,0,0,0,0,0,0,0,0,0,0,0,0,0,0,0,0,0,0,0,0
OTU201_Leptotrichia wadei,0,0.04,0,0,0,0,0,0,0,0,0,0,0,0,0,0,0,0,0,0,0,0,0,0,0,0,0,0,0,0,0,0,0,0,0,0,0,0,0,0,0,0,0,0,0,0,0,0,0,0,0,0,0,0,0,0,0,0,0,0,0,0,0,0,0,0,0,0,0,0,0,0,0,0,0,0,0,0,0,0,0,0,0,0,0
OTU202_Leptotrichia wadei_A,0,0.02,0,0,0,0,0,0,0,0,0,0,0,0,0,0,0,0,0,0,0,0,0,0,0,0,0,0,0,0,0,0,0,0,0,0,0,0,0,0,0,0,0,0,0,0,0,0,0,0,0,0,0,0,0,0,0,0,0,0,0,0,0,0,0,0,0,0,0,0,0,0,0,0,0,0,0,0,0,0,0,0,0,0,0
OTU203_Fusobacterium polymorphum,0,0.02,0,0,0,0,0,0,0,0,0,0,0,0,0,0,0,0,0,0,0,0,0,0,0,0,0,0,0,0,0,0,0,0,0,0.03,0,0,0,0,0,0,0,0,0,0,0,0,0,0,0,0,0,0,0,0,0,0,0,0,0,0,0,0,0,0,0,0,0,0,0,0,0,0,0,0,0,0,0,0,0,0,0,0,0
OTU204_Fusobacterium pseudoperiodonticum,0,0.1,0,0,0,0,0,0,0,0,0,0,0,0,0,0,0,0,0,0,0,0,0,0,0,0,0,0,0,0,0,0,0,0,0,0,0,0,0,0,0,0,0,0,0,0,0,0,0,0,0,0,0,0,0,0,0,0,0,0,0,0,0,0,0,0,0,0,0,0,0,0,0,0,0,0,0,0,0,0,0,0,0,0,0
OTU205_Bifidobacterium sp959028125,0,0,2.52,0,0,0.02,0.91,0,0,0,0,1.23,0,0,0,0,0.7,5.14,0.97,0,0,0,0,0,0,0,0,0,0,0,0.27,0,0,0,0,0,0,0,2.18,0,0,0,0,0,0,3.36,0,0.34,0,0,0,0,0,0,0,0,0,0,0,0,0,0,0,0.02,0,0,4.33,0,0,0,0,3.74,2.52,0.24,1.1,0,0,0,0,0.43,0,0,0,0,0
OTU206_Bifidobacterium bifidum,0,0,2.82,0,0,0,0,0,0,0,0,0,0,2.65,0,0,0.93,0,0,0,0,1.78,0.11,0,0,5.76,2.83,0,0.71,0,0.02,0,0.68,0.67,0.54,0,0,0,0,0.04,7.11,2.08,6.06,2.45,0,1.08,0.64,0,0,0,0,0,0.02,0,0.28,0,0,0,1.37,0,0,17.35,3.4,0,0,0.57,5.33,0,0,0,0,0,0,0,0,1.14,2.04,0,0,0,0,0,0,0.08,1.9
OTU207_Gordonibacter urolithinfaciens,0,0,0.02,0,0,0,0,0.02,0,0,0,0,0,0,0.07,0,0.01,0.01,0.05,0,0,0,0,0,0,0,0,0.03,0,0,0,0.01,0,0,0,0,0.05,0,0.17,0,0,0.02,0,0,0,0,0,0,0,0,0.13,0,0.14,0.01,0.09,0.1,0.11,0,0,0,0,0,0.03,0,0,0,0.01,0,0,0,0,0,0,0,0,0,0,0,0.01,0,0,0,0.06,0,0
OTU208_Anaerotardibacter sp900538545,0,0,0.02,0,0,0,0,0,0,0,0,0,0,0,0,0,0,0,0,0.06,0,0.06,0,0,0,0,0,0.02,0,0,0,0,0,0,0,0,0,0,0,0,0,0.02,0,0,0.01,0,0,0,0,0,0,0,0,0,0,0,0,0,0,0,0,0,0,0,0.02,0,0,0,0,0,0,0,0,0,0,0,0.01,0,0,0,0,0,0,0,0
OTU209_Slackia piriformis,0,0,0.36,0,0.11,0,0,0,0,0,0,0,0,0.12,0,0,0.03,0,0,0.02,0,0,0,0,0,0,0,0,0,0,0,0,0,0,0,0,0,0,0,0.1,0,0,0,0,0,0,0,0,0,0,0,0,0,0,0.11,0.1,0,0,0,0,0,0,0,0,0,0,0,0,0,0.35,0.09,0,0,0,0,0,0,0,0,0,0,0,0,0.03,0.01
OTU210_Slackia sp900553655,0,0,0.03,0,0,0,0,0,0,0,0,0,0,0,0,0,0,0,0,0.03,0,0,0,0,0,0,0,0,0,0,0,0,0.1,0,0,0,0,0.14,0,0.14,0,0,0,0,0,0,0.06,0,0,0,0,0,0,0,0,0,0,0,0.03,0,0,0,0,0,0,0,0,0,0,0,0,0,0,0,0,0,0,0,0,0,0,0,0,0,0
OTU211_Collinsella sp902491565,0,0,0.41,0,0,0,0,0,0,0,0,0,0,0,0,0,0.37,0,0,0,0,0,0,0,0,0,0,0,0,0,0,0,0,0,0,0,0,0,0,0,0,0,0,0,0,0,0,0,0,0,0,0,0,0,0,0,0,0,0,0,0,0,0,0,0,0,0,0,0,0,0,0,0,0,0,0,0,0,0,0,0,0,0,0,0
OTU212_Collinsella aerofaciens_P,0,0,0.43,0,0,0,0,0,0,0,0,0,0,0,0,0,0.36,0,0,0,0,0,0,0,0,0,0,0,0,0,0,0,0,0,0,0,0,0,0,0,0,0,0,0,0,0,0,0,0,0,0,0,0,0,0,0,0,0,0,0,0,0,0,0,0,0,0,0,0,0,0,0,0,0,0,0,0,0,0,0,0,0,0,0,0
OTU213_Collinsella sp019041915,0,0,0.38,0,0,0,0,0,0,0,0,0,0,0,0,0,0.31,0,0,0,0,0,0,0,0,0,0,0,0,0,0,0,0,0,0,0,0,0,0,0,0,0,0,0,0,0,0,0,0,0,0,0,0,0,0,0,0,0,0,0,0,0,0,0,0,0,0,0,0,0,0,0,0,0,0,0,0,0,0,0,0,0,0,0,0
OTU214_Collinsella sp018377855,0,0,0.56,0,0,0,0,0,0,0,0,0,0,0,0,0,0,0,0,0,0,0,0,0,0,0,0,0,0,0,0,0,0,0,0,0,0,0,0,0,0,0,0,0,0,0,0,0,0,0,0,0,0,0,0,0,0,0,0,0,0,0,0,0,0,0,0,0,0,0,0,0,0,0,0,0,0,0,0,0,0,0,0,0,0
OTU215_Akkermansia muciniphila,0,0,1.16,0,0,0,0,1.78,0,0,0.04,0,0,0,0,0,0.65,0,0.02,0,0,20.39,0,0,0,0,0,0,0,0,0,0,0,0,0,0,0,0,0,0,0.01,0,0,0,0,0,0.01,1.95,0,0,6.7,0.2,0,0,0,0,5.97,0,0.02,0,0,0,0,0,0,0,0,0,0,0.1,2.39,0,0.49,0.02,0.88,4.92,0.42,0.05,0,0,0,0,0,0,0
OTU216_Faecalibacterium sp900539945,0,0,0.33,0,0.23,1.07,0,0,0.37,0.14,0,0,1.01,0.12,0.13,0.4,0.19,0.52,2.49,0.2,0,0.46,0,0,1.2,0,0.43,0.17,0.22,0,0,1.01,0.96,0.13,0.56,0,1.38,0.42,0,0,0.15,1.07,0,0,0.27,0.21,0.07,0.08,0,0.06,0,0.59,1.01,0.1,0.7,0.25,0,0.37,0.17,0,0,0.14,0.43,0,0,0,0,0,0,0,0.39,0.77,0.92,0,0.64,0,0,0,0,0.1,0.08,0,0.19,0,0
OTU217_Ruminiclostridium_E siraeum,0,0,0.08,0.02,0.03,0.13,0.22,0.12,0,0,0,0,0.31,0.51,1.78,0.07,3.33,0,0.02,0.26,0.05,0,0,0,0,0,0,0,0,0.06,0,0.06,0.01,0,1.94,0,0,0.05,0,0,0,0,0.04,0,0.07,0,0.14,18.94,0,0,0.83,0.05,0,0,0.13,0.99,0.76,0,0,0,0,0,0.02,0,2.4,0,0,0,0,0,0.05,0,0,0,0,0.15,0.7,0.03,0,0,0,0,0,0,0
OTU218_Gemmiger formicilis,0,0,1.02,0.02,0.6,0.94,1.75,1.72,0.41,0.27,0.18,0,0.39,0.1,1.35,0.47,0.67,1.72,1.7,0.33,0.27,0.83,0.16,1.4,0.67,0.08,0.85,0.38,0.46,0,1.09,2.08,0.52,0.33,0.13,0.53,0.99,2.79,1.48,0.46,0.85,4.24,0.06,0,1.21,1.62,2.24,0,0,0.57,0,1.22,0.34,0.67,0.57,1.24,0,0.91,2.11,3.18,2.25,3.76,2.15,0.97,1.44,7.83,1.01,1.44,0.06,1.64,1.04,4.98,0.45,0.04,1.88,0,0,0.17,0,0.72,1.29,2.25,0.81,0.09,0.98
OTU219_Gemmiger sp900539695,0,0,0.3,0,0,0.05,0,0.08,0.07,0,0,0,0.09,0.07,0,0.09,0.03,0,0,0,0,0,0,0.1,0.04,0,0,0,0,0,0,0.12,0,0.06,0.08,0.05,0.04,0.22,0,0,0,0,0,0,0.08,0.02,0.59,0,0,0,0,0,0.06,0.03,0.09,0,0,0,0,0,0,0.14,0.13,0,0,0,0,0,0,0,0,0,0,0,0,0,0,0,0,0.04,0,0,0,0.21,0.39
OTU220_Gemmiger sp900540775,0,0,0.14,0,0.29,0,0.09,0,0,0,0,0,0,0,0,0,0.12,0,0,0,0,0,0,0,1.07,0.09,0,0,0,0,0,0,0.07,0.1,0.06,0,0.15,0,0,0,0,0,0,0,0,0,0.15,0,0,0,1.03,0.05,0,0,0,0,0.87,0.38,0.12,0,0,0,0.14,0,0,0,0,0,0,0,0,0,0,0,0,0,0,0,0,0,0,0,0,0,0
OTU221_CAG-103 sp900543625,0,0,0.1,0,0,0,0,0.24,0,0,0,0,0,0.36,0.32,0,0.12,0,0.11,0,0,0,0,0,0,0,0.03,0,0,0,0,0,0.25,0,0,0,0,0.34,0,0,0,0.2,0,0,0,0,0.38,0,0,0,0,0,0.36,0,0,0,0,0,0.08,0,0,0,0,0,0,0,0,0,0,0.04,0.39,0,0,0,0,0,0,0,0,0,0,0,0,0,0
OTU222_CAG-103 sp905215475,0,0,0.05,0,0,0,0,0,0,0,0,0,0,0.11,0.19,0,0.05,0,0.02,0,0,0,0,0,0,0,0.01,0,0,0,0,0,0.07,0,0,0,0,0,0,0,0,0.09,0,0,0,0,0.12,0,0,0,0,0,0.19,0,0,0,0,0,0,0,0,0,0,0,0,0,0,0,0,0.01,0.14,0,0,0,0,0,0,0,0,0,0,0,0,0,0
OTU223_Vescimonas sp900552475,0,0,0.02,0,0.11,0.08,0,0.02,0.03,0.09,0.06,0,0,0,0,0,0,0,0,0,0.05,0,0.03,0.06,0.06,0,0.01,0.02,0,0,0,0.06,0,0.45,0.88,0,0.12,0,0,0,0,0.05,0,0,0,0.08,0,0,0,0,0,0,0,0,0.11,0,0,0.04,0,0,0,0,0,0.05,0.04,0,0,0,0,0,0,0.03,0.15,0,0.01,0.08,0.27,0,0,0,0,0,0,0,0
OTU224_Vescimonas sp000435975,0,0,0.07,0,0.3,0,0,0,0,0,0,0,0,2.5,0,0,0,0,0,0.28,0,0,0,0,0.49,0.1,0,0.08,0,0,0,0,0,0.86,2.79,0,0,0.8,0,0.44,0,0,0,0,0,0,0.56,0.44,0,0,0,0,0.45,0,0,0,0,0.1,0.04,0,0,0.02,0.84,0.08,0.02,0,0,0,0,0,0.37,0,0,0,0,0.73,0.68,0,0,0,0,0,0.1,0,0
OTU225_Vescimonas sp000435555,0,0,0.03,0,0,0,0,0,0,0,0,0,0.54,0,0,0,1,0,0,0.08,0,0.05,0,0.04,0,0,0,0,0.05,0,0,0,0.07,0.16,0.66,0,0,0,0,0,0,0,0,0,2.35,0,1.63,2.6,0,0,0,1.58,0,0,0,0,0,0,0,0,0,0,0,0,0,0,0,0,0,0.02,2.05,0,0,0,0,0,0,0,0,0,0,0,0,0,0
OTU226_Vescimonas cirricatena,0,0,0.04,0,0.12,0,4.17,0,0,0,0,0,0,0.31,0,0,0,0,0,0.12,0,0,0,0,0.23,0.06,0,0.03,0,0,0,0,0,0.34,1.1,0,0,0.29,0,0.08,0,0.25,0,0,0,0,0,0,0,0,0,0,0.23,0,0.63,0,0,0.07,0,0,0,0,0.28,0.02,0.02,0,0,0,0,0,0,0,0,0,0,0.3,0.2,0,0,0,0,0,0,0,0
OTU227_Oscillibacter welbionis,0,0,0.03,0.06,0.53,0.12,0.1,0.05,0.03,0.07,0.35,0.01,0.07,0.05,0.37,0.12,0.17,0.1,0.21,0.03,0,0.6,0.12,0.04,0.05,0.03,0,0.29,0.05,0.49,0,0.34,0.07,0,0.26,0,0.09,0.09,0.5,0,0,0.12,0,0,0.22,0.12,0.13,0.07,0,0.79,0.47,0.15,0.06,0.03,0.08,0.14,0.37,0,0,0.03,0.23,0,0.17,0,0.17,0,0.26,0,0.29,0,0,0,0,0,0.16,0.15,0.28,0,1.3,0.03,0.4,0,0.13,0.01,0.18
OTU228_Hominicoprocola sp934835795,0,0,0.12,0,0.71,0.76,0,0.37,0.67,0.46,0,0,0.87,0.38,0.26,0.99,0.56,0,0,0.38,0.6,0,0,0.81,0.83,0.1,0.07,0.35,0.37,0,0,0,0.39,0.96,1.72,0,1.02,0.55,0,0.13,0,0,0,0,1.06,0,1.03,0,0,0.54,0,1.63,0.62,0.4,0.77,0,0,0.95,0.19,0,0,0,1.7,0,0,0,0,0,0,0.14,1.02,0.15,0.84,0,0,0,0,0,0,0.1,0.03,0,0.57,0,0
OTU229_Hominicoprocola fusiformis,0,0,0.09,0,0.35,0.2,0,0.13,0.4,0.2,0,0,0.69,0.21,0,0.74,0.24,0,0,0.21,0.29,0,0,0.19,0.44,0.04,0.01,0.16,0.16,0,0,0,0.33,0.59,0.94,0,0.58,0.46,0,0.09,0,0,0,0,0.25,0,0.57,0,0,0.43,0,0.85,0.39,0.21,0.18,0,0,0.48,0.1,0,0,0,1.14,0,0,0,0,0,0,0.12,0.6,0.08,0.62,0,0,0,0,0,0,0.09,0,0,0.4,0,0
OTU230_Lawsonibacter asaccharolyticus,0,0,0.01,0,0.04,0,0,0.04,0.01,0.02,0.05,0,0,0.02,0.03,0.02,0.02,0,0.16,0.05,0,0.35,0.03,0,0.01,0,0,0,0,0,0,0.05,0,0,0.06,0,0,0,0.02,0,0,0,0,0,0.09,0.01,0.02,0.03,0,0.03,0.22,0.04,0,0,0.04,0.1,0.19,0,0.02,0,0,0,0.04,0,0.06,0,0.02,0,0,0,0,0,0.03,0,0.01,0.08,0.16,0,0,0,0.04,0,0,0,0
OTU231_Lawsonibacter aceti,0,0,0.01,0,0.07,0.03,0,0,0.02,0.01,0.05,0,0.04,0.02,0.08,0.05,0.04,0,0.07,0,0,0,0.04,0.03,0.04,0,0,0.02,0,0.08,0,0.08,0.02,0,0,0,0,0,0,0,0,0.02,0,0,0.07,0,0.02,0.09,0,0.05,0.12,0.14,0.02,0,0.04,0.08,0.11,0.02,0,0,0,0,0.03,0,0.05,0,0,0,0,0,0.03,0,0.01,0,0.01,0.05,0.05,0,0.04,0,0,0,0,0,0
OTU232_UMGS1766 sp900554855,0,0,0.03,0,0,0,0,0,0,0,0,0,0,0,0,0,0,0,0,0,0,0,0,0,0,0,0,0,0,0,0,0,0,0,0,0,0,0,0,0,0,0,0,0,0,0,0,0,0,0,0,0,0,0,0,0,0,0,0,0,0,0,0,0,0,0,0,0,0,0,0,0,0,0,0,0,0,0,0,0,0,0,0,0,0
OTU233_Pseudoflavonifractor_A gallinarum,0,0,0.01,0,0,0,0,0,0,0,0.02,0,0,0,0,0.01,0,0,0,0,0.03,0,0,0,0,0,0,0,0,0.01,0,0,0,0,0,0,0,0,0,0,0,0.01,0,0,0,0,0,0,0,0,0,0,0,0,0,0,0,0,0,0,0,0,0,0,0,0,0.01,0,0,0,0,0,0,0,0,0,0,0,0,0.01,0,0,0,0,0.02
OTU234_Agathobaculum butyriciproducens,0,0,0.37,0,0,0.08,0.08,0,0.08,0.12,0.19,0.05,0.02,0.15,0.14,0.27,0.11,0.33,0.59,0.08,0.24,0.12,0.13,0.06,0.14,0.09,0.02,0.14,0.03,0.79,0.08,0.28,0,0.16,0.25,0.08,0.59,0.13,0,0.06,0,0.31,0,0.32,0.01,0.05,0.1,0.06,0,0.08,0.12,0.12,0.29,0.07,0.11,0.06,0.1,0.07,0.08,0.23,0.58,0.07,0.23,0.23,0.1,0,0,0,0.01,0.32,0.17,0.22,0.25,0,0.1,0.22,0.6,0,0,0.03,0.02,0.1,0.23,0.05,0.08
OTU235_Fimenecus sp000432435,0,0,0.02,0.02,0,0,2.72,0,0,0,0,0,0.05,3.33,1.27,0,0,0,0,0,0.12,0,0,0,0,0,0,0,0,0,0,0.05,0,0,0,0,0,0,0,0,0,0,0,0,0,0.11,0,0,0,0,0.17,0,0,0,0,2.84,0.16,0.54,1.16,0,0,0,1,0,0,0,0,0,0,0,3.97,0,0,0,0,0,0,0,0,0,0,0,1.33,0,0
OTU236_Anthropogastromicrobium sp958446555,0,0,0.03,0,0,0,0,0,0,0,0,0,0,0,0,0,0,0,0,0,0,0,0,0,0,0,0,0,0,0,0,0,0,0,0,0,0,0,0,0,0,0,0,0,0,0,0,0,0,0,0,0,0,0,0,0,0,0,0,0,0,0,0,0,0,0,0,0,0,0,0,0,0,0,0,0,0,0,0,0,0,0,0,0,0
OTU237_Agathobacter faecis,0,0,0.85,0.06,0.72,0.99,0,0.01,0,0,0,0,0.09,0.72,2.6,0,0.11,4.16,0,0.16,0,1.86,0.31,0,4.71,0.92,0.06,3.24,0,0,0,1.19,0.95,0.04,0,0.51,2.05,0.6,0.19,0.27,0.35,0.29,0.21,0.11,0.17,0,0.53,0.19,0,0,0.41,0,0.4,0,1.06,2.1,0.49,0,0.69,0.02,0.36,0.6,1.09,0,3.84,0,2.21,0,0.05,0,0.67,0,4.03,0,0.15,0,0,0,0,0.89,0,0,0,0,0
OTU238_Pilosibacter sp902496665,0,0,0.04,0,0.02,0.01,0,0,0.06,0.02,0.05,0,0.04,0.03,0.02,0.02,0,0.07,0,0.03,0,0,0,0.06,0,0.07,0,0.03,0.02,0,0,0.1,0.02,0,0.03,0,0.11,0.02,0,0.06,0,0.1,0,0,0,0,0,0.01,0,0.01,0,0.05,0.04,0,0,0.02,0,0,0,0,0,0.12,0.02,0.05,0,0,0,0.14,0,0.3,0.02,0.06,0.03,0.04,0.03,0,0.1,0,0,0,0,0,0.04,0.05,0
OTU239_Pilosibacter sp900066055,0,0,0.06,0,0.04,0.02,0,0,0,0,0.09,0,0.03,0.03,0.02,0,0.01,0.09,0.02,0.03,0,0,0,0.11,0.12,0,0.01,0.02,0.03,0,0,0.07,0,0,0,0.11,0.1,0,0,0,0,0.03,0,0,0,0.06,0.03,0,0,0,0,0.08,0.04,0.02,0.04,0,0,0.09,0.02,0,0,0.2,0.03,0,0,0,0,0.06,0,0.51,0.03,0,0.02,0.04,0,0.08,0.08,0,0,0,0,0.02,0.06,0.02,0
OTU240_Pilosibacter sp900066785,0,0,0.21,0,0.02,0.03,0.12,0,0.22,0.1,0,0,0.1,0,0.02,0.1,0,0,0,0.05,0.48,0.01,0,0,0.08,0,0.04,0.07,0.02,0.55,0,0.06,0.12,0,0.12,0.1,0.1,0.1,0,0,0.01,0.07,0,0,0,0.04,0.05,0,0,0,0,0.11,0,0.08,0.09,0.01,0,0.12,0,0.17,0.38,0,0,1.27,0.18,0.73,0.06,0,0,0,0,0.26,0.18,0,0.02,0,0,0,0,0,0,0.02,0.09,0,0.02
OTU241_Pilosibacter fragilis,0,0,0.09,0,0.07,0.02,0,0,0.05,0.02,0.14,0,0.05,0.06,0.04,0.04,0.01,0.11,0,0.06,0.12,0.03,0.01,0.15,0.19,0.06,0.01,0.05,0.04,0.14,0,0.13,0.01,0,0,0.23,0.24,0.01,0,0.04,0,0.1,0,0,0,0.04,0.03,0,0,0.03,0,0.03,0.05,0.02,0.08,0.04,0,0.07,0.02,0,0.08,0.34,0.06,0,0,0,0,0.24,0,0.66,0.05,0.07,0.14,0.08,0.07,0.22,0.25,0,0,0,0.03,0,0.05,0.04,0.02
OTU242_Eubacterium_I ramulus_A,0,0,0.03,0,0,0,0,0,0,0,0,0,0,0,0,0,0,0,0,0,0,0.04,0.44,0,0,0,0,0,0,0,0,0,0.08,0,0,0,0,0,0,0,0,0,0,0,0,0,0,0,0,0,0,0,0,0,0,0,0,0,0,0,0,0,0,0,0,0,0,0,0,0,0,0,0,0,0.01,0,0,0,0,0,0,0,0,0.11,0.07
OTU243_Eubacterium_I sp900546495,0,0,0.03,0,0,0,0,0,0.01,0,0,0,0,0,0,0.02,0,0,0,0,0,0,0,0,0,0,0,0,0,0,0,0,0.08,0,0,0,0,0,0,0,0,0,0,0,0,0,0,0,0,0,0,0,0,0,0,0,0,0,0,0,0,0,0,0,0,0,0,0,0,0,0,0,0,0,0,0,0,0,0,0,0,0,0,0,0
OTU244_Schaedlerella hominis,0,0,0.01,0,0,0,0,0,0,0,0,0,0,0.02,0,0,0,0,0,0,0,0,0,0,0,0.02,0,0,0,0,0,0,0,0,0,0,0,0,0,0,0,0,0,0,0,0,0.01,0,0,0,0,0,0,0,0,0,0,0,0,0,0,0,0,0,0,0,0,0,0,0.07,0,0,0,0,0,0,0,0,0,0,0,0,0,0,0
OTU245_Eubacterium_G ventriosum,0,0,0.02,0,0.19,0.28,0.03,0,0.04,0,0,0,0,0.12,0.09,0.17,0.08,0.88,0,0.31,0.07,0.11,0.04,0,0.12,0,0,0,0.09,0.14,0,0,0.14,0,0.12,0,0.17,0.5,0,0.1,0,0.01,0,0,0,0.02,0,0.1,0,0.49,0,0.08,0.05,0,0,0,0,0.08,0,0,0.59,0,0.01,0,0,0,0,0,0,0,0.04,0.19,0.62,0,0,0,0,0,0,0,0,0,0,0,0
OTU246_Eubacterium_G segne,0,0,0.02,0,0,0,0,0.01,0,0,0,0,0.01,0,0,0,0.03,0,0,0,0,0,0,0.03,0,0,0,0,0,0,0,0,0,0,0.08,0,0,0,0,0,0,0,0,0,0.03,0,0,0,0,0,0,0,0,0,0,0.09,0,0,0,0,0,0,0,0,0.1,0,0,0,0,0,0,0,0,0,0,0,0,0,0,0,0,0,0,0,0.1
OTU247_Laedolimicola intestinihominis,0,0,0.15,0,0,0,0,0,0,0,0,0,0,0,0,0,0.02,0,0,0,0,0,0,0,0,0,0,0,0,0,0,0,0,0.19,0.04,0,0,0,0,0,0,0,0,0,0,0,0,0,0,0,0,0.07,0,0,0,0,0,0.11,0,0,0,0,0,0,0,0,0,0,0,0.02,0,0.03,0.06,0,0,0,0,0,0,0,0,0,0,0,0
OTU248_Choladousia sp902363135,0,0,0.05,0,0.06,0.03,0.03,0.05,0.04,0.05,0,0,0.03,0.27,0.08,0.1,0.09,0.15,0,0.06,0.19,0,0,0.2,0.13,0.04,0.03,0,0.01,0,0,0.06,0.05,0.03,0.2,0,0.01,0.13,0.08,0.05,0,0.11,0,0,0.1,0.11,0.23,0.03,0,0,0,0.03,0.03,0.09,0.08,0.13,0,0.02,0.05,0,0,0,0.05,0,0,0,0,0,0,0,0.1,0,0,0,0.03,0,0,0,0,0.04,0.06,0,0,0,0
OTU249_Choladousia sp902363665,0,0,0.01,0,0,0,0,0.09,0,0.02,0,0,0.01,0.05,0.03,0,0.02,0,0,0,0,0,0,0,0.07,0,0,0,0,0,0,0,0,0.02,0.03,0,0,0.09,0,0,0,0,0,0,0.03,0.02,0.04,0,0,0,0,0,0,0,0,0,0,0,0,0,0,0,0,0,0,0,0,0,0,0.01,0.45,0,0,0,0,0,0,0,0,0,0,0,0,0,0
OTU250_Claveliimonas ammoniilytica,0,0,0.14,0,0,0.01,0,0.03,0,0.01,0,0,0.01,0,0.04,0,0.06,0.02,0.07,0.05,0.08,0,0.07,0.02,0.06,0,0.02,0,0.01,0,0,0,0.07,0.31,0.11,0,0,0.01,0,0.25,0.16,0.06,0,0,0.01,0.06,0.07,0,0,0.09,0,0.01,0.06,0,0.03,0.02,0,0,0.02,0,0,0.08,0.14,0,0,0,0,0,0,0,0,0,0,0.27,0.11,0,0,0.73,0,0.21,0.61,0.2,0.19,0.05,0.05
OTU251_Lientehia sp934351765,0,0,0.02,0,0,0,0,0.02,0,0,0,0,0,0,0,0.01,0,0,0,0,0,0,0,0,0.01,0,0,0,0,0,0,0,0,0,0,0,0,0,0,0,0,0,0,0,0,0,0,0,0,0,0,0,0,0,0,0,0,0,0,0,0,0,0,0,0,0,0,0,0,0,0.02,0,0,0,0,0,0,0,0,0,0,0,0,0,0
OTU252_Suilimivivens aceti,0,0,0.01,0,0,0,0,0,0.02,0,0,0,0,0,0,0.02,0,0,0,0,0,0,0,0,0,0,0,0,0,0,0,0,0,0,0.12,0,0,0.03,0,0,0,0,0,0,0,0,0,0,0,0,0,0,0,0,0,0,0,0,0,0,0,0,0,0,0,0,0,0,0,0,0.17,0,0,0,0,0,0,0,0,0,0,0,0,0,0
OTU253_Oliverpabstia faecicola,0,0,0.33,0,0,0,0.04,0,0,0.17,0,0,0.1,0,0,0,0.09,0,0,0,0,0,0,0,0,0,0,0,0,0,0.02,0,0,0.04,0.04,0,0,0.52,0.01,0.09,2.75,0.95,0,0,0,0,0,0,0,0,0,0,0.03,0,0.26,0.02,0,0,0.02,0,0.06,0.51,0.16,0,0,0,0.12,0,0,0.25,0.65,0,0,0,0,0,0,0,0,0,0,0.03,0.12,0,0
OTU254_Anaerostipes amylophilus,0,0,2.15,0.04,0,0.04,0.69,1.67,0.51,0.37,0,0,0,0.4,1.15,0.55,0.66,1.97,0.61,0.79,0,0,0,0,1.18,1.43,0,0,0.25,0.14,0,0,0,0.5,0,0.11,1.31,0.39,0,0.27,0.05,0.13,0,0,0.83,0.1,0.06,0,0,0,0.24,0.11,0,0,0.23,0,0,0.35,0.36,0.87,3.62,0,0,0,0,0,0,0,0,0.04,1.17,0,0,0,0.78,0,0,0,0,0.17,0,0,0,0,2.65
OTU255_Blautia_A fusiformis,0,0,2.6,0,0,0,0,2.16,0,0.7,2.38,0.13,0,1.79,0,0,0,5.94,4.69,0.56,0,0,0,0,2.06,2.86,0,2.64,0.53,0,1.11,1.44,0,0,0.94,3.61,1.88,0,2.85,0,0.6,0,0,0,0.43,1.82,2.56,0.3,0.81,2.65,3.03,0,1.55,2.27,0,0,3.42,0.67,0,0,0,2.69,1.04,0.64,2,0.06,2.54,0.41,0,0,0,0.64,0.96,0.37,0,0,0,1.21,0,1.28,2.82,0,0,0,2.69
OTU256_Blautia_A sp900548245,0,0,0.32,0,0,0,0,0.1,0.08,0,0,0,0.68,0,0.23,0.13,0.08,0.08,1.36,0.3,0.4,0,0,0,0.33,0,0,0,0,0,0,0.4,0,0.54,0.15,0,0,0,0,0.39,0,0,0,0,0.18,1.17,0.15,0.13,0,0,0,0.23,0.15,0,0.1,0.09,0,0.15,0,0.32,0,0.25,0,0,0,0,0,0.04,0,0.29,0.7,0.19,0.2,0,0.12,0,0,0,0,0,0,0.12,0,0,0.45
OTU257_Blautia_A ammoniilytica,0,0,0.06,0,0.05,0,0.17,0.39,0.05,0.04,0,0,0,0.06,0.13,0.05,0.02,0,0.02,0,0,0,0.03,0,0.05,0,0,0,0,0,0,0.02,0.03,0,0,0,0.03,0.09,0,0,0,0.04,0,0,0.16,0.04,0.16,0.03,0,0.08,0,0.04,0.03,0.1,0.08,0.24,0,0,0.02,0,0,0,0.02,0,0,0,0,0,0,0,0.18,0,0.03,0,0.05,0,0,0,0,0.02,0.04,0,0,0,0
OTU258_Anaerobutyricum soehngenii,0,0,0.05,0,0.11,0,0.02,0.29,0.51,0.05,0,0,0.08,1,0.16,1.01,0,0,0.08,0.15,0.02,0.06,0,0.04,0.13,0,0,0,0,0.07,0.3,0.14,0.14,0,0,0.71,0.08,0.26,0.04,0.5,0,0.25,0,0.4,0.07,0.09,0.49,0.02,0,0,0.03,0.06,0.2,0,0.3,0.2,0,0.03,0.18,0.54,0.7,0,0,0.1,0.05,0,0,0.37,0.99,0,0,0.52,0.99,0.59,0,0.16,0.14,1.53,0.04,0,1.29,0,0,0.18,0
OTU259_Enterocloster sp000431375,0,0,0.32,0,0.33,0.25,0,0,0.13,0.05,0.7,0.66,0.03,0.06,0.09,0.08,0.31,0.41,0.09,0.06,0,0.05,0.3,0.17,0.13,0,0.23,1.52,0.2,0.34,0,0,0.11,0,0.08,0.1,0.54,0.03,0,0.03,0,0,0,0,0.03,0.09,0.12,0.03,0,0.77,0.36,0.12,0.15,0.71,0.04,0.05,0.32,0.15,0.27,0.01,0.91,0.83,0.09,2.16,0.04,0,0.06,0,0,1,0.02,0.18,0.23,0,0,0.29,0.29,0,0,0.1,0.35,0.13,0.45,0.49,0.1
OTU260_Enterocloster sp900541315,0,0,0.13,0,0.17,0,0,0,0.04,0.04,0.1,0,0.04,0.03,0.04,0.01,0.1,0.08,0.03,0.08,0,0.03,0,0.04,0.08,0.73,0.25,0,0.07,0,0,0.15,0.07,0,0.05,0,0.07,0.06,0,0,0,0,0,0,0.04,0.02,0.08,0.02,0,0,0,0.05,0.02,0.12,0.03,0,0,0.02,0.09,0,0,0.17,0.14,0,0.02,0,0.18,0,0,0,0.02,0,0,0,0.15,0,0,0,0,0,0.05,0,0.17,0,0.07
OTU261_Lachnospira sp003451515,0,0,0.24,0,0,0,0.15,0.03,0,0.03,0,0,0,0,0.37,0,0.06,0,0,0.05,0,0,0,0,0,0,0,0,0,0.52,0,0,0,0,0,0.01,0.48,0,0,0,0.01,0.43,0.01,0,0.1,0,0,0,0,0,0.25,0,0.86,0,0,0.08,0.36,0.32,0,0,0,0,0.04,0,0,0,0,0,0,0.02,0,0,0,0,0,0,0,0,0,0,0,0,0,0,0.02
OTU262_Lachnospira eligens_A,0,0,0.23,0,0,0,0,0.03,0,0,0,0,0,0.26,0.17,0.21,0,0,0,0.1,0,0,0,0,0.74,0,0,0,0.05,2.41,0,0,0.07,0,0.35,0,0,0.07,0,0.05,0,0,0.01,1.02,0.1,0,0.09,0,0,0,0.25,0.36,0,0,0.52,0.18,0.26,0,0,0,0,0,0,0,0.32,0,0,0,0,0,0.32,0,0,0,0.18,0,0,0,0,0,0,0,0,0,0.02
OTU263_Lachnospira rogosae,0,0,0.54,0.39,0,0,0.22,0,0.64,0.01,1,0,0.28,0.53,0,0.03,0.21,0.18,0,0,0,0.27,0,0,0,0,0.03,4.87,0,0,0,0,0.16,0,0,0,0,0.4,0,0,0,1.45,0,0,0.04,0,0,0,0,0,0.84,0,0.53,1.62,1.25,0.26,1.01,0,0.05,0.02,0.51,0,0,0.02,0.48,0,0,0,0.08,0.07,0.07,0,1.12,0,1.02,0,0,0,0,0,0,0,0,0,0
OTU264_Lachnospira hominis,0,0,0.04,0,0,0.13,0.52,0,0,0,0,0,0.04,0,0,0,0,0,0,0,0,0.14,0,0,0,0,0,0,0.03,0,0,0,0,0,0,0,0,0,0,0,0,0.03,0,0,0,0.02,0,0.07,0,0,0,0.04,0.39,0,0.15,0,0,0.06,0,0,0.03,0,0.1,0,0,0,0,0,0,0,0.16,0,0.12,0,0,0,0,0,0,0,0,0,0,0,0
OTU265_Hominiventricola sp018223365,0,0,0.14,0,0,0,0,0,0,0,0,0,0,0,0,0,0,0.03,0.02,0,0,0,0,0,0,0.02,0,0.04,0,0,0,0,0,0.03,0.04,0,0,0,0,0,0,0.05,0,0,0,0,0.03,0.01,0,0,0,0.03,0.02,0,0,0,0,0.02,0.01,0,0,0,0,0,0,0,0,0,0,0,0.01,0,0,0,0,0,0,0,0,0,0,0,0.03,0,0.08
OTU266_Roseburia hominis,0,0,0.16,0,0.02,0.04,0.04,0.03,0.53,0.02,0,0,0,0.04,0.35,0.33,0,0,0,0,0,0,0,0.23,0.15,0,0,0,0,0,0,0.11,0.09,0,0.04,0,0,0.14,0,0,0.01,0.06,0,0,0.05,0.03,0.32,0.29,0,0,0,0,0.29,0,0.2,0.09,0,0,0,0,0.09,0,0.08,0,0.14,0,0.03,0,0,0,0.11,0,0,0,0.04,0,0,0,0,0,0,0,0,0,0.02
OTU267_Mediterraneibacter sp934309345,0,0,0.2,0,0,0,0,0,0,0,0,0,0,0,0,0,0.11,0,0,0,0,0,0,0,0,0,0,0,0,0,0,0,0,0,0,0,0,0,0,0,0,0,0,0,0,0,0,0,0,0,0,0,0,0,0,0,0,0,0,0,0,0,0,0,0,0,0,0,0,0,0,0,0,0,0,0,0,0,0,0,0,0,0,0,0
OTU268_Acetatifactor hominis,0,0,0.05,0,0.02,0.04,0.02,0,0.06,0.01,0.02,0,0.26,0.03,0.11,0.03,0.07,0.04,0,0.04,0.02,0,0,0,0.04,0,0,0.03,0,0.14,0,0.02,0.05,0.02,0.03,0,0,0,0,0.1,0.02,0.04,0,0,0.02,0,0.03,0,0,0,0.01,0,0.16,0,0,0,0,0,0,0.01,0,0.01,0.01,0,0.04,0,0,0,0,0.05,0,0,0.03,0,0.07,0,0,0,0,0,0,0,0,0,0
OTU269_Dorea_A amylophila,0,0,1.07,0,0.05,0,0.07,0,0.04,0.09,0.32,0,0.15,0,0.5,0.19,0.43,0,0.91,0.32,0.93,0.11,0,0.39,0.25,0,0,0,0,0.44,0.72,0.42,0.24,0.48,0.36,1.64,0.14,0.27,0,1.78,16.08,0.69,0,0,0.25,0.51,0,0.04,1.35,1.18,0.12,0.24,0.51,0.74,0,0,0.18,0,0,0.62,0,3.61,0.68,0,0,0,0,2,1.29,5.33,0.29,1.27,0.37,2.22,0.28,1.18,1.27,0.02,0,2.17,0.06,0.71,0,1.05,0.77
OTU270_Dorea_A longicatena_C,0,0,0.16,0,0,0,0,0,0,0,0,0,0,0,0.08,0,0.09,0,0.33,0,0,0,0,0,0,0,0,0,0,0.08,0.23,0,0,0,0,0,0,0,0,0,4.54,0.16,0,0,0.03,0,0,0,0,0.18,0,0,0,0,0,0,0,0,0,0.22,0,0.87,0.18,0,0,0,0,0.36,0,0.63,0,0,0.05,0.4,0,0,0,0,0,0.39,0.02,0,0,0.2,0.12
OTU271_Brotaphodocola sp003478505,0,0,0.04,0,0.04,0.02,0,0,0.02,0.03,0.03,0,0.04,0,0.02,0.02,0.05,0,0,0.09,0.14,0,0,0,0.03,0,0.06,0,0,0.17,0,0.26,0,0,0.02,0.02,0.23,0.01,0,0,0,0,0,0,0,0.01,0.01,0,0,0,0,0.05,0.11,0.04,0.03,0,0,0.01,0,0,0.04,0.01,0,0,0,0,0,0,0,0,0,0,0,0,0.03,0,0,0,0,0,0,0,0.03,0,0.17
OTU272_Roseburia_C amylophila,0,0,0.03,0,0,0,0,0,0,0,0,0,0.37,0,0,0,0.03,0,0,0,0,0,0,0,0,0,0,0,0.01,0,0,0,0.29,0,0,0,0,0.08,0,0,0,0,0,0,0.74,0.02,0.03,0.06,0,0,0,1.09,0,0,0.01,0,0,0.23,0,0,0,0,0.06,0,0.04,0,0,0,0,0,0,0,0,0,0,0,0,0,0,0,0,0,0,0,0
OTU273_Blautia stercoris,0,0,0.43,0,0,0,0,0,0,0.05,0,0,0,0,0,0.03,0.42,0,0,0.27,0,0,0,0,0,0,0,0,0,0,0,0,0,0,0,0.17,0.13,0,0,0.12,0,0,0.24,1.71,0,0.35,0,0.03,0,0,0,0.01,0.24,0.08,0.03,0,0,0.22,0,0,0,0,0,0,0,0,0,0,0,0,0,0,0,0.43,0.23,0,0,0,0,0,0,0,0,0,0
OTU274_Limivivens sp900066135,0,0,0.07,0,0,0,0,0,0,0,0,0,0,0.04,0,0,0.03,0,0,0.04,0,0,0,0,0,0,0.01,0,0.02,0,0,0,0,0.13,0.08,0,0,0.09,0,0.29,0,0,0,0,0.02,0.1,0.02,0,0,0,0,0.05,0.05,0.03,0,0.01,0,0.08,0,0,0,0.18,0.07,0,0,0,0,0,0,0.62,0.13,0,0,0,0.01,0,0,0.03,0,0,0,0,0,0,0
OTU275_Limivivens faecihominis,0,0,0.08,0,0,0.04,0.13,0.2,0.05,0.14,0.02,0,0.06,0.03,0.1,0.04,0.02,0.17,0.33,0.06,0,0.06,0,0.12,0.12,0.02,0.03,0,0.02,0,0.09,0.09,0.07,0.1,0.09,0.07,0.03,0.12,0,0.04,0,0.12,0,0,0.05,0.07,0.02,0.03,0,0,0,0.03,0.16,0.03,0.07,0.12,0,0.04,0.04,0.24,0.22,0.22,0.13,0,0,0,0,0.05,0,0.07,0.06,0,0,0,0.02,0,0,0,0,0.04,0.25,0,0,0,0.14
OTU276_UBA3402 sp003478355,0,0,0.05,0,0.04,0.06,0,0,0.1,0.08,0,0,0.13,0.01,0,0.06,0.01,0,0,0.04,0,0,0,0,0.04,0,0.02,0,0.04,0,0,0.15,0.04,0.06,0,0.01,0.1,0.03,0,0.08,0,0,0,0,0,0.04,0.03,0.01,0,0,0,0.04,0.03,0.02,0.1,0,0,0.09,0.03,0,0,0,0,0,0,0,0,0,0,0.28,0.01,0.01,0.04,0,0.05,0.03,0.04,0,0,0,0,0,0.09,0.03,0
OTU277_Mediterraneibacter_A butyricigenes,0,0,0.07,0,0,0,0.06,0.12,0.03,0,0,0,0,0.01,0.05,0.05,0.01,0.01,0,0.06,0.02,0,0.02,0,0.06,0,0.01,0,0,0,0,0,0.06,0.02,0.04,0,0.1,0.04,0,0,0,0,0,0,0.01,0.04,0.07,0,0,0,0,0.03,0.01,0,0.02,0,0,0.02,0,0,0,0.01,0.03,0,0,0,0,0,0,0,0.03,0,0.06,0,0.03,0,0,0,0,0,0,0,0,0,0.02
OTU278_Maccoya intestinihominis,0,0,0.02,0,0,0.06,0,0,0,0,0.04,0,0,0,0,0,0,0,0,0,0,0,0,0,0,0,0,0,0,0,0,0,0,0,1.86,0,0,0,0.02,0,0,0,0.05,0,0,0,0.27,0.08,0,0.06,0.2,0,0,0,0,0,0.25,0,0,0,0,0,0.03,0.03,0.12,0,0,0,0,0,0.1,0,0,0,0.09,0,0,0,0,0,0,0,0,0,0.02
OTU279_Coprococcus aceti,0,0,0.04,0.04,0.21,0,0,0,0,0,0,0,0,1.55,2.06,0,0.95,0,0,1.4,0,0,0,0.1,0,0,0,0,0,0,0,0,0,0.08,0.88,0,0,1.04,0,0.09,0,0,0,0,0,0,3.6,0,0,0,0,1.45,0,0,6.12,0.03,0,0,0.07,0,0,0,0.46,0,1.15,0.02,0,0,0,0,0,0,0,0,0,0,0,0,0,0,0,0,0,0.02,0
OTU280_JAGTTR01 sp018223385,0,0,0.03,0,0.02,0,0,0,0.01,0,0.02,0,0,0.02,0.04,0,0.02,0.01,0.02,0.02,0.08,0.01,0,0.03,0.01,0,0,0,0,0,0,0,0.03,0.03,0.01,0.03,0,0.02,0,0.02,0,0,0,0,0.02,0.03,0.04,0.01,0,0,0,0.01,0.04,0,0.06,0.02,0,0,0.01,0,0,0,0.02,0,0,0,0,0,0,0,0.02,0,0.01,0,0.02,0,0.01,0,0,0,0.07,0,0,0,0
OTU281_Neoanaerotignum_A sp934256695,0,0,0.02,0,0,0,0,0,0,0,0,0,0,0,0,0,0.01,0,0,0,0,0,0.01,0,0,0,0,0,0,0,0,0,0,0,0,0,0,0,0,0,0,0,0,0,0,0,0,0,0,0,0,0,0,0,0,0,0,0,0,0,0,0,0,0,0,0,0,0,0,0,0,0,0.03,0,0,0,0,0,0,0,0,0,0,0,0
OTU282_SFEL01 sp004557245,0,0,0.01,0,0,0,0,0.8,0,0,0,0,0,0.27,0.04,0,0.51,0,0,0,0,0,0,0,0,0,0,0,0.03,0,0,0,0,0,0.24,0,0,0.08,0,0,0,0,0,0,2.25,0,0.05,0.33,0,0,0,0.18,0,0,0,0,0,0,0,0,0,0,0,0,0,0,0,0,0,0,0.75,0,0,0,0,0,0,0,0,0,0,0,0,0,0
OTU283_PeH17 sp000435055,0,0,0.03,0,0,0,0,0,0,0,0,0,0,1.46,0,0,0.24,0,0,0.02,0,0,0,0,0,0,0,0,0.03,0,0,0,0,0.02,0.9,0,0,0.32,0,0,0,0,0.01,0,1.36,0,0,1.01,0,0,1.03,0.08,0,0,0,0,0.83,0,0,0,0,0,0,0.11,0.86,0,0,0,0,0,1.67,0,0,0,0,0,0,0,0,0,0,0,0,0,0
OTU284_Limiplasma sp900548145,0,0,0.01,0,0,0.09,0,0,0,0,0,0,0.02,0.06,0,0,0.14,0,0,0,0,0,0,0,0,0,0,0,0,0,0,0,0.01,0,0.47,0,0,0.01,0,0,0,0,0,0,0,0,0,0.06,0,0,0,0.03,0,0,0.06,0,0,0,0,0,0,0,0,0,0,0,0,0,0,0,0.25,0,0,0,0,0,0.06,0,0,0,0,0,0,0,0
OTU285_Scatosoma sp003150575,0,0,0.02,0,0.11,0.05,0.27,0.12,0.07,0,0.04,0.01,0.03,0,0.07,0.26,0.15,0,0,0,0,0,0,0.07,0.11,0,0,0,0,0,0,0,0,0,0.07,0,0,0.01,0,0,0,0,0,0,0.11,0,0.01,0.01,0,0,0,0.11,0,0,0.13,0.17,0,0,0,0,0,0,0,0,0.02,0,0,0,0,0,0.03,0,0,0,0,0,0,0,0,0,0,0,0,0,0.07
OTU286_CAG-314 sp000437915,0,0,0.02,0,0,0,0,1.73,0,0,0,0,0,0,0,0,0.45,0,0,0,0,0,0,0,0,0,0,0,0.04,0,0,0,0,0,0,0,0,0.08,0,0,0,0,0,0,1.79,0,0,0,0,0,0,0,0,0,0,0,0,0,0,0,0,0,0,0,0,0,0,0,0,0,0,0,0,0,0,0,0,0,0,0,0,0,0,0,0
OTU287_CAG-238 sp900542245,0,0,0.01,0,0.01,0.01,0.11,0.1,0.01,0,0,0,0.05,0.06,0.03,0.13,0.05,0,0,0,0,0.09,0,0.09,0.02,0,0,0,0,0,0,0,0,0.03,0,0,0.02,0.03,0,0,0,0.05,0,0,0.03,0,0.03,0.02,0,0.02,0,0.1,0.04,0.02,0,0.1,0,0,0,0,0,0,0,0.03,0.07,0,0,0,0,0,0.04,0,0,0,0,0,0,0,0,0,0.02,0,0,0,0
OTU288_Alangreenwoodia sp905206455,0,0,0.03,0,0,0.03,0,0.01,0.01,0,0.03,0,0,0.05,0.04,0.02,0.08,0,0,0.04,0,0,0.02,0,0,0,0,0,0,0,0,0.05,0,0.06,0.1,0,0,0,0,0,0,0.04,0,0,0,0.02,0.04,0.03,0,0.01,0,0.07,0.03,0.01,0.04,0.03,0,0,0,0,0,0,0,0,0.02,0,0,0,0,0,0.05,0,0,0,0,0.02,0.07,0,0,0,0,0,0,0,0
OTU289_Merdicola sp001915925,0,0,0.06,0,0,0,0,0,0,0,0,0,0,0,0,0,0.33,0,0,0,0.14,0,0,0.41,0,0,0,0,0,0,0,0,0,0.07,0.02,0,0,0,0,0,0,0,0,0,0,0,0,0,0,0,0,0,0,0.01,0,0,0,0,0,0,0,0,0,0,0,0,0,0,0,0,0,0,0,0,0,0,0,0,0,0,0,0,0,0,0
OTU290_Merdicola sp944391965,0,0,0.01,0,0,0,0,0,0,0,0,0,0,0,0,0,0,0,0,0,0.04,0,0,0.1,0,0,0,0,0,0,0,0,0,0,0,0,0,0,0,0,0,0,0,0,0,0,0,0,0,0,0,0,0,0,0,0,0,0,0,0,0,0,0,0,0,0,0,0,0,0,0,0,0,0,0,0,0,0,0,0,0,0,0,0,0
OTU291_Merdicola sp018371855,0,0,0.08,0,0.03,0,0,0,0,0,0,0,0,0,0,0,0.29,0,0,0,0.4,0,0,1.42,0,0,0,0,0,0,0,0,0,0.09,0.04,0,0,0,0,0,0,0,0,0,0,0,0,0,0,0,0,0,0,0,0,0,0,0,0,0,0,0,0,0,0,0,0,0,0,0,0,0,0,0,0,0,0,0,0,0,0,0,0,0,0
OTU292_UMGS1663 sp900553865,0,0,0.13,0,0,0,0,0,0,0,0,0,0,0,0,0,0.07,0,0,0,0,0,0,0,0,0,0,0,0,0,0,0,0,0,0,0,0,0,0,0,0,0,0,0,0,0,0,0,0,0,0,0,0,0,0.24,0,0,0,0,0,0,0,0,0,0,0,0,0,0,0,0,0,0,0,0,0,0,0,0,0,0,0,0,0,0
OTU293_CAG-269 sp000431335,0,0,0.19,0,0,0,0,0,0,0,0,0,0,0,0,0,0.15,0,0,0,0,0,0,0,0,0,0,0,0,0,0,0,0,0,0,0,0,0,0,0,0,0,0,0,0,0,0,0,0,0,0,0.01,0,0,0,0,0,0,0,0,0,0,0,0.03,0,0,0,0,0,0,0,0,0,0,0,0,0,0,0,0,0,0,0,0,0
OTU294_CAG-273 sp003534295,0,0,0.01,0,0,0,0,0,0,0,0,0,0,0,0,0,0.67,0,0,0,0,0,0,0,0,0,0,0,0,0,0,0,0,0.09,0,0,0,0,0,0,0,0,0,0,0,0,0,0,0,0,0,0,0,0,0,0,0,0,0,0,0,0,0,0,0,0,0,0,0,0,0.75,0,0,0,0,0,0,0,0,0,0,0,0,0,0
OTU295_Faecalibacillus faecis,0,0,0.17,0,0.01,0,0,0,0.03,0.02,0,0,0,0.01,0.17,0.02,0.11,0.35,0.05,0.02,0.11,0,0,0,0.02,0,0,0,0,0,0,0,0.01,0,0,0,0,0.03,0,0,0,0,0,0,0,0.02,0,0.01,0,0,0,0,0.38,0,0,0,0,0,0,0.14,0,0,0,0,0,0.14,0.05,0,0,0.11,0,0,0,0.02,0,0,0,0,0,0.22,0,0,0,0,0
OTU296_CAG-313 sp000433035,0,0,0.01,0,0,0,0,2.05,0,0,0,0,0.01,0,0,0,0.95,0,0,0,0,0,0,0,0,0,0,0,0.02,0,0,0,0,0.08,1.26,0,0,0,0,0,0,0,0,0,0.94,0,0,0.54,0,0,0,0,0,0,0,0,0,0,0,0,0,0,0,0,0.02,0,0,0,0,0,0,0,0,0,0,0,0,0,0,0,0,0,0,0,0
OTU297_Alistipes sp902363575,0,0,0.04,0.04,1.03,0,11.63,0,0,0,0,0,0,0,3.6,0,0.25,0,0,0,0,0,0,0,0,0,0,0,0,0,0,0,0,0,0,0,0,0.39,0,0,0,0,0,0,0.45,0,0,0.68,0,0,0,1.46,0,0,0.61,0,0,0,0,0,0,0,0,0,0,0,0,0,0,0,0,0,0,0,0,0,0,0,0,0,0,0,0,0,0
OTU298_Alistipes_A ihumii,0,0,0.01,0,0.29,0,0,0,0.08,0,0,0,0,0.02,0,0.28,0.19,0,0,0,0,0,0.35,0,0,0,0,0.09,0,0,0,0,0.06,0,0.44,0,0,0,0,0,0,0.16,0,0,0,0,0,0.17,0,0,0,0,0,0,0,0,0,0,0,0,0,0,0,0,0.11,0,0,0,0,0,0,0,0.08,0,0,0.02,0.07,0,0.11,0.01,0,0,0,0,0
OTU299_Bacteroides salyersiae,0,0,0.11,0,0,0,0,0,0,0,0,0,0,0,0,0,0.1,0,0,0,0,0.05,0,0,0,0,0,0,0,0,0,0,0,0,0,0,0.32,0,0,0,0,0,0,0,0,0,0,0,0,0,0,0,0,0,0,0,0,0,0,0,0,0,0,0,0,0,0.12,0,0,0,0,0,0,0,0,0,0,0,0,0.12,0.32,0,0.26,0,0
OTU300_Prevotella sp003447235,0,0,0.25,0,0,0,0,0,0,0,0,0,2.6,0,0,0,0.71,0,0,1.6,0,0,0,0,0,0,0,0,0,0,0,0,1.9,0,0,0,0,0,0,0.19,0,0,0,0,0,0,0,0,0,0,0,0,0,0,0,0,0,0,0,0,0,0,0,0,0,0,0,0,0,0,0,0,0,0,0,0,0,0,0,0,0,0,0,0,0
OTU301_Haemophilus_D parainfluenzae,0,0,0.02,0.03,0,0,0,0,0,0,0,0,0,0,0,0,0.02,0,0,0,0,0,0,0,0,0,0,0,0,0,0,0,0,0,0,0,0,0,0,0,0,0,0,0,0,0,0,0,0,0,0,0,0,0,0.46,0,0,0,0,0,0,0,0,0,0,0,0,0,0,0,0,0,0,0,0,0,0,0,0,0,0,0,0,0,0
OTU302_Haemophilus_D sp001811025,0,0,0.02,0,0,0,0,0,0,0,0,0,0.02,0,0,0,0,0,0,0,0,0,0,0,0,0,0,0,0,0,0,0,0,0,0,0,0,0,0,0,0,0,0,0,0,0,0,0,0,0,0,0,0,0,0,0,0,0,0,0,0,0,0,0,0,0,0,0,0,0,0,0,0,0,0,0,0,0,0,0,0,0,0,0,0
OTU303_Haemophilus_A parahaemolyticus,0,0,0.02,0,0,0,0,0,0,0,0,0,0,0,0,0,0,0,0,0,0,0,0,0,0,0,0,0,0,0,0,0,0,0,0,0,0,0,0,0,0,0,0,0,0,0,0,0,0,0,0,0,0,0,0,0,0,0,0,0,0,0,0,0,0,0,0,0,0,0,0,0,0,0,0,0,0,0,0,0,0,0,0,0,0
OTU304_Haemophilus_A parahaemolyticus_A,0,0,0.01,0,0,0,0,0,0,0,0,0,0,0,0,0,0,0,0,0,0,0,0,0,0,0,0,0,0,0,0,0,0,0,0,0,0,0,0,0,0,0,0,0,0,0,0,0,0,0,0,0,0,0,0,0,0,0,0,0,0,0,0,0,0,0,0,0,0,0,0,0,0,0,0,0,0,0,0,0,0,0,0,0,0
OTU305_CAG-267 sp001917135,0,0,0.26,0,0.01,0,0,0,0,0,0,0,0,0,0,0,6.28,0,0,0,0,0,0,0,0,0,0,0,0,0,0,0,0,0,0,0,0,0,0,0,0,0,0,0,0,0,0,0,0,0,0,0,0,0,0.79,0,0,0,0,0,0,0,0,0,0,0,0,0,0,0,0,0,0,0,0,0,0,0,0,0,0,0,0,0,0
OTU306_Desulfovibrio sp900556755,0,0,0.16,0,0,0,0,0,0,0,0,0,0,0,0,0,0.21,0,0,0.13,0,0,0,0,0,0,0,0,0,0,0,0,0.19,0,0,0,0,0,0,0.02,0,0,0,0,0,0,0.25,0,0,0,0,0,0,0,0,0.35,0,0,0.09,0,0,0,0,0,0,0,0,0,0,0,0,0,0,0,0,0,0,0,0,0.43,0,0,0,0,0
OTU307_Desulfovibrio piger,0,0,0.01,0,0,0,0,0,0,0,0,0,0,0,0,0,0,0,0,0,0,0,0,0,0,0,0,0,0,0,0,0,0.02,0,0,0,0,0,0,0,0,0,0,0,0,0,0.03,0,0,0,0,0,0,0,0,0.03,0,0,0,0,0,0,0,0,0,0,0,0,0,0,0,0,0,0,0,0,0,0,0,0.08,0,0,0,0,0
OTU308_Methanocatella smithii,0,0,0,0.09,0,0.34,0,0,0,0,0,0,0,1.13,0.19,0,0,0,0,0.04,0,0,0,0,0,0.02,0,0,0,0,0,0,0.04,0.59,1.19,0,0,0,0,0.02,0,0.01,0,0,0.3,0,0.31,0.11,0,0,0,0,0,0,0,0,0,0,0.02,0,0,0,0,0,0,0,0,0,0,0,2.23,0,0,0,0,0,0,0,0,0,0,0,0,0,0
OTU309_Anaerotruncus massiliensis,0,0,0,0.06,0,0,0,0,0,0,0,0,0,0,0.03,0,0,0,0,0,0,0,0,0,0,0,0,0,0,0,0,0,0,0,0.03,0,0,0,0,0,0,0,0,0,0.16,0,0,0.02,0,0,0,0,0,0,0,0,0,0,0,0,0,0,0,0.02,0.01,0,0,0,0,0,0,0,0,0,0,0,0,0,0,0,0,0,0,0,0
OTU310_Massiliimalia timonensis,0,0,0,0.05,0,0,0,0,0,0,0,0,0,0,0,0,0,0,0,0,0,0,0,0,0,0,0,0,0,0,0,0,0,0,0,0,0,0,0,0,0,0,0.08,0.04,0,0,0,0,0,0,0,0,0,0,0,0,0,0,0,0,0,0,0,0,0,0,0,0,0,0,0,0,0,0,0,0,0.02,0,0,0,0,0,0,0,0
OTU311_Pseudoflavonifractor faecis,0,0,0,0.01,0.02,0,0,0,0,0,0,0.02,0,0.03,0.08,0,0.02,0,0,0,0,0,0,0,0,0,0,0.07,0,0,0,0,0,0,0.03,0,0,0,0,0,0,0,0,0,0.02,0.01,0,0,0,0.01,0,0,0,0,0,0.01,0,0,0,0,0,0,0,0,0,0,0,0,0,0,0,0,0,0,0,0,0,0,0,0,0,0,0,0,0
OTU312_CAG-964 sp000435335,0,0,0,0.06,0,0,0,0,0,0,0,0,0,0,3.72,0,0,0,0,0,0,0,0,0,0,0,0,0,0,0,0,0,0,0,0,0,0,0,0,0,0,0,0,0,0,0,0,0,0,0,0,0,0,0,0,0,0,0,0,0,0,0,0,0,0,0,0,0,0,0,0,0,0,0,0,0,0,0,0,0,0,0,0,0,0
OTU313_Clostridium_A leptum,0,0,0,0.46,0.02,0,0.28,0.35,0.01,0,0.22,0,0,0.02,0.2,0.27,0.02,0,0.05,0.02,0,0,0.36,0,0.24,0,0,0.05,0.01,0.01,0,0.03,0.38,0,0.04,0,0.19,0.03,0.03,0,0,0.25,0,0,0.07,0.12,0.13,0.08,0,0.16,0.31,0.12,0.05,0.06,0.06,0.19,0.32,0,0,0,0.14,0,0.66,0,0.01,0,1.18,0.01,0.72,0,0.08,0,0.1,0,0.01,0,0.01,0,3.28,0.01,0.24,0,0.19,0,0.05
OTU314_Eubacterium_R sp000436835,0,0,0,0.49,0,0,0,0.43,0,0,0,0,0,0,0,0,0,0,0,0,0,0,0,0,0.87,0,0.14,0,0,0,0,0,0,0,0,0,0,0,0,0,0,0,0,0,0,0,0,0,0,0,1.83,0,0,0,0.5,0,2.07,0,0,0,0,0,0,0,0,0,0,0,0,0,0,0,0,0,0,0,0,0,0,0,0,0,0,0,0
OTU315_Acutalibacter timonensis,0,0,0,0.54,0,0,0,0.39,0,0,0,0,0,0,0.12,0.07,0,0,0.02,0.02,0,0,0,0,0,0,0,0,0,0,0,0,0,0,0,0,0,0,0,0,0,0.02,0,0,0.02,0,0.11,0.07,0,0,0,0.03,0,0,0,0.01,0,0,0,0,0,0,0,0,0,0,0,0,0,0,0,0,0,0,0,0,0,0,0,0,0,0,0,0,0
OTU316_Butyricicoccus sp959018045,0,0,0,0.13,0,0,0,0,0,0,0,0,0,0,0,0,0,0,0,0,0,0,0,0,0,0,0,0,0,0,0,0,0,0,0,0,0,0,0,0,0,0,0,0,0,0,0,0,0,0,0,0,0,0,0,0,0,0,0,0,0,0,0,0,0,0,0,0,0,0,0,0,0,0,0,0,0,0,0,0,0,0,0,0,0
OTU317_Butyricicoccus pullicaecorum,0,0,0,0.05,0,0,0,0,0,0,0,0,0,0,0,0,0,0,0,0,0,0,0,0,0,0,0,0,0,0,0,0,0,0,0,0,0,0,0,0,0,0,0,0,0,0,0,0,0,0,0,0,0,0,0,0,0,0,0,0,0,0,0,0,0,0,0,0,0,0,0,0,0,0,0,0,0,0,0,0,0,0,0,0,0
OTU318_Agathobaculum ammoniilyticum,0,0,0,0.11,0,0,0,0,0,0,0.03,0,0,0,0,0,0,0.01,0.02,0,0.03,0,0,0,0,0,0,0.04,0,0.02,0,0,0,0,0,0,0,0,0,0,0,0.02,0.03,0,0,0.02,0,0,0,0.02,0.04,0,0,0,0,0,0.02,0,0,0,0.04,0,0.02,0,0.02,0,0.02,0,0.06,0,0,0,0,0,0,0,0.03,0,0.12,0,0.02,0,0,0,0
OTU319_Faecalicatena contortus_B,0,0,0,0.03,0,0,0,0,0,0,0,0.03,0,0,0,0,0,0,0,0,0,0,0,0,0,0,0,0,0,0.02,0,0,0,0,0,0,0,0,0,0,0,0,0.02,0,0,0,0,0,0,0,0.01,0,0,0,0,0,0,0,0,0,0,0,0,0,0,0,0,0,0,0,0,0,0.01,0,0,0,0,0,0.01,0,0,0,0,0,0
OTU320_Blautia argi,0,0,0,0.07,0,0,0,0,0,0,0,0,0,0,0,0,0,0,0,0,0,0,0,0,0,0,0,0,0,0,0,0,0,0,0,0,0,0,0,0,0,0,0,0,0,0,0,0,0,0,0,0,0,0,0,0,0,0,0,0,0,0,0,0,0,0,0,0,0,0,0,0,0,0,0,0,0,0,0,0,0,0,0,0,0
OTU321_Ruminococcus_B sp900544395,0,0,0,0.09,0,0,0,0,0,0,0,0,0,0,0,0,0,0,0,0,0,0,0,0,0,0,0,0,0,0.01,0,0,0,0,0,0,0,0,0,0,0.22,0,0.56,0.61,0,0,0,0,0,0,0,0,0,0,0,0,0,0,0,0,0,0,0,0,0,0,0,0,0,0,0,0.03,0,0,0,0,0,0,0,0,0,0,0,0,0
OTU322_Catenibacillus sp018369015,0,0,0,0.03,0,0,0,0,0,0,0,0,0,0,0,0,0,0,0,0,0.02,0,0,0,0,0,0,0,0,0,0,0,0,0,0,0,0,0,0,0,0,0,0,0,0,0,0,0,0,0,0,0,0,0,0,0,0,0,0,0,0,0,0,0,0,0,0,0,0,0,0,0,0,0,0,0,0,0,0,0,0,0,0,0,0
OTU323_Blautia_A caecimuris,0,0,0,0.05,0,0,0,0,0,0,0,0,0,0,0,0,0,0,0,0,0,0,0,0,0,0,0,0.09,0,0,0,0,0,0,0,0,0,0,0,0,0,0,0,3.29,0,0,0,0,0,0.3,0,0,0,0,0,0,0,0,0,0,0,0,0,0,0,0,0,0,0.68,0,0,0,0,0,0,0,0.14,0,4.66,0,0,0,0,0,0
OTU324_Mediterraneibacter sp900541505,0,0,0,0.08,0,0,0,0,0,0,0,0,0,0,0,0,0,0,0,0,0,0,0,0,0,0,0,0,0,0,0,0,0,0,0,0,0,0,0,0,0,0,0,0,0,0,0,0,0,0,0,0,0,0,0,0,0,0,0,0,0.03,0,0,0,0,0,0,0,0,0,0,0,0,0,0,0,0,0,0.03,0,0,0,0,0,0
OTU325_Diplocloster modestus,0,0,0,0.03,0,0,0,0,0,0,0,0,0,0,0,0,0,0,0,0,0,0,0,0,0,0,0,0,0,0,0,0,0,0,0,0,0,0,0,0,0,0,0,0,0,0,0,0,0,0,0.01,0,0,0,0,0,0,0,0,0,0,0,0,0,0,0,0,0,0,0,0,0,0,0,0,0,0,0,0,0,0,0,0,0,0
OTU326_Pseudolachnospira sp022867805,0,0,0,0.02,0,0,0,0,0,0,0,0,0,0,0,0,0,0,0,0,0,0,0,0,0,0,0,0,0,0,0,0,0,0,0,0,0,0,0,0,0,0,0,0,0,0,0,0,0,0,0,0,0,0,0,0,0,0,0,0,0,0,0,0,0,0,0,0,0,0,0,0,0,0,0,0,0,0,0,0,0,0,0,0,0
OTU327_Romboutsia timonensis,0,0,0,0.27,0,0,0.07,0.27,0,0.18,0.59,0,0.02,0.21,0.17,0.04,0.23,0.04,0.06,0.1,0.08,0.07,0,0,0,0.02,0.09,0.04,0.83,0.05,0,0.08,0.02,0,0.4,0,0.07,0.17,0.52,0,0.01,0.62,0,1.09,0.13,0.07,0.02,0.12,0,0.15,0.01,0.01,0.8,0.32,0.13,0.46,0.01,0,0.39,0,0.02,0,0,0,0.01,0,0.14,0,0,0,0.16,0,0,0,0.5,0.07,0.03,0,0,0.02,0,0,0.45,0,0.1
OTU328_Mogibacterium diversum_A,0,0,0,0.04,0,0,0,0,0,0,0,0,0,0,0,0,0,0,0,0,0,0,0,0,0,0,0,0,0,0,0,0,0,0,0,0,0,0,0,0,0,0,0,0,0,0,0,0,0,0,0,0,0,0,0,0,0,0,0,0,0,0,0,0,0,0,0,0,0,0,0,0,0,0,0,0,0,0,0,0,0,0,0,0,0
OTU329_Clostridium sp027692445,0,0,0,0.02,0,0,0,0,0,0,0,0,0,0,0,0,0,0,0,0,0,0,0,0,0,0,0,0,0,0,0,0,0,0,0,0,0,0,0,0,0,0,0,0,0,0,0,0,0,0,0,0,0,0,0,0,0,0,0,0,0,0,0,0,0,0,0,0,0,0,0,0,0,0,0,0,0,0,0,0,0,0,0,0,0
OTU330_Clostridium sp018372875,0,0,0,0.01,0,0,0,0,0,0,0,0,0,0,0,0,0,0,0,0,0,0,0,0,0,0,0,0,0,0,0,0,0,0,0,0,0,0,0,0,0,0,0,0,0,0,0,0,0,0,0,0,0,0,0,0,0,0,0,0,0,0,0,0,0,0,0,0,0,0,0,0,0,0,0,0,0,0,0,0,0,0,0,0,0
OTU331_Clostridium paraputrificum,0,0,0,0.04,0,0,0,0,0,0,0,0,0,0,0,0,0,0,0,0,0,0,0,0,0,0,0,0,0,0,0,0,0,0,0,0,0,0,0,0,0.14,0,0,0,0,0,0,0,0,0,0,0,0,0,0,0,0,0,0,0,0,0,0,0,0,0,0,0,0,0,0,0,0,0,0,0,0,0,0,0,0,0,0,0,0
OTU332_Sarcina perfringens,0,0,0,0.02,0,0,0,0,0,0,0,0,0,0,0,0,0,0,0,0,0,0,0,0,0,0,0.03,0,0,0,0,0,0,0,0,0,0,0,0,0,1.82,0,0,0,0,0,0,0,0,0,0,0,0,0,0,0,0,0,0,0,0,0,0,0,0,0,0,0,0,0,0,0,0,0,0,0,0,0,0,0.03,0,0,0,0,0
OTU333_Christensenella hongkongensis,0,0,0,0.02,0,0,0,0,0,0,0,0,0,0,0,0,0,0,0,0,0,0,0,0,0,0,0,0,0,0,0,0,0,0,0,0,0,0,0,0,0,0.01,0,0,0,0,0,0,0,0.04,0.01,0,0,0,0,0,0.01,0,0,0,0,0,0,0,0,0,0,0,0,0,0,0,0,0,0,0,0,0,0,0,0,0,0,0,0
OTU334_Christensenella minuta,0,0,0,0.01,0,0,0,0,0,0,0.02,0,0,0,0,0,0,0,0,0,0,0,0,0,0,0,0,0,0,0,0,0,0,0,0.03,0,0,0,0,0,0,0.01,0,0,0,0,0,0,0,0,0.02,0,0,0,0,0,0.03,0,0,0,0,0,0,0,0,0,0,0,0,0,0,0,0,0,0.01,0,0,0,0.1,0,0,0,0,0,0
OTU335_QANA01 sp019420265,0,0,0,0.12,0.02,0,0,0,0,0,0.01,0,0,0,0.05,0.03,0.02,0,0.05,0,0,0,0,0.01,0,0,0,0,0,0,0,0,0,0,0,0,0,0,0,0,0,0,0,0,0.03,0,0,0,0,0,0,0,0,0,0.02,0.02,0,0,0,0,0,0,0,0,0.02,0,0,0,0,0,0.03,0,0,0,0,0,0,0,0,0,0,0,0,0,0.03
OTU336_Borkfalkia ceftriaxoniphila,0,0,0,0.05,0.08,0.01,0.39,0,0,0,0.1,0,0.01,0,0.12,0,0.11,0,0,0,0,0,0,0.03,0,0,0,0,0,0,0,0,0,0,0.18,0,0,0.01,0,0,0,0.01,0,0,0.03,0,0,0.03,0,0,0,0.1,0,0,0.01,0,0,0.05,0,0,0,0,0,0,0,0,0,0,0,0,0.02,0,0,0,0,0.11,0.04,0,0,0,0,0,0,0.02,0
OTU337_Streptococcus lutetiensis,0,0,0,0.86,0,0,0,0,0,0,0,0,0,0.35,0,0,0,0,0,0,0,0,0,0,0,0,0,0,0,0,0,0,0,0,0,0,0,0,0,0,0,0,0,0,0,0,0,0,0,0,0,0,0,0,0,0,0,0,0,0,0,0.66,0.26,0,0,0,0,0,0,0,0,0,0,0,0,0,0,0,0,0,0,0,0,0,0
OTU338_Streptococcus thermophilus,0,0,0,0.24,0,0,0,0,0,0,0,0,0,0.29,0,0,0,0.01,0,0.13,0.02,0,0.18,0,0.14,0.03,0,0.13,0.08,0.04,0,1.24,0.02,0,0.07,0,0.43,0.02,0,0,0,0,0.01,0,0.17,0,0.02,0,0,0,0.11,0.01,0,0.08,0,0.01,0.09,0.05,0.03,0,0.29,0,0,0,0.01,0,2.74,0,0.08,0,0,0,0,0,0.08,0,0,0,3.67,0,0,0,1.72,0,0.19
OTU339_Limosilactobacillus reuteri_I,0,0,0,1.03,0,0,0,0,0,0,0,0,0,0,0,0,0,0,0,0,0,0,0,0,0,0,0,0,0,0,0,0,0,0,0,0,0,0,0,0,0,0,0,0,0,0,0,0,0,0,0,0,0,0,0,0,0,0,0,0,0,0,0,0,0,0,0,0,0,0,0,0,0,0,0,0,0,0,0,0,0,0,0,0,0
OTU340_Limosilactobacillus reuteri_J,0,0,0,2.86,0,0,0,0,0,0,0,0,0,0,0,0,0,0,0,0,0,0,0,0,0,0,0,0,0,0,0,0,0,0,0,0,0,0,0,0,0,0,0,0,0,0,0,0,0,0,0,0,0,0,0,0,0,0,0,0,0,0,0,0,0,0,0,0,0,0,0,0,0,0,0,0,0,0,0,0,0,0,0,0,0
OTU341_Limosilactobacillus reuteri,0,0,0,1.05,0.02,0,0.03,0,0,0.02,0,0,0,0,0,0,0,0,0,0,0,0,0,0,0,0,0,0,0,0,0,0,0,0,0,0,0,0,0,0,0,0,0,0,0,0,0,0,0,0,0,0,0,0,0,0,0,0,0,0,0,0,0,0,0,0,0,0,0,0,0,0,0,0,0,0,0,0,0,0,0,0,0,0,0
OTU342_Lactobacillus johnsonii,0,0,0,0.01,0,0,0,0,0,0,0,0,0,0,0,0,0,0,0,0,0,0,0,0,0,0,0,0,0,0,0,0,0,0,0,0,0,0,0,0,0,0,0,0,0,0,0,0,0,0,0,0,0,0,0,0,0,0,0,0,0,0,0,0,0,0,0,0,0,0,0,0,0,0,0,0,0,0,0,0,0,0,0,0,0
OTU343_Enterococcus_A avium,0,0,0,0.05,0,0,0,0,0,0,0,0,0,0,0,0,0,0,0,0,0,0,0,0,0,0,0,0,0,0,0,0,0,0,0,0,0,0,0,0,0,0,0,0,0,0,0,0,0,0,0,0,0,0,0,0,0,0,0,0,0,0,0,0,0,0,0,0,0,0,0,0,0,0,0,0,0,0.11,0,0,0,0,0,0,0
OTU344_Enterococcus_C canintestini,0,0,0,0.01,0,0,0,0,0,0,0,0,0,0,0,0,0,0,0,0,0,0,0,0,0,0,0,0,0,0,0,0,0,0,0,0,0,0,0,0,0,0,0,0,0,0,0,0,0,0,0,0,0,0,0,0,0,0,0,0,0,0,0,0,0,0,0,0,0,0,0,0,0,0,0,0,0,0,0,0,0,0,0,0,0
OTU345_Clostridium_AQ sp003481775,0,0,0,0.38,0,0,0,0,0,0,0.05,1.05,0,0.31,0,0,0,0,0,0,0,0,0,0,0,0,0,0,0,0,0,0,0,0,0,0,0,0,0.46,0,0,0,0,0,0,0,0,0,0,0.02,0,0,0,0,0,0.09,0.01,0,0,0.01,0,0,0,0,0,0,0.01,0,0.06,0,0,0,0,0,0,0,0,0,0,0,0.22,0,0,0.02,0
OTU346_Veillonella parvula_L,0,0,0,0.74,0,0,0,0,0,0.01,0,0,0,0,0,0,0,0,0,0,0,0,0,0,0,0,0,0,0,0,0,0,0,0,0,0,0,0,0,0,0,0,0.04,0,0,0,0,0,0,0,0,0,0,0,0,0,0,0,0,0.16,0,0,0,0,0,0,0,0,0,0,0,0,0,0,0,0,0,0,0,0,0,0,0,0,0
OTU347_Dialister sp900541485,0,0,0,0.02,0,0,0,0,0,0,0,0,0,0,0.94,0,0,0,0,0,0,0,0,0,0,0,0,0,0,0,0,0,0,0,0,0,0,0,0,0,0,0,0,0,0.23,0,0,0,0,0,0,0,0,0,0,0.02,0,0,0,0,0,0,0,0,0,0,0,0,0,0,0,0,0,0,0,0,0,0,0,0,0,0,0,0,0
OTU348_Phascolarctobacterium sp900551745,0,0,0,0.08,0,0,0,0,0,0,0,0,0,0,0,0,0,0,0,0,0,0,0,0,0,0,0,0,0,0,0,0,0,0,0,0,0,0,0,0,0,0,0,0,0,0,0,0,0,0,0,0,0,0,0,0,0,0,0,0,0,0,0,0,0,0,0,0,0,0,0,0,0,0,0,0,0,0,0,0,0,0,0,0,0
OTU349_Haemophilus_D parainfluenzae_AC,0,0,0,0.02,0,0,0,0,0,0,0,0,0,0,0,0,0,0,0,0,0,0,0,0,0,0,0,0,0,0,0,0,0.02,0,0,0,0,0,0,0,0,0,0,0,0,0,0,0,0,0,0,0,0,0,0.73,0,0,0,0,0,0,0,0,0,0,0,0,0,0,0,0,0,0,0,0,0,0,0,0,0,0,0,0,0,0
OTU350_Haemophilus_D parainfluenzae_AH,0,0,0,0.02,0,0,0,0,0,0,0,0,0,0,0,0,0,0,0,0,0,0,0,0,0,0,0,0,0,0,0,0,0,0,0,0,0,0,0,0,0,0,0,0,0,0,0,0,0,0,0,0,0,0,0,0,0,0,0,0,0,0,0,0,0,0,0,0,0,0,0,0,0,0,0,0,0,0,0,0,0,0,0,0,0
OTU351_Haemophilus_D sp001815355,0,0,0,0.03,0,0,0,0,0,0,0,0,0,0,0,0,0,0,0,0,0,0,0,0,0,0,0.11,0,0,0,0,0,0,0,0,0,0,0,0,0,0,0,0,0,0,0,0,0,0,0,0,0,0,0,0,0,0,0,0,0.02,0,0,0,0,0,0,0,0,0,0,0,0,0,0,0,0,0,0,0,0,0,0,0,0,0
OTU352_Haemophilus_D parainfluenzae_K,0,0,0,0.02,0,0,0,0,0,0,0,0,0,0,0,0,0,0,0,0,0,0,0,0,0,0,0,0,0,0,0,0,0,0,0,0,0,0,0,0,0,0,0,0,0,0,0,0,0,0,0,0,0,0,0,0,0,0,0,0,0,0,0,0,0,0,0,0,0,0,0,0,0,0,0,0,0,0,0,0,0,0,0,0,0
OTU353_Bacteroides finegoldii,0,0,0,3.04,0,0,0,0,0,0,0,0,0,0,0,0,0.84,0,0,0,0,0,0,0,0,0,0.09,0,0,0,0,0,0,0,0,1.37,2.62,0,0,0,0,0,0,0,0,0,0,0,0,0,0,0,0,0,0,0,0,0,0,0,0,0,0,0,0,0,0,0,0,0,0,0,0,0,0,0,0,0,0,0,0,0,0,0,0
OTU354_Prevotella copri_N,0,0,0,0.01,0,0,0,0.03,0,0,0,0,0,0,0,0,0,0,0,9.95,0,0,0,0,0,0,0,0,0,0,0,0,0,0,0,0,0,0,0,0,0,0,0,0,0,0,0,0,0,0,0,0,0,0,0,0,0,0,0,0,0,0,0,0,0,0,0,0,0,0,0,0,0,0,0,0,0,0,0,0,0,0,0,0,0
OTU355_Phocaeicola dorei,0,0,0,0.04,0,0,0,3.32,0,0,0,0.34,3.16,0,1.06,0,0,0.03,1.9,0,0,0,0,1.93,0,0,0,0,0.02,0,0.33,0,0.07,0,0,0,0,0.03,0,0,0.06,0,0,0,1.73,0,0,0,0,0.06,0.03,0,0,0,0,0,0.02,0,0,0,0,0.18,0.04,0,0,0,0,0,0,0,0,9.1,7.37,0,0,0,0,0,0,0.04,0.24,0,0,0,0
OTU356_Parabacteroides segnis,0,0,0,0.63,0,0,0,0,0,0,0,0,0,0,0,0,0,0,0,0,0,0,0,0,0,0,0,0,0,0,0,0,0,0,0,0,0,0,0,0,0,0,0,0,0,0,0,0,0,0,0,0,0,0,0,0,0,0,0,0,0,0,0,0,0,0,0,0,0,0,0,0,0,0,0,0,0,0,0,0,0,0,0,0,0
OTU357_Tidjanibacter inops,0,0,0,0.05,0,0,0,0,0,0,0,0,0,0,0,0,0,0,0,0,0,0,0,0,0,0,0,0,0,0,0,0,0,0,0,0,0,0,0,0,0,0,0,0,0,0,0,0,0,0,0,0,0,0,0,0,0,0,0,0,0,0,0,0,0,0,0,0,0,0,0,0,0,0,0,0,0,0,0,0,0,0,0,0,0
OTU358_Bifidobacterium infantis,0,0,0,0.08,0,0,0,0.31,0,0,0,0,0,0,0,0,0,0,0,0,0,0,0,0,0,0,0,0,0,0,0,0,0,0,0,0.02,0,0,0,0,0,0,0,0,0,0,0,0,0,0,0,0,0,0,0,0,0,0,0,0,0,0,0,0,0,0,0,0,0,0,0,0,0,0,0,0,0,0.11,0.46,0,0,0,0,0,0
OTU359_Gordonibacter pamelaeae,0,0,0,0.01,0,0,0,0.04,0,0,0,0,0,0,0.03,0,0,0,0,0,0.03,0,0.02,0.01,0,0,0,0,0,0,0,0.07,0,0,0.04,0,0,0,0.03,0,0,0.01,0,0,0.03,0.03,0,0.03,0,0.08,0,0.02,0,0.02,0.01,0.03,0,0.02,0,0,0,0,0.03,0,0.03,0,0.02,0,0,0,0,0.01,0.01,0,0.01,0,0.07,0,0,0,0,0,0,0,0
OTU360_Faecalibacterium taiwanense,0,0,0,0,2,2.51,0.87,0.57,1.87,0,0.45,0,0,4.45,2.27,2.32,0.64,3.62,0,1.86,1.76,1.38,1.18,0,6.67,1.64,1.74,0,0.86,0,0,0,0,0,0,0,8.92,1.4,1.22,0,0.28,0,0.06,0,2.24,0,0.84,5.09,0,0.6,0,0,0,2.07,0,0.63,0,0,1.96,0,0,0,4.15,0.86,8.57,0,0.88,0,0,0,0,0,2.36,0,0.68,3.74,5.95,0.49,0.18,1.86,4.76,0,2.5,0,0
OTU361_Ruminococcus_C sp900545285,0,0,0,0,0.15,0.21,0,0,0,0,0,0,0,0,0,0,0,0,0,0,0,0,0,0,0,0,0,0,0,0,0,0,0,0,0,0,0,0,0,0,0,0,0,0,0,0,0,0,0,0,0,0,0,0,0,0,0,0,0,0,0,0,0,0,0,0,0,0,0,0,0,0,0,0,0,0,0,0,0,0,0,0,0,0,0
OTU362_Ruthenibacterium merdipullorum,0,0,0,0,0.01,0,0.03,0.04,0,0,0,0,0,0,0.03,0,0,0,0,0,0,0.03,0,0,0,0,0,0,0,0,0,0,0,0,0,0,0,0,0,0,0,0,0,0,0,0,0.01,0.05,0,0,0.55,0,0,0,0,0,0.34,0,0,0,0,0,0,0,0,0,0,0,0,0,0,0,0.01,0,0,0.21,0.07,0,0,0,0,0,0,0,0.01
OTU363_Avimicrobium sp934845495,0,0,0,0,0.02,0.02,0,0,0,0.02,0,0,0.11,0.02,0,0,0.02,0,0,0,0,0,0,0.05,0,0.01,0,0,0.06,0,0,0,0.04,0,0,0,0,0.02,0,0,0,0,0,0,0,0,0.04,0.04,0,0.01,0,0,0,0,0,0,0,0,0.01,0,0,0,0.02,0,0,0,0.05,0,0,0,0,0,0,0,0,0,0,0,0.02,0,0,0,0,0,0
OTU364_Merdimmobilis hominis,0,0,0,0,0.01,0,0,0,0,0,0.03,0,0.02,0.01,0.02,0,0,0,0.02,0,0,0.01,0,0.02,0,0,0,0,0,0,0,0.02,0.01,0,0,0,0.01,0,0,0,0,0,0,0,0.01,0,0,0.01,0,0.02,0.02,0.01,0,0,0,0,0.02,0,0,0,0,0,0.01,0,0,0,0,0,0.02,0,0,0,0.02,0,0,0.03,0.01,0,0.02,0,0,0,0.01,0,0
OTU365_UBA3818 sp900557155,0,0,0,0,0.02,0.15,0.02,0,0,0.02,0.04,0,0.11,0.13,0,0,0.1,0,0.12,0,0,0,0,0.03,0.02,0,0,0,0,0,0,0,0.03,0,0,0,0,0.06,0,0,0,0,0,0,0,0,0.05,0,0,0,0.1,0.12,0.02,0.01,0,0,0.1,0.03,0,0,0,0,0,0,0.07,0,0,0,0,0,0.07,0,0,0,0,0,0,0,0,0,0,0,0,0,0
OTU366_Faecousia sp000434635,0,0,0,0,0.19,0.3,0,0,0,0,0,0,1.08,0.32,0,0,0.83,0,0,0,0,0,0,0.05,0,0,0,0,0,0,0,0,0,0,0,0,0,0.3,0,0,0,0,0,0,1.46,0,0.21,0,0,0,0,0.21,0,0,0.15,0,0,0.05,0,0,0,0,0,0,0,0,0,0,0,0,0.32,0,0,0,0,0,0,0,0,0,0,0,0,0,0
OTU367_Faecousia sp900544975,0,0,0,0,0.02,0,0,0,0,0,0,0,0,0,0,0,0,0,0,0,0,0,0,0,0,0,0,0,0,0,0,0,0,0,0,0,0,0,0,0,0,0,0,0,0,0,0,0,0,0,0,0,0,0,0,0.21,0,0,0,0,0,0,0,0,0.02,0,0,0,0,0,0,0,0,0,0,0,0,0,0,0,0,0,0,0,0
OTU368_CAG-170 sp900553545,0,0,0,0,0.04,0.07,0,0,0,0,0.02,0,0.1,0.08,0,0.03,0.03,0,0,0.06,0,0,0,0.1,0.06,0,0,0,0,0,0,0,0,0.07,0.2,0,0,0.03,0,0,0,0,0,0,0,0.09,0.04,0,0,0,0,0.15,0.04,0,0.12,0,0,0.14,0,0,0,0,0,0,0,0,0,0,0,0,0.25,0,0,0,0,0,0,0,0,0,0,0,0,0,0
OTU369_CAG-170 sp003516765,0,0,0,0,0.07,0.05,0,0.47,0.07,0,0,0,0,0.22,0.59,0.1,0.04,0,0,0.13,0,0,0,0,0.06,0,0,0,0,0,0,0,0,0,0,0,0,0.1,0,0,0,0,0,0,0,0,0.04,0.08,0,0,0,0.16,0,0,0,0,0,0,0,0,0,0,0,0,0,0,0,0,0,0,0.22,0,0,0,0,0,0,0,0,0,0,0,0,0,0
OTU370_CAG-170 sp900545925,0,0,0,0,0.16,0,0,0,0,0,0,0,0,0.13,0,0,0,0,0,0.05,0,0,0,0,0,0,0,0,0,0,0,0,0,0,0,0,0,0,0,0,0,0,0,0,0,0,0,0.15,0,0,0,0,0,0,0,0,0,0,0,0,0,0,0,0,0,0,0,0,0,0,0,0,0,0,0,0,0,0,0,0,0,0,0,0,0
OTU371_CAG-170 sp002404795,0,0,0,0,0.04,0,0,0.56,0,0.02,0,0,0,0.08,0.86,0,0.11,0,0,0,0,0,0,0,0,0,0,0,0,0,0,0,0,0,0,0,0,0.02,0,0,0,0,0,0,0,0,0.15,1.34,0,0,0,0.49,0,0,0,0,0,0,0,0,0,0,0,0,0,0,0,0,0,0,0.06,0,0,0,0,0,0,0,0,0,0,0,0,0,0
OTU372_Oscillibacter faecalis,0,0,0,0,0.05,0,0,0.02,0,0,0.05,0,0.07,0.01,0.09,0.01,0,0,0.06,0,0,0.06,0,0.01,0.02,0,0,0,0,0,0,0.07,0.02,0,0.05,0,0.04,0.02,0,0,0,0.02,0,0,0.04,0,0.03,0,0,0.03,0.09,0.07,0,0,0.01,0,0.06,0,0,0,0,0,0.09,0,0.02,0,0.02,0,0.05,0,0,0,0,0,0.01,0,0.02,0,0,0,0,0,0,0,0
OTU373_CAG-103 sp934589185,0,0,0,0,0.03,0,0,0,0,0.03,0.04,0,0,0.29,0,0,0,0,0,0,0,0,0,0,0,0,0,0,0.03,0.04,0,0,0,0,0.23,0,0,0.13,0,0,0,0,0,0,0.04,0,0,0.03,0,0,0,0,0,0,0.06,0,0,0,0.16,0,0,0,0,0,0.09,0,0,0,0,0,0,0,0.06,0,0,0,0,0,0,0,0,0,0,0,0
OTU374_CAG-103 sp900757655,0,0,0,0,0.05,0,0,0,0,0.02,0,0,0,0,0,0,0,0,0,0,0,0,0,0,0,0,0,0,0,0.05,0,0.08,0,0,0,0,0,0,0,0,0,0,0,0,0.06,0,0,0.08,0,0,0,0,0,0,0.11,0,0,0,0,0,0,0,0,0.02,0.41,0,0,0,0,0,0,0,0,0,0,0,0,0,0,0,0,0,0,0,0
OTU375_Lawsonibacter sp900066825,0,0,0,0,0.04,0,0,0,0,0,0,0,0,0,0,0,0,0.03,0.19,0,0,0,0,0,0,0,0,0,0,0.1,0,0.83,0.05,0,0,0,0,0,0.14,0,0,0,0,0,0,0,0,0,0,0,0,0,0,0,0,0,0,0,0,0.07,0.08,0,0.01,0,0,0.08,0.59,0.32,0.21,0,0,0,0,0,0.03,0.06,0.09,0,0,0,0,0,0,0,0.22
OTU376_Lawsonibacter faecis_A,0,0,0,0,0.02,0,0.05,0,0.01,0,0,0,0.09,0,0,0.02,0.03,0.15,0.07,0.01,0.2,0,0,0.07,0,0,0.06,0.16,0.13,0,0,0.28,0.07,0.12,0.05,0.04,0.2,0.08,0.02,0.07,0,0.13,0,0,0,0.04,0.07,0.02,0,0,0,0.07,0,0.01,0.02,0,0,0.09,0.04,0,0,0,0,0,0,0,0,0,0,0.17,0.01,0.23,0.06,0,0,0,0,0,0,0.03,0,0,0,0.42,0.07
OTU377_Intestinimonas massiliensis,0,0,0,0,0.01,0,0,0,0,0,0,0,0,0,0,0,0,0,0,0,0,0,0,0.02,0,0,0,0,0,0,0,0,0,0,0.03,0,0,0,0,0,0,0,0,0.01,0,0,0,0.04,0,0,0.04,0,0,0,0,0,0.03,0,0,0,0,0,0,0,0.02,0,0,0,0,0,0,0,0,0,0,0.15,0.08,0,0,0,0,0,0,0,0
OTU378_Evtepia excrementipullorum,0,0,0,0,0.14,0,0,0,0,0,0,0,0,0,0,0,0,0,0,0,0,0,0,0,0,0,0,0,0,0,0,0,0,0,0,0,0,0,0,0,0,0,0,0,0.21,0,0,0,0,0,0,0,0.18,0,0,0,0,0,0,0,0,0,0,0,0,0,0,0,0,0,0,0,0,0,0,0,0,0,0,0,0,0,0,0,0
OTU379_Ruminococcoides bovis,0,0,0,0,0.1,0,0,0,0,0,0,0,0,0,0,0,0,0,0,0,0,0,0,0,0,0,0,0,0,0,0,0,0,0,0,0,0,0,0,0,0,0,0,0,0,0,0,0,0,0,0,0,0,0,0,0,0,0,0,0,0,0,0,0,0,0,0,0,0,0,0,0,0,0,0,0,0,0,0,0,0,0,0,0,0
OTU380_Ruminococcoides intestinihominis,0,0,0,0,0.55,0.09,0,0,0,0,0,0,0,0,0,0,0,0,0,0,0,0,0,0,0,0,0,0,0,0,0,0,0,0,0,0,0,0,0,0,0,0,0,0,0,0,0,0,0,0,0,0,0,0,0,0,0,0,0,0,0,0,0,0,0,0,0,0,0,0,0,0,0,0,0,0,0,0,0,0,0,0,0,0,0
OTU381_CAKTXU01 sp934615635,0,0,0,0,0.02,0,0,0.11,0,0,0.02,0,0,0.01,0.02,0,0,0,0,0,0,0,0,0,0,0,0,0,0,0,0,0,0,0,0,0,0,0,0,0,0,0,0,0,0,0,0,0.02,0,0,0.07,0.02,0.02,0,0,0.05,0.04,0,0,0,0,0,0,0,0.02,0,0,0,0,0,0,0,0,0,0,0,0,0,0,0,0,0,0,0,0
OTU382_CAJFUH01 sp934717555,0,0,0,0,0.01,0,0,0,0,0,0,0,0,0.02,0,0,0,0,0,0,0,0,0,0,0,0,0,0,0,0,0,0,0,0,0,0,0,0,0,0,0,0,0,0,0,0,0,0,0,0.02,0,0,0.01,0,0,0,0,0,0,0,0.02,0,0,0,0.01,0,0,0,0.02,0,0,0,0,0,0,0,0,0,0,0,0,0,0,0,0
OTU383_Eubacterium_R sp000434995,0,0,0,0,0.32,0,0,0,0,0,0,0,0,0,0,0,0,0,0,0,0,0,0,0,0,0,0,0,0,0,0,0.59,0.24,0,0,0,0,0.76,0,0,0,0,0,0,0,0,0,0,0,0,0,0.25,0,0,0,0,0,0,0,0,0,0,0,0,0,0,0,0,0,0,0,0,0,0,0,0,0,0,0,0,0,0,0,0,0
OTU384_Agathobaculum hominis,0,0,0,0,0.58,0.13,0,0,0,0,0,0,0,0,0,0,0,0,0,0.09,0,0,0,0,0,0,0.18,0,0.11,0,0,0,0,0,0,0,0,0,0,0.23,0,0,0,0,0,0.1,0.11,0,0,0,0.33,0.06,0,0,0,0,0.23,0,0.16,0,0,0.3,0.62,0,0,0,0,0,0,0,0,0,0,0,0,0,0,0,0,0,0,0,0,0,0
OTU385_Flemingiibacterium sp900546315,0,0,0,0,0.12,0.03,0.04,0.07,0,0,0,0,0.07,0,0.11,0,0.04,0,0,0.06,0,0,0,0.01,0,0,0,0,0,0,0,0,0,0,0,0,0,0.03,0,0,0,0,0,0,0.06,0,0.12,0.01,0,0,0.03,0.42,0,0,0.13,0.07,0.03,0,0,0,0,0,0.09,0,0,0,0,0,0,0,0.02,0,0.04,0,0,0,0,0,0,0,0,0,0,0,0
OTU386_UMGS882 sp900757905,0,0,0,0,0.11,0,0,0.02,0,0,0,0,0.33,0,0,0,0,0,0,0.02,0,0,0,0.03,0,0,0,0,0,0,0,0,0,0,0,0,0,0.01,0,0,0,0,0,0,0,0,0.07,0,0,0,0,0.06,0,0,0.03,0,0,0,0,0,0,0,0,0,0,0,0,0,0,0,0,0,0,0,0,0.04,0.05,0,0,0,0,0,0,0,0
OTU387_Lachnospira sp000437735,0,0,0,0,0.23,0,0,0,0.06,0,0,0,0,0,0.15,0,0,0,0.65,0.08,0.04,0,0.03,0,0.24,0,0,0,0.34,0.41,0,1.63,0,0.02,0,0,0,0,0,0,0,0.04,0,2.99,0.05,0,0.11,0.13,0,0.4,0,0.56,0.74,0,0.4,0,0,0,0,0,0.14,0,0.07,0,0,0,0.42,0,0,0,0.04,0,0.04,0,0.1,0.24,0.03,0,0,0,0,0,0,0,0
OTU388_Coprococcus_A catus,0,0,0,0,0.03,0.02,0,0,0.04,0.03,0,0,0,0.12,0.01,0.07,0,0,0,0,0.32,0.01,0,0,0,0.06,0.05,0,0.02,0,0,0.01,0.03,0,0,0,0,0,0,0,0,0,0,0,0,0,0.1,0,0,0.06,0,0,0,0.33,0,0,0,0,0.04,0,0,0.01,0.01,0,0,0,0,0,0,0,0,0,0,0,0,0,0,0,0,0.04,0,0,0,0,0
OTU389_Eubacterium_F sp934322085,0,0,0,0,0.01,0,0.06,0,0,0,0.26,0,0,0,0.04,0.03,0,0.05,0.05,0,0,0,0,0.05,0,0,0,0,0,0,0,0,0,0,0.1,0,0,0.03,0,0,0,0,0,0,0,0.03,0,0.07,0,0.18,0.11,0,0.07,0,0.12,0.02,0.09,0,0,0,0,0,0,0,0.1,0,0,0,0,0,0.16,0,0,0,0,0,0,0,0,0,0,0,0,0,0
OTU390_Eubacterium_F sp003491505,0,0,0,0,0.06,0,0.32,0,0.03,0,0.8,0,0,0.02,0.21,0.28,0,0.12,0.27,0,0,0,0,0.16,0,0,0,0,0,0,0,0.09,0,0,0.33,0,0,0.11,0,0,0,0,0,0,0,0.14,0.04,0.61,0,0.92,0.58,0.28,0.26,0,0.32,0.12,0.61,0,0,0,0,0,0,0,0.37,0,0,0,0,0,0.72,0,0,0,0,0,0,0,0,0,0,0,0,0,0
OTU391_Eubacterium_F sp900539115,0,0,0,0,0.02,0.16,0,0,0,0,0,0,0.03,0,0,0,0.16,0,0,0,0.02,0,0,0.11,0,0,0,0,0,0,0,0,0,0,0,0,0,0,0,0,0,0,0,0,0.48,0,0,0.2,0,0,0,0,0.24,0,0,0,0,0,0,0,0,0,0,0,0,0,0,0,0,0,0,0,0,0,0,0,0,0,0,0,0,0,0,0,0
OTU392_Clostridium_AP sp000509125,0,0,0,0,0.01,0,0.17,0,0,0,0.06,0.24,0,0,0,0,0,0,0,0,0,0,0,0,0,0.02,0,0.24,0,0,0,0.02,0.01,0,0,0.06,0.02,0,0.05,0,0,0,0,0,0,0,0,0,0,0.18,0.09,0,0,0,0,0.15,0.12,0,0,0,0,0,0,0.12,0.05,0.03,0.19,0.03,0.3,0,0,0,0,0,0,0.21,0.13,0.04,0.06,0,0,0,0,0,0
OTU393_Metalachnospira sp900548595,0,0,0,0,0.03,0,0,0,0,0,0,0,0,0,0,0,0,0,0,0,0,0,0,0,0,0,0,0.05,0,0,0,0,0,0,0,0,0,0,0,0,0,0,0,0,0,0,0,0,0,0.06,0.03,0,0,0,0,0,0.07,0,0,0,0,0,0,0,0,0,0.05,0,0,0,0,0,0,0,0.03,0,0,0,0,0,0,0,0,0,0.04
OTU394_CAG-274 sp000432155,0,0,0,0,0.04,0,0,0,0,0,0,0,0,0,0,0,0,0,0,0,0,0,0,0,0,0,0,0,0,0,0,0,0.34,0,0,0,0,0,0,0,0,0,0,0,0,0,0,0,0,0.07,0,0,0,0,0,0,0,0,0,0.01,0.9,0,0,0,0,0,0,0,0,0,0,0,0,0,0,0,0,0,0,0,0,0,0,0,0.43
OTU395_Lentihominibacter butyricus,0,0,0,0,0.02,0,0,0,0,0,0,0,0,0.05,0,0,0.02,0,0,0,0,0,0.04,0,0,0,0,0,0,0,0,0,0.02,0,0.08,0,0,0.01,0,0,0,0.12,0,0,0,0,0.12,0,0,0.02,0,0.05,0.02,0.03,0.03,0.08,0,0,0,0,0,0,0,0,0,0,0,0,0,0,0.06,0,0,0,0,0,0.02,0,0,0,0,0,0,0,0
OTU396_Scatosoma sp900555925,0,0,0,0,0.02,0.03,0,0.14,0,0,0,0,0,0,0,0.08,0,0,0,0.01,0.02,0,0,0,0,0,0,0,0,0,0,0,0,0,0.12,0,0,0,0,0,0,0,0,0,0,0,0,0.13,0,0,0,0.12,0.01,0,0.09,0,0,0,0,0,0,0,0,0,0,0,0,0,0,0,0,0,0,0,0,0,0,0,0,0,0,0,0,0,0
OTU397_Scatosoma sp900552625,0,0,0,0,0.09,0,0.07,0,0,0,0,0,0.02,0,0.1,0,0,0,0,0,0,0,0,0,0,0,0,0,0,0,0,0,0,0,0,0,0,0.02,0,0,0,0.01,0,0,0.11,0,0,0.02,0,0,0,0.16,0,0,0.04,0.02,0,0,0,0,0,0,0,0,0.03,0,0,0,0,0,0.05,0,0,0,0,0,0.02,0,0,0,0,0,0,0,0
OTU398_Ventricola sp900542445,0,0,0,0,0.05,0.04,0,0.23,0.12,0.06,0,0,0,0.07,0,0.09,0.09,0.05,0.3,0.13,0.07,0,0,0.29,0.15,0.01,0,0.13,0.04,0,0,0.16,0.11,0,0,0,0.09,0.16,0.42,0,0,0,0,0,0,0.17,0.06,0,0,0.16,0,0.08,0.07,0.1,0.13,0.19,0,0.06,0,0,0,0,0.08,0,0,0,0,0,0,0,0,0,0.03,0,0,0,0,0,0,0,0,0,0,0,0.22
OTU399_UMGS1975 sp900556815,0,0,0,0,0.01,0.03,0,0,0,0,0,0,0,0.03,0,0,0,0,0,0,0,0,0,0,0,0,0,0.03,0,0,0,0,0,0,0,0,0,0,0,0,0,0,0,0,0,0,0,0.09,0,0,0,0,0,0,0,0.35,0,0,0,0,0,0,0,0,0,0,0,0,0,0,0,0,0.07,0,0,0,0,0,0,0,0,0,0,0,0
OTU400_Monoglobus pectinilyticus,0,0,0,0,0.54,0,0,0.06,0.01,0,0,0,0,0,0.05,0.01,0.05,0,0,0,0,0,0,0.08,0.07,0,0,0,0,0,0,0.11,0,0,0,0,0,0,0,0,0,0.04,0,0,0.03,0,0,0.07,0,0.08,0.06,0.02,0.09,0.01,0,0.09,0.07,0,0,0,0,0,0,0,0.49,0,0,0,0.01,0,0,0,0.82,0,0,0,0.32,0,0,0,0,0,0,0,0
OTU401_Limosilactobacillus fermentum,0,0,0,0,0.02,0,0,0,0,0.17,0,0,0,0,0,0,0,0,0,0,0,0,0,0,0,0,0,0,0,0,0,0,0,0,0,0,0,0,0,0,0,0,0,0,0,0,0,0,0,0,0,0,0,0,0,0,0,0,0,0,0,0,0,0,0,0,0,0,0,0,0,0,0,0,0,0,0,0,0,0,0,0,0,0,0
OTU402_Streptococcus salivarius_D,0,0,0,0,0.05,0,0,0,0.03,0,0,0,0,0,0,0,0,0,0,0,0,0.11,0,0,0.12,0.14,0,0,0,0.04,0,0,0.03,0,0,0,0,0.01,0.03,0.03,0,0,0,0.08,0,0,0,0,0,0.05,0,0,0,0.02,0,0.03,0,0.07,0.56,0,0.1,0,0,0,0,0,0,0,0,0,0,0.02,0.16,0.12,0,0.1,0.28,0,0,0,0,0,0,0,0
OTU403_Streptococcus sp001556435,0,0,0,0,0.07,0,0,0,0.03,0.04,0,0.03,0.03,0,0.1,0,0.02,0,0.04,0,0,0,0,0,0.19,0,0,0,0,0.05,0.03,0,0,0,0,0,0,0,0.05,0.02,0.02,0.02,0,0,0.12,0.16,0,0.04,0,0.13,0.06,0,0.12,0,0,0,0.02,0.03,0,0.03,0.1,0,0,0,0.01,0,0,0,0,0,0,0,0,0.08,0.05,0,0,0,0,0.03,0,0,0,0,0.03
OTU404_Streptococcus salivarius_E,0,0,0,0,0.04,0,0,0,0,0.05,0,0.02,0,0,0.15,0.06,0.02,0,0,0.07,0.06,0.08,0,0,0,0,0,0,0,0.03,0,0,0,0,0,0,0,0,0.03,0,0.04,0.02,0,0,0.21,0,0,0.05,0,0.07,0.06,0.03,0,0.02,0.07,0.06,0.02,0,0,0.02,0,0,0.05,0,0,0.1,1.29,0,0,0,0,0.02,0.24,0.06,0,0,0.1,0,0,0,0,0,0,0.02,0.04
OTU405_Holdemania filiformis,0,0,0,0,0.01,0,0,0,0,0,0.02,0.05,0.02,0.02,0,0.05,0.02,0,0,0,0.02,0.01,0,0,0.01,0,0,0.04,0,0.02,0,0.05,0.01,0,0,0,0,0,0,0,0,0.01,0.23,0.33,0,0,0,0,0,0,0.03,0,0,0,0.01,0.02,0.04,0,0,0,0.02,0,0,0.1,0.05,0,0,0.03,0,0,0,0,0,0,0.04,0.04,0.02,0,0.08,0,0.05,0,0,0,0
OTU406_Faecalibacillus sp900544435,0,0,0,0,0.01,0,0,0,0,0,0,0,0,0,0,0,0,0,0,0.01,0.12,0,0,0,0,0,0,0,0,0,0.56,0,0,0,0,0,0,0.02,0,0,0,0.02,0,0,0.01,0.03,0,0,0,0,0,0,0,0.06,0,0,0,0,0,0,0,0,0,0,0.03,0,0,0,0,0.08,0,0,0,0.02,0,0,0,0,0,0,0,0,0,0,0.02
OTU407_51-20 sp001917175,0,0,0,0,1.63,0,0,0,0,0,0,0,0.08,0,0,0,0,0,0,0,0,0,0,0,0,0,0,0,0,0,0,0,0,0,0,0,0,0,0,0,0,0,0,0,0,0,0,0,0,0,0,0,0,0,0,0,0,0,0,0,0,0,0,0,0,0,0,0,0,0,0,0,0,0,0,0,0,0,0,0,0,0,0,0,0
OTU408_Parasutterella gallistercoris,0,0,0,0,1.94,0,0.16,0.09,0.02,0,0,0,0,0,0,0,0,0.2,0.24,0,1.11,1.95,0,0,0,0,0,0.67,0,0,0,1.49,0,0,0,0,0,0,0.09,0,0,0,0,0,0,0,0,0,0,0,0,0,0,0.65,0,0,0,0,0,0,0,0,0,0.02,0,0,0,0,0,0,0,0.52,0.35,0,0,0,0,0,0,0,0,0,0,0,0
OTU409_Parasutterella excrementihominis,0,0,0,0,0.12,0.36,0.59,0.09,0.05,0.03,0,0,0,0.02,0,0.05,0,0.31,0.17,0,0,0.52,1.89,0.37,0.54,0,0,0.26,0,0,0,0.34,0.01,0,0,0,0,0,0.35,0,0,0.01,0,0,0,0,0.01,0,0,0,0,1.09,0.26,0,0.02,0.02,0,0.89,0.01,0,0,0,0.04,0.14,0.4,0,0.01,0.87,1.5,0,0,0.6,0.29,0,0,0,0,0,0,0,0,0.04,0.99,0,0
OTU410_Collinsella intestinalis,0,0,0,0,0.42,0,0,0,0,0,0,0,0,0,0,0,0,0,0.02,0,0,0,0,0,0,0,0,0,0,0,1.01,0,0,0,0.1,0.14,0.25,0,0,0,0,0,2.42,0.53,0,0,0,0,0,0,0,0,0,0,0,0,0,0,0,0,0,0,0,0,0,0,0,0,0,0,0,0,0,0,0,0,0,0,0,0,0,0,0,0,0
OTU411_Collinsella sp902364775,0,0,0,0,0.24,0,0,0,0,0,0,0,0,0,0,0,0,0,0.03,0,0,0,0,0,0,0,0,0,0,0,0.52,0,0,0,0,0.05,0.12,0,0,0,0,0,1.19,0.32,0,0,0,0,0,0,0,0,0,0,0,0,0,0,0,0,0,0,0,0,0,0,0,0,0,0,0,0,0,0,0,0,0,0,0,0,0,0,0,0,0
OTU412_Collinsella stercoris,0,0,0,0,0.34,0,0,0,0,0,0,0,0,0,0,0,0,0,0,0,0,0,0,0,0,0,0,0,0,0,0,0,0,0,0,0,0,0,0.34,0,0,0,0,0,0,0,0,0,0,0,0,0,0,0,0,0,0,0,0,3.52,1.02,0,0,0,0,0,0,0.74,3.27,0,0,0,0,0,0,0,0,0,0,0,0,0,0,0,0
OTU413_Akkermansia biwaensis,0,0,0,0,0.13,0,1.55,0,0,0,0,0,0,0,0,0,0,0,0,0,0,0,0,0,0,0,0,0.76,0,0,0,0,0,0.06,0.58,0,0,0,0,0,0,0,0,0,0.01,0,0,0,0,0,0,0,0,0,0.06,2.79,0,0,0,0,0,0,0,0.04,0.23,0,0,0,0,0,0,0,0,0,0,0,0,0,0,0,0,0,0,0,0
OTU414_Prevotella copri_S,0,0,0,0,0.03,0,0,0,0,0,0,0,0,0,0,0,0,0,0,0,0,0,0.01,0.01,0,7.18,0,0.03,0,0.03,0,0.01,0,0,0,0,0.01,0,0.01,0,0,0,0.05,0,0,0,0,0.01,0,0,0,0,0,0,0.02,0.02,0.01,0,0,0,0,0,0,0,0.02,0.08,0.01,0,0,0,0,0.01,0,0,0,0,0,0,0,0,0,0,0,0,0
OTU415_Bacteroides thetaiotaomicron,0,0,0,0,4.62,0.61,0,0,0,0,0,0,1.44,0,0,1.82,0,0,0,0.2,0,0,0,3.31,0,0,0.07,0,0,2.77,0,1.86,0.14,0.41,0,0,0,0,0,0,0.29,0,0,0,0.83,0,0.09,0,4.09,6.91,0,1.22,0,0,0,0,0,0.53,0,0,0,0,0,0,0,0,0,1.25,0,0,0,0,0,0.82,0,0,0,0,0,0,0,0.22,0.31,0.69,0
OTU416_Phocaeicola coprocola,0,0,0,0,7.42,0,0,0,0,0,0,0,0,0.2,0,0,0,0,0,1.16,0,0,0,0,0,0,0,0,0,0,0,6.4,0,1.33,0.25,7.73,8.5,0,0,3.37,0,0,0,0,0,0,0.21,0,0,0,0,0,0,1.79,0,0,0,0,0,0,0,0,0,0,0,0,0,0,0,2.57,0.37,0,0,0,0,0,0,0,0,0,0,0,0,0.16,0.53
OTU417_Butyricimonas faecihominis,0,0,0,0,0.44,0,0,0,0,0,0,0,0,0.05,0,0,0,0,0,0,0,0,0,0,0,0.03,0,0,0,0,0,0,0,0,0,0,0,0,0,0,0,0,0,0,0,0,0,0,0,0,0,0,0,0,0.06,0.11,0,0,0,0,0,0,0,0,0,0,0,0,0,0,0,0,0,0,0,0,0,0,0,0,0,0,0,0,0
OTU418_Alistipes_A indistinctus,0,0,0,0,0.02,0,0,0,0,0.03,0,0,0,0,0,0,0,0,0.06,0,0,0.02,0.14,0,0,0,0,0,0,0,0,0,0.06,0.07,1.22,0,0,0,0,0,0,0,0,0,0,0,0.7,0,0,0,0,0.13,0,0,0.04,0.07,0,0.16,0.03,0,0,0,0,0,0,0,0,0,0,0,0.31,0,0,0,0,0,0.01,0,0,0,0,0,0,0,0.44
OTU419_Barnesiella propionica,0,0,0,0,0.1,0.01,1.76,0.26,0,0,0.08,0,0,0,0,0,0,0,0.03,0,0,0,0,0.14,0,0,0,0.02,0,0,0,0,0,0,0,0,0,0.05,0,0,0,0,0,0,0,0.07,0,0,0,0,0,0,0.05,0,0,0,0,0,0,0,0,0,0,0,0,0,0,0,0,0,0,0,0,0,0,0,0,0,0,0,0,0,0,0,0.08
OTU420_Mailhella merdigallinarum,0,0,0,0,0.03,0,0,0,0,0,0,0,0.01,0,0,0,0,0,0,0,0,0,0,0,0,0,0,0,0,0,0,0,0,0,0,0,0,0,0,0,0,0,0,0,0,0,0,0,0,0,0,0,0,0,0,0,0,0,0,0,0,0,0,0,0.03,0,0,0,0,0,0,0,0,0,0,0,0,0,0,0,0,0,0,0,0
OTU421_Desulfovibrio fairfieldensis_A,0,0,0,0,0.06,0,0,0,0,0,0,0,0,0,0,0,0,0,0,0,0,0,0,0,0,0,0,0,0,0,0,0,0,0.06,0.2,0,0,0,0,0,0,0.01,0,0,0,0,0,0.01,0,0,0,0,0,0,0,0,0,0,0,0,0,0,0,0,0,0,0,0.04,0.16,0,0,0,0,0,0,0,0,0,0,0,0,0,0,0,0
OTU422_Eubacterium_F sp002431395,0,0,0,0,0,0.05,0,0,0,0,0,0,0.01,0,0,0,0,0,0,0,0.01,0,0,0,0,0,0,0,0,0,0,0,0,0,0,0,0,0,0,0,0,0,0,0,0.13,0,0,0,0,0,0,0,0,0,0,0,0,0,0,0,0,0,0,0,0,0,0,0,0,0,0,0,0,0,0,0,0,0,0,0,0,0,0,0,0
OTU423_Eubacterium_F sp934316845,0,0,0,0,0,0.02,0,0,0,0,0,0,0,0,0,0,0.01,0,0,0,0,0,0,0,0,0,0,0,0,0,0,0,0,0,0,0,0,0,0,0,0,0,0,0,0.07,0,0,0,0,0,0,0,0,0,0,0,0,0,0,0,0,0,0,0,0,0,0,0,0,0,0,0,0,0,0,0,0,0,0,0,0,0,0,0,0
OTU424_Acetatifactor intestinalis,0,0,0,0,0,0.15,0,0,0,0.02,0,0,3.07,0.14,0,0,0.25,0.03,0,0.03,0,0,0,1.98,0,0,0.01,0,0.01,0,0,0,0.08,0.06,0,0,0.02,0.07,0,0.08,0.03,0.07,0,0,0,0,0.08,0.01,0,0,0,0.14,0.57,0,3.11,0.03,0,1.82,0,0,0,0,0.01,0.04,0,0.01,0,0,0,0.06,1.18,0.01,0,0,0,0,0,0,0,0,0,0,0,0,0
OTU425_Lachnospira eligens,0,0,0,0,0,0.01,0,0.02,0,0,0,0,0,0,0,0,0,0,0,0,0,0,0,0,0,0,0,0,0,0.77,0,0,0,0,0,0,0.19,0,0,0,0,0,0,0,0.06,0,0,0,0,0,0,0,0,0,0,0,0,0.08,0,0,0,0,0,0,0,0,0,0,0,0,0,0,0,0,0,0,0,0,0,0,0,0,0,0,0
OTU426_Suilimivivens sp000438155,0,0,0,0,0,0.09,0,0,0,0,0,0,0.24,0,0,0,0,0,0,0,0,0,0,0,0,0,0,0,0,0,0,0,0,0,0,0,0,0.05,0,0,0,0,0,0,0,0,0,0,0,0,0,0,0,0,0,0,0,0,0,0,0,0,0,0,0,0,0,0,0,0,0.22,0,0,0,0,0,0,0,0,0,0,0,0,0,0
OTU427_Catenibacillus scindens,0,0,0,0,0,0.02,0,0.02,0,0,0,0,0,0,0,0,0,0,0,0,0,0,0,0,0,0,0,0,0,0,0,0,0,0,0,0,0,0,0,0,0,0.01,0,0,0,0,0,0,0,0,0,0,0,0,0,0,0,0,0,0,0,0,0,0,0,0,0,0,0,0,0,0,0,0,0,0,0.04,0,0,0,0,0,0,0,0
OTU428_Coprococcus sp000154245,0,0,0,0,0,0.94,0,0,0,0.12,0,0,0,0,0,0,0,0,0,0,0,0,0,0,0,0,0,0,0,0,0,0,0,0,0,0,0,0,0,0,0,0,0,0,0,0,0,0,0,0,0,0,0,0,0,0,0,0,0,0,0,0,0,0,0,0,0,0,0,0,0.03,0,0,0,0,0,0,0,0,0,0,0,0,0,0
OTU429_Dorea_A sp963595255,0,0,0,0,0,0.05,0.2,0.01,0.08,0.09,0.12,0,0,0.24,0,0.05,0.1,0.3,0,0.13,0,0,0,0,0.22,0.58,0.18,0.54,0.09,0,0,0.18,0.1,0.18,0.07,0,0.22,0.13,0.1,0.54,0,0,0,0,0.04,0,0.41,0.1,0,0,0.15,0.09,0,0.23,0.18,0.15,0.19,0.24,0.3,0.31,0.74,0,0,0,0,0,0.65,0,0,0,0.23,0,0,0,0,0,0,0,0,0,0,0.4,0.51,0,0
OTU430_Roseburia_B zhanii,0,0,0,0,0,0.01,0,0,0.02,0,0,0,0,0,0,0,0,0,0,0,0,0,0,0,0,0,0,0,0,0,0,0,0,0,0,0,0,0.04,0,0,0,0,0,0,0,0,0,0,0,0,0,0,0.05,0,0,0,0,0,0,0,0,0,0,0,0,0,0,0,0,0,0,0,0,0,0,0,0,0,0,0,0,0,0,0,0
OTU431_Negativibacillus sp000435195,0,0,0,0,0,0.01,0,0,0,0,0,0,0,0.28,0,0,0.07,0,0,0,0,0,0,0,0,0,0,0,0,0,0,0,0.02,0,0,0,0.32,0,0,0,0,0,0,0,0,0,0.2,0,0,0.33,0,0,0.07,0,0,0,0,0,0.02,0,0,0,0,0,0.08,0,0,0,0.68,0,0,0,0,0,0,0,0,0,0,0,0.02,0,0,0,0.02
OTU432_Oscillibacter faecalis_A,0,0,0,0,0,0.04,0,0,0.03,0.07,0.07,0,0.1,0,0.04,0.01,0,0,0,0,0.1,0.03,0,0.04,0.05,0,0,0,0.23,0,0,0,0.04,0,0,0,0,0,0,0,0,0,0,0,0,0,0.02,0,0,0,0,0.28,0,0.04,0.06,0,0,0.14,0,0,0.24,0,0.04,0.02,0.02,0,0,0,0,0,0,0,0.05,0,0,0,0,0,0,0,0,0,0.06,0,0
OTU433_Enterenecus sp900549885,0,0,0,0,0,0.05,0,0,0,0,0.05,0,0.03,0,0.03,0,0,0,0.02,0,0,0,0,0.01,0,0,0,0,0,0,0,0.06,0,0,0.04,0,0,0,0,0,0,0,0,0,0.05,0,0,0.05,0,0,0,0.04,0.02,0,0.02,0,0,0,0,0,0,0,0,0,0.03,0,0,0,0,0,0,0,0.07,0,0,0,0,0,0,0,0,0,0,0,0
OTU434_Pseudoscillospira sp018369915,0,0,0,0,0,0.02,0,0,0.01,0,0.02,0,0.01,0,0.02,0.02,0.02,0,0.08,0.01,0.04,0.02,0,0.03,0,0,0,0.01,0,0,0,0.04,0.01,0,0,0.22,0.09,0.01,0,0,0,0.02,0,0,0,0.02,0,0.01,0,0,0.05,0.02,0.02,0,0.02,0,0.06,0.01,0,0,0,0,0.06,0.13,0.02,0,0,0,0.08,0,0,0.02,0.04,0,0.03,0,0,0,0,0.01,0.02,0,0.02,0.03,0
OTU435_CAG-177 sp002451755,0,0,0,0,0,0.14,0,0.22,0,0,0,0,0,0,0,0,0.11,0,0,0,0,0,0,0,0,0.02,0,0,0,0,0,0,0,0,0,0,0,0.39,0,0,0,0,0,0,0,0,0,0,0,0,0,0.14,0,0,0,0,0,0,0,0,0,0,0,0,0,0,0,0,0,0,0.04,0,0,0,0,0,0,0,0,0,0,0,0,0,0
OTU436_CAG-177 sp003514385,0,0,0,0,0,0.46,0,0.66,0,0,0,0,0,0,0,0,0.49,0,0,0,0,0,1,0,0,0.09,0,0.04,0,0,0,0,0.53,0.02,3.72,0,0,0.81,0,0,0,0.01,0,0,0,0,2.5,0,0,0,0,0.43,0,0,0,0,0,0,0.38,0,0,0,0,0,0,0,0,0,0,0,0.05,0,0,0,0,0,0,0,0,0,0,0,0,0,0
OTU437_CAG-177 sp963592475,0,0,0,0,0,0.2,0,0.28,0,0,0,0,0,0,0,0,0.15,0,0,0,0,0,0.41,0,0,0.02,0,0.02,0,0,0,0,0.17,0,2.71,0,0,0.34,0,0,0,0,0,0,0,0,0.7,0,0,0,0,0.19,0,0,0,0,0,0,0.08,0,0,0,0,0,0,0,0,0,0,0,0.04,0,0,0,0,0,0,0,0,0,0,0,0,0,0
OTU438_Ventricola sp900548125,0,0,0,0,0,0.02,0,0,0,0,0,0,0,0.05,0.04,0,0,0,0,0,0.05,0.02,0.02,0,0,0,0,0,0,0,0,0,0.06,0,0,0,0,0,0,0,0,0,0,0,0,0,0,0,0,0,0,0,0,0,0,0,0,0,0,0,0,0,0.06,0,0,0,0,0,0,0.13,0.09,0,0.03,0,0,0,0,0,0,0,0,0,0,0,0
OTU439_Catenibacterium mitsuokai,0,0,0,0,0,0.15,0,0,0,0,0,0,0,0,0,0,0,0,0,0,0,0,0.01,0,0,0,1.87,0,0,0,0,0,0,0,0,0,0,0,0,0,0,0,0,0,0,0,0.28,0,0,0,0,0,0,0,0,0,0,0,0.17,0,0,0,0,0,0,0,0,0,0,0.02,0.02,0,0,0,0,0,0,0,0,0,0,0,0,0,0
OTU440_Catenibacterium mitsuokai_A,0,0,0,0,0,0.04,0,0,0,0,0,0,0,0,0,0,0,0,0,0,0,0,0,0,0,0,0.52,0,0,0,0,0,0,0,0,0,0,0,0,0,0,0,0,0,0,0,0.13,0,0,0,0,0,0,0,0,0,0,0,0.03,0,0,0,0,0,0,0,0,0,0,0,0,0,0,0,0,0,0,0,0,0,0,0,0,0,0
OTU441_Catenibacterium sp900764565,0,0,0,0,0,0.03,0,0,0,0,0,0,0,0,0,0,0,0,0,0,0,0,0,0,0,0,0.3,0,0,0,0,0,0,0,0,0,0,0,0,0,0,0,0,0,0,0,0.06,0,0,0,0,0,0,0,0,0,0,0,0,0,0,0,0,0,0,0,0,0,0,0,0,0,0,0,0,0,0,0,0,0,0,0,0,0,0
OTU442_Thomasclavelia spiroformis,0,0,0,0,0,0.02,0,0.02,0,0,0.02,0.04,0,0.07,0.08,0,0.04,0,0,0.03,0.06,0,0,0,0,0,0,0,0,0,0,0.03,0,0,0.02,0,0,0.04,0,0.11,0.02,0.01,0.36,0.11,0.02,0,0,0.02,0,0,0,0,0.13,0,0,0,0,0,0,0,0,0,0,0,0,0,0,0,0,0,0,0,0,0,0,0,0,0,0,0,0,0,0,0,0
OTU443_Longicatena caecimuris,0,0,0,0,0,0.02,0,0,0,0,0,0.03,0,0,0,0,0,0,0.02,0,0,0,0,0,0,0,0,0,0,0,0.61,0,0,0,0,0.07,0.01,0,0.03,0,0,0,26.72,3.91,0,0,0.02,0.03,0,0.72,0.2,0,0.05,0.06,0,0,0.19,0,0,0.02,0,0,0,0.15,0.04,0.02,0.09,0,0,0,0,0,0,0,0,0.04,0.14,0,0.01,0,0,0,0,0,0
OTU444_Streptococcus parasanguinis_B,0,0,0,0,0,0.03,0,0,0,0,0,0,0,0,0,0,0,0,0,0,0,0,0,0,0,0,0,0,0,0,0,0,0,0,0,0,0,0,0,0,0,0,0,0,0,0,0,0,0,0,0,0,0,0,0,0,0,0,0,0,0,0,0,0,0,0,0,0,0,0,0,0,0,0,0,0,0,0,0,0,0,0,0,0,0
OTU445_Collinsella sp019419555,0,0,0,0,0,0.06,0,0,0,0,0,0,0,0,0,0,0,0,0,0,0,0,0,0,0,0,0,0,0,0,0,0,0,0,0,0,0,0,0,0,0,0,0,0,0,0,0,0,0,0,0,0,0,0,0,0,0,0,0,0,0,0,0,0,0,0,0,0,0,0,0,0,0,0,0,0,0,0,0,0,0,0,0,0,0
OTU446_Collinsella sp905215725,0,0,0,0,0,0.02,0,0,0,0.04,0,0,0,0,0.06,0,0,0,0,0,0,0,0,0,0,0,0,0,0,0,0,0,0,0,0,0,0,0,0,0,0,0,0,0,0,0,0,0,0,0.02,0,0,0,0,0.1,0,0,0,0,0,0,0,0,0,0.12,0,0,0,0,0,0.25,0,0,0,0,0,0,0,0,0,0,0,0,0,0
OTU447_Collinsella sp958407555,0,0,0,0,0,0.03,0,0,0,0,0,0,0,0,0,0,0,0,0,0,0,0,0,0,0,0,0,0,0,0,0,0,0,0,0,0,0,0,0,0,0,0,0,0,0,0,0,0,0,0,0,0,0,0,0,0,0,0,0,0,0,0,0,0,0,0,0,0,0,0,0,0,0,0,0,0,0,0,0,0,0,0,0,0,0
OTU448_UBA11452 sp003526375,0,0,0,0,0,0.02,0,0,0,0,0,0,0,0.02,0,0,0,0,0,0,0,0,0,0,0,0,0,0,0,0,0,0,0,0,0,0,0,0,0,0,0,0,0,0,0,0,0,0,0,0,0,0,0,0,0,0,0,0,0,0,0,0,0,0,0,0,0,0,0,0,0,0,0,0,0,0,0,0,0,0,0,0,0,0,0
OTU449_Bacteroides ovatus,0,0,0,0,0,0.71,0,1.19,0,0.38,9.45,0,0,0,2.79,0,0,1.02,0,0,2.28,0,0,0,0,0,0,2.55,1.66,1.91,0,1.67,0.27,0,0.56,0,0,0.31,2.03,0.3,0,0,0,0,0,0,0.08,1.4,0,0,0,0,2.07,0,1.65,0,0,0.81,0.05,0,0,0,1,0,0,0,1.57,0,0,0.19,0,0,2.34,0,0,2.84,6.6,0,0,0,0,0.15,0.36,0,0
OTU450_Bacteroides rodentium,0,0,0,0,0,0.37,0,0,0,0,0,0,0,0,0,0,0,0,0,0,0,0,0,0,0,0,0,0,0,0,0,0,0,0,0,0,0,0,0,0,0,0,0,0,0,0,0,0,0,0,0,0,0,0,0,0,0,0,0,0,0,0,0,0,0,0,0,0,0,0,0,0,0,0,0,0,0,0,0,0,0,0,0,0,0
OTU451_Bacteroides hominis,0,0,0,0,0,0.33,0,0,0,0,0,0,0,0,0,0,0,0,0,0,0,0,0,0,0,0,0,0,0,1.97,0,0,0,0,0,0,0,0,0,0,0,0,0,0,0,0,0,0,0,0,0,0.3,0,0,0,0,0,0,0,0,0,0,0,0,0,0,0,0,0,0,0,0,0,0,0,0,0,0,0,0,0,0,0,0,0
OTU452_Parasutterella sp900552195,0,0,0,0,0,0.04,0,0,0,0,0,0,0,0,0,0,0,0,0,0,0,0,0,0,0,0,0,0,0,0,0,0,0,0,0,0,0,0,0,0,0,0,0,0,0,0,0,0,0,0,0,0,0,0,0,0,0,0,0,0,0,0,0,0.03,0.07,0,0,0,0,0,0,0,0,0,0,0,0,0,0,0,0,0,0.13,0,0
OTU453_UMGS856 sp900546265,0,0,0,0,0,0,0.05,0.01,0,0,0,0,0.03,0.05,0.2,0,0,0,0,0,0,0,0,0,0,0,0,0,0,0,0,0,0,0,0,0,0,0,0,0,0,0,0,0,0.26,0.05,0,0.01,0,0,0,0.01,0,0,0.06,0.04,0,0,0,0,0,0,0,0,0,0,0,0,0,0,0.1,0,0,0,0,0.02,0.06,0,0,0,0,0,0,0,0
OTU454_Heritagella sp905200265,0,0,0,0,0,0,0.02,0.04,0,0,0,0,0,0,0,0,0,0,0,0,0,0,0,0,0,0,0,0,0,0,0,0,0,0,0,0,0,0,0,0,0,0,0,0,0,0,0,0,0,0,0,0,0,0,0,0,0,0,0,0,0,0,0,0,0,0,0,0,0,0,0,0,0,0,0,0,0,0,0,0,0,0,0,0,0
OTU455_Avimonas_A sp022800315,0,0,0,0,0,0,0.02,0,0,0,0,0,0,0,0,0,0,0,0,0,0,0,0,0,0,0,0,0,0,0,0,0,0,0,0,0,0,0,0,0,0,0,0,0,0.02,0,0,0,0,0,0,0,0,0,0,0,0,0,0,0,0,0,0,0,0,0,0,0,0,0,0,0,0,0,0,0,0,0,0,0,0,0,0,0,0
OTU456_Hydrogeniiclostridium mannosilyticum,0,0,0,0,0,0,0.13,0,0,0,0,0,0,0,0.02,0,0,0,0,0,0.01,0,0,0,0,0,0,0,0,0,0,0.03,0,0,0,0,0,0,0.02,0,0,0,0,0,0,0.03,0,0,0,0.09,0.04,0,0.02,0,0,0.06,0.05,0,0,0,0,0,0,0,0,0,0.02,0,0.01,0,0,0,0,0,0,0,0,0,0,0,0.03,0,0.02,0,0.03
OTU457_HGM13222 sp900757485,0,0,0,0,0,0,0.04,0.09,0,0,0,0,0,0,0,0,0.01,0,0,0,0,0,0,0,0,0,0,0,0,0,0,0,0,0,0,0,0,0,0,0,0,0,0,0,0.04,0,0,0.1,0,0,0,0,0,0,0,0,0,0,0,0,0,0,0,0,0,0,0,0,0,0,0,0,0,0,0,0,0,0,0,0,0,0,0,0,0.07
OTU458_Anaerotruncus colihominis,0,0,0,0,0,0,0.02,0,0,0,0.01,0,0,0,0.02,0.01,0,0,0,0,0,0.05,0,0,0,0,0,0,0,0,0,0.02,0,0,0,0,0,0,0,0,0,0,0,0.01,0.03,0.01,0,0,0,0,0.06,0,0,0,0,0,0.04,0,0,0,0,0,0,0,0.01,0,0,0.01,0.02,0,0,0,0,0,0.04,0,0.02,0,0,0,0.17,0,0,0,0
OTU459_Dorea_A sp934309195,0,0,0,0,0,0,0.04,0,0,0,0,0,0,0,0,0,0,0,0,0,0,0,0,0,0,0,0,0,0,0,0,0,0,0,0,0,0,0,0,0,0,0,0,0,0,0,0,0,0,0,0,0,0,0,0,0,0,0,0,0,0,0,0,0,0,0,0,0,0,0,0,0,0,0,0,0,0,0,0,0,0,0,0,0,0
OTU460_Eubacterium_F sp937902905,0,0,0,0,0,0,0.03,0,0,0,0.08,0,0,0,0.02,0,0,0.01,0,0,0,0,0,0.03,0,0,0,0,0,0,0,0,0,0,0,0,0,0.01,0,0,0,0,0,0,0,0.02,0.01,0,0,0.06,0.04,0,0,0,0.06,0,0.04,0,0,0,0,0,0,0,0,0,0,0,0,0,0.07,0,0,0,0,0,0,0,0,0,0,0,0,0,0
OTU461_Eubacterium_F sp000433735,0,0,0,0,0,0,0.06,0,0,0,0,0,0,0,0,0,0,0,0,0,0.08,0,0,0,0,0,0,0,0,0,0,0,0,0,0,0,0,0,0,0,0,0,0,0,0,0,0,0.22,0,0,0,0.11,0.1,0,0,0,0,0,0,0,0.06,0,0,0,0,0,0,0,0,0,0,0,0,0,0,0,0,0,0,0,0,0,0,0,0
OTU462_Eubacterium_G sp000435815,0,0,0,0,0,0,0.03,0,0.02,0.03,0.42,0,0,0,0,0.32,0,0,0,0,0,0,0.16,0,0,0,0,0,0,0,0,0,0,0,0,0,0,0,0,0,0,0.39,0,0,0.05,0,0,0,0,0,0.14,0,0.18,0.27,0,0,0.18,0,0,0,0,0,0,0,0,0,0,0,0,0,0.09,0,0.14,0,0,0,0,0,0,0,0,0,0,0,0
OTU463_AF33-28 sp003477885,0,0,0,0,0,0,0.07,0,0,0,0,0,0,0,0,0,0,0,0.02,0,0,0,0,0,0,0,0,0,0,0,0,0,0,0,0,0,0,0,0,0,0,0,0,0,0,0,0,0,0,0,0,0,0,0,0,0,0,0,0,0,0,0,0,0,0,0,0,0,0,0,0,0,0,0,0,0.02,0.02,0,0,0,0,0,0,0,0
OTU464_Guopingia tenuis,0,0,0,0,0,0,0.04,0,0,0,0.02,0,0,0,0,0,0.01,0,0,0,0,0.01,0,0,0,0,0,0,0,0,0,0,0,0,0,0,0,0,0,0,0,0,0,0,0,0,0.01,0,0,0,0.02,0,0,0,0.01,0,0.02,0,0,0,0,0,0.01,0,0,0,0,0,0,0,0,0,0,0,0,0,0.06,0,0,0,0.02,0,0,0,0
OTU465_HGM11616 sp900761075,0,0,0,0,0,0,0.06,0.03,0,0,0,0,0,0,0.02,0.01,0,0,0,0,0,0,0,0,0,0,0,0,0,0,0,0,0,0,0.02,0,0,0,0.01,0,0,0,0,0,0,0,0,0,0,0,0,0,0,0,0.01,0,0,0,0,0,0,0,0,0,0,0,0,0,0,0,0.03,0,0,0,0,0,0,0,0,0,0,0,0,0,0
OTU466_UMGS775 sp900545325,0,0,0,0,0,0,0.02,0,0,0,0,0,0.02,0,0.02,0,0,0,0,0,0,0,0,0,0,0,0,0,0,0,0,0,0,0,0,0,0,0,0,0,0,0,0,0,0.03,0,0,0,0,0,0,0,0,0,0,0,0,0,0,0,0,0,0,0,0,0,0,0,0,0,0,0,0,0,0,0,0,0,0,0,0,0,0,0,0
OTU467_UMGS1975 sp959600905,0,0,0,0,0,0,0.02,0,0,0,0.05,0,0,0,0.04,0,0,0,0,0,0,0,0,0,0,0,0,0,0,0,0,0,0.03,0,0.05,0,0,0.02,0,0,0,0,0,0,0.02,0,0.05,0,0,0,0,0,0,0,0.07,0,0,0,0,0,0,0,0,0,0,0,0,0,0,0,0,0,0,0,0.04,0,0,0,0,0,0.09,0,0.02,0,0
OTU468_Neochristensenella sp003150515,0,0,0,0,0,0,0.11,1.62,0,0,0,0,0,0,0,0,0,0,0,0,0,0,0,0,0,0,0,0,0,0,0,0,0,0,0,0,0,0,0,0,0,0,0,0,0,0,0,0.4,0,0,0,0.21,0,0,0,0.48,0,0,0,0,0,0,0,0,0,0,0,0,0,0,0,0,0,0,0.02,0,0,0,0,0,0,0,0,0,0
OTU469_Parachristensenella sp900542005,0,0,0,0,0,0,0.02,0,0,0,0,0,0,0,0.01,0,0,0,0,0,0,0,0,0,0,0,0,0,0,0,0,0,0,0,0,0,0,0,0,0,0,0,0,0,0,0,0,0,0,0,0,0,0,0,0,0,0,0,0,0,0,0,0,0,0,0,0,0,0,0,0.01,0,0,0,0,0,0,0,0,0,0,0,0,0,0
OTU470_Fimisoma sp000435715,0,0,0,0,0,0,0.19,0.06,0,0,0,0,0,0,0.02,0,0,0,0,0,0,0,0,0,0,0,0,0,0,0,0,0,0,0,0.12,0,0,0,0,0,0,0,0,0,0,0,0,0,0,0.1,0,0,0,0,0,0.06,0,0,0,0,0,0,0,0,0,0,0,0,0,0,0,0,0,0,0,0,0,0,0.01,0,0,0,0,0,0
OTU471_Clostridium sp900540255,0,0,0,0,0,0,0.02,0.13,0,0,0,0,0,0,0,0,0,0,0,0,0,0,0,0,0,0,0.21,0,0,0.02,0,0.02,0,0,0.05,0,0,0,0,0,0,0,0,0,0.57,0,0,0,0,0,0,0,0.06,0,0,0,0,0,0,0,0,0,0.02,0,0,0,0,0,0,0,0,0,0,0,0.05,0,0,0,0,0,0,0,0,0,0
OTU472_Clostridium saudiense,0,0,0,0,0,0,0.05,0,0,0.13,0,0,0,0.02,0.02,0,0.06,0,0,0.01,0,0,0,0,0,0.02,0.34,0.04,0,0,0,0,0,0,0,0,0,0,0,0,0.05,0.15,0,0,0,0,0.04,0.06,0,0.03,0,0,0,0,0.14,0.02,0,0,0.23,0,0,0,0,0,0,0,0,0,0.03,0,0,0,0,0,0.01,0,0,0,0,0,0,0,0,0,0
OTU473_Parvimonas micra,0,0,0,0,0,0,0.02,0,0,0,0,0,0,0,0,0,0,0,0,0,0,0,0,0,0,0,0,0,0,0,0,0,0,0,0,0.02,0,0,0,0,0.08,0,0,0,0,0,0,0,0,0,0,0,0,0,0,0,0,0,0,0,0,0,0,0,0,0,0,0,0,0.05,0,0,0,0.06,0,0,0,0,0,0,0,0,0,0,0
OTU474_Holdemania massiliensis,0,0,0,0,0,0,0.04,0,0,0,0,0,0.03,0,0,0,0,0,0,0,0,0.02,0.03,0,0,0,0,0,0,0,0,0,0,0,0.02,0,0,0,0,0,0,0,0,0,0,0,0,0,0,0,0,0,0,0,0,0,0,0,0,0,0,0,0,0,0,0,0,0,0,0,0,0,0.02,0,0,0,0,0,0,0,0,0,0,0,0
OTU475_Turicibacter bilis,0,0,0,0,0,0,0.07,0,0,0,0,0,0.02,0,0.02,0,0,0,0.09,0,0.07,0,0,0,0,0,0.04,0,0,0,0,0,0,0,0.09,0,0.04,0,0,0,0,0,0,0,0,0,0.02,0.07,0,0,0,0.02,0,0,0.03,0,0,0.03,0.05,0,0,0,0,0,0,0,0,0,0,0,0,0,0.01,0,0.07,0.03,0.13,0,0,0,0,0,0,0,0
OTU476_Prevotella copri_F,0,0,0,0,0,0,0.05,0,0,0,0,0,0,0,0,0,0,0,0.03,0,0,0,0,0.02,0,5.73,0,0,0,0,0,0.01,11.88,0,0,0,0,0,0,0,0,0,0,0,0,0,0,0,0,0,0,0,0,0,0,0,0,0,0,0,0,0,0,0,0,0,0,0,0,0,0,0,0,0,0,0,0,0,0,0,0,0,0,0,0
OTU477_Porphyromonas endodontalis,0,0,0,0,0,0,0.08,0,0,0.01,0,0,0,0,0,0,0,0,0,0,0,0,0,0,0,0,0,0,0,0,0,0,0,0,0,0,0,0,0,0,0,0,0,0,0,0,0,0,0,0,0,0,0,0,0,0,0,0,0,0,0,0,0,0,0,0,0,0,0,0,0,0,0,0,0,0,0,0,0,0,0,0,0,0,0
OTU478_Parabacteroides goldsteinii,0,0,0,0,0,0,0.6,0,0,0,0,0,0.66,0,0,0,0,0,0,0,0,0,0,0,0,0,0,0,0,0,0,0,0,0,0,0,0,0,0,0,0,0,0,0,0,0,0,0,0,0,0,0,0,0,0,0,0,0,0,0,0,0,0,0,0,0,0,0,0,0,0,0,0,0,0,0,0,0,0,0,0,0,0,0,0.07
OTU479_UMGS1264 sp900550095,0,0,0,0,0,0,0,0.01,0,0,0.01,0,0,0,0,0,0,0,0,0,0,0,0,0,0,0,0,0,0,0,0,0,0,0,0,0,0,0,0,0,0,0,0,0,0,0,0,0,0,0,0,0,0,0,0,0,0,0,0,0,0,0,0,0,0,0,0,0,0,0,0,0,0,0,0,0,0,0,0,0,0,0,0,0,0
OTU480_CAKTXU01 sp902492455,0,0,0,0,0,0,0,0.06,0,0,0,0,0,0,0,0,0,0,0,0,0,0,0,0,0,0,0,0,0,0,0,0,0,0,0,0,0,0,0,0,0,0,0,0,0,0,0,0,0,0,0,0,0,0,0,0,0,0,0,0,0,0,0,0,0,0,0,0,0,0,0,0,0,0,0,0,0,0,0,0,0,0,0,0,0
OTU481_Avimonas_A narfae,0,0,0,0,0,0,0,0.03,0,0,0,0,0,0.01,0,0,0,0,0.11,0,0,0,0,0,0,0,0,0,0,0,0,0,0,0,0.03,0,0,0,0,0,0,0,0,0,0,0,0.02,0,0,0,0.07,0,0,0,0,0,0.05,0,0,0,0,0,0.01,0,0.02,0,0,0,0,0,0,0,0,0,0,0,0,0,0,0,0,0,0,0,0.02
OTU482_Timburyella sp030842085,0,0,0,0,0,0,0,0.01,0,0,0,0,0,0,0,0,0,0,0,0,0,0,0,0,0,0,0,0,0,0,0,0,0,0,0,0,0,0,0,0,0,0,0,0,0,0,0,0,0,0,0,0,0,0,0,0,0,0,0,0,0,0,0,0,0,0,0,0,0,0,0,0,0,0,0,0,0,0,0,0,0,0,0,0,0
OTU483_Hominenteromicrobium sp900549945,0,0,0,0,0,0,0,0.08,0,0,0,0,0,0.02,0.16,0.05,0,0,0,0,0,0,0,0,0,0,0,0,0,0,0.02,0.03,0.02,0,0,0,0,0,0,0,0,0,0,0,0.03,0,0,0,0.32,0.25,0.29,0,0,0,0,0,0.23,0,0,0,0,0,0.2,0,0,0,0,0,0,0,0,0,0,0,0,1.06,0.15,0,7.18,0,0,0,0,0,0
OTU484_Ruminiclostridium_E sp900539195,0,0,0,0,0,0,0,0.01,0,0,0,0,0,0,0,0,0,0,0,0,0,0,0,0,0,0,0,0,0,0,0,0,0,0,0,0,0,0,0,0,0,0,0,0,0,0,0.02,1.59,0,0,0,0,0,0,0.01,0.13,0.03,0,0,0,0,0,0,0,0.11,0,0,0,0,0,0,0,0,0,0,0,0.04,0,0,0,0,0,0,0,0
OTU485_Zongyangia gallinarum,0,0,0,0,0,0,0,0.01,0,0,0,0,0,0,0,0,0,0,0,0,0,0,0,0,0,0,0,0,0,0,0,0,0,0,0,0,0,0,0,0,0,0,0,0,0,0,0,0.01,0,0,0,0,0,0,0,0,0,0,0,0,0,0,0,0,0.02,0,0,0,0,0,0,0,0,0,0,0,0.02,0,0,0,0,0,0,0,0
OTU486_Avimicrobium caecorum,0,0,0,0,0,0,0,0.02,0.04,0,0.08,0,0,0,0.04,0.02,0,0,0,0,0,0.14,0,0,0.04,0,0,0.08,0,0,0,0,0,0,0,0,0.15,0,0,0,0,0.04,0,0.14,0,0.07,0,0,0,0,0,0.09,0,0,0.07,0.04,0,0.08,0,0,0,0,0,0.04,0.02,0,0,0,0.02,0,0.02,0,0.09,0,0.02,0.06,0.1,0,0,0,0,0,0,0,0
OTU487_Porcipelethomonas ammoniilytica,0,0,0,0,0,0,0,0.48,0,0,0,0,0.17,0,0,0,0.31,0,0,0,0,0,0,0,0,0,0,0,0,0,0,0,0,0,0,0,0,0,0,0,0,0,0,0,0,0,0,0,0,0,0,0,0,0,0,0,0,0,0,0,0,0,0,0,0,0,0,0,0,0,0,0,0,0,0,0,0,0,0,0,0,0,0,0,0
OTU488_Fimivivens hominis,0,0,0,0,0,0,0,0.05,0,0,0,0,0,0,0,0,0,0,0,0,0,0,0,0,0,0,0,0,0,0,0,0,0,0,0,0,0,0,0,0,0,0,0,0,0,0,0,0.06,0,0,0,0.04,0,0,0,0,0,0,0,0,0,0,0,0,0,0,0,0,0,0,0.02,0,0,0,0,0,0,0,0,0,0,0,0,0,0
OTU489_Oscillibacter acutus,0,0,0,0,0,0,0,0.07,0,0,0,0,0,0,0,0,0,0,0,0,0,0,0,0,0,0,0,0,0,0,0,0,0,0,0,0,0,0,0,0,0,0,0,0,0,0,0,0,0,0,0,0,0,0,0,0,0,0,0,0,0,0,0,0,0,0,0,0,0,0,0,0,0,0,0,0,0,0,0,0,0,0,0,0,0
OTU490_Onthomonas sp003150485,0,0,0,0,0,0,0,0.11,0,0,0,0,0,0,0,0,0,0,0,0,0,0,0,0,0,0,0,0,0,0,0,0,0,0,0.04,0,0,0.03,0,0,0,0,0,0,0.08,0,0,0.02,0,0,0,0.02,0,0,0,0,0,0,0,0,0,0,0,0,0,0,0,0,0,0,0.05,0,0,0,0,0,0,0,0,0,0,0,0,0,0
OTU491_Scatomorpha sp900546485,0,0,0,0,0,0,0,0.03,0,0,0,0,0,0,0,0,0,0,0,0,0,0,0,0,0,0,0,0,0,0,0,0,0,0,0,0,0,0,0,0,0,0,0,0,0.04,0,0,0,0,0,0,0,0,0,0,0,0,0,0,0,0,0,0,0,0,0,0,0,0,0,0,0,0,0,0,0,0,0,0,0,0,0,0,0,0
OTU492_Faecousia sp000435995,0,0,0,0,0,0,0,0.53,0,0,0,0,0.18,0,0.08,0,0.03,0,0,0,0,0,0,0,0,0,0,0,0,0,0,0,0,0.02,0.08,0,0,0.09,0,0,0,0,0,0,0.15,0,0,0,0,0,0.13,0,0.05,0,0,0,0.14,0,0,0,0,0,0,0,0,0,0,0,0,0,0.06,0,0,0,0,0,0,0,0,0,0,0,0,0,0
OTU493_QAKW01 sp003343605,0,0,0,0,0,0,0,0.02,0,0,0,0,0,0,0,0,0,0,0,0,0,0,0,0,0,0,0,0,0,0,0,0,0,0,0,0,0,0,0,0,0,0,0,0,0,0,0,0,0,0,0,0,0,0,0,0,0,0,0,0,0,0,0,0,0,0,0,0,0,0,0,0,0,0,0,0,0,0,0,0,0,0,0,0,0
OTU494_RGIG9041 sp902492505,0,0,0,0,0,0,0,0.04,0,0,0,0,0,0,0,0,0,0,0,0,0,0,0,0,0,0,0,0,0,0,0,0,0,0,0,0,0,0,0,0,0,0,0,0,0,0,0,0,0,0,0,0,0,0,0,0,0,0,0,0,0,0,0,0,0,0,0,0,0,0,0,0,0,0,0,0,0,0,0,0,0,0,0,0,0
OTU495_UMGS911 sp902462015,0,0,0,0,0,0,0,0.01,0,0,0,0,0,0,0,0.02,0,0,0,0,0,0,0,0,0,0,0,0,0,0,0,0,0,0,0.06,0,0,0,0,0,0,0,0,0,0.01,0,0,0.02,0,0,0,0.04,0,0,0,0,0,0,0,0,0,0,0,0,0,0,0,0,0,0,0,0,0,0,0,0,0,0,0,0,0,0,0,0,0
OTU496_Avispirillum sp947627475,0,0,0,0,0,0,0,0.05,0,0,0,0,0,0,0,0,0,0,0,0,0,0,0,0,0,0,0,0,0,0,0,0,0,0,0,0,0,0,0,0,0,0,0,0,0,0,0,0,0,0,0,0,0,0,0,0.01,0,0,0,0,0,0,0,0,0,0,0,0,0,0,0,0,0,0,0,0,0,0,0,0,0,0,0,0,0
OTU497_Geddesella stercoravicola,0,0,0,0,0,0,0,0.02,0,0,0,0,0,0,0,0,0,0,0,0,0,0,0,0,0,0,0,0,0,0,0,0,0,0,0,0,0,0,0,0,0,0,0,0,0,0,0,0,0,0,0,0,0,0,0,0,0,0,0,0,0,0,0,0,0,0,0,0,0,0,0,0,0,0,0,0,0,0,0,0,0,0,0,0,0
OTU498_CALXAN01 sp944386305,0,0,0,0,0,0,0,0.03,0,0,0,0,0,0,0,0,0,0,0,0,0,0,0,0,0,0,0,0,0,0,0,0,0,0,0,0,0,0,0,0,0,0,0,0,0,0,0,0,0,0,0,0,0,0,0,0,0,0,0,0,0,0,0,0,0,0,0,0,0,0,0,0,0,0,0,0,0,0,0,0,0,0,0,0,0
OTU499_Pullichristensenella sp946496415,0,0,0,0,0,0,0,0.02,0,0,0,0,0,0.04,0,0,0,0,0,0,0,0,0,0,0,0,0,0,0,0,0,0,0,0,0,0,0,0,0,0,0,0,0,0,0.02,0,0,0,0,0,0,0,0,0,0,0,0,0,0,0,0,0,0,0,0,0,0,0,0,0,0,0,0,0,0,0,0,0,0,0,0,0,0,0,0
OTU500_Pullichristensenella excrementipullorum,0,0,0,0,0,0,0,0.02,0,0,0,0,0,0.02,0,0,0,0,0,0,0,0,0,0,0,0,0,0,0,0,0,0,0,0,0.04,0,0,0,0,0,0,0,0,0,0.02,0,0,0.02,0,0,0,0,0,0,0,0,0,0,0,0,0,0,0,0,0,0,0,0,0,0,0,0,0,0,0,0,0,0,0,0,0,0,0,0,0
OTU501_Fimadaptatus sp948467645,0,0,0,0,0,0,0,0.06,0,0,0,0,0,0.07,0.03,0,0,0,0,0,0,0,0,0,0,0,0,0,0,0,0,0,0,0,0,0,0,0,0,0,0,0,0,0,0.04,0,0.06,0.01,0,0,0,0,0.02,0,0.03,0,0,0,0,0,0,0,0,0,0,0,0,0,0,0,0.01,0,0,0,0,0.03,0,0,0,0,0,0,0,0,0
OTU502_Limiplasma pullicola,0,0,0,0,0,0,0,0.01,0,0,0,0,0,0,0,0,0,0,0,0,0,0,0,0,0,0,0,0,0,0,0,0,0,0,0,0,0,0,0,0,0,0,0,0,0.01,0,0,0,0,0,0,0,0,0,0,0,0,0,0,0,0,0,0,0,0.01,0,0,0,0,0,0,0,0,0,0,0,0,0,0,0,0,0,0,0,0
OTU503_Limiplasma merdipullorum,0,0,0,0,0,0,0,0.15,0,0,0,0,0,0,0,0,0,0,0,0,0,0,0,0,0,0,0,0,0,0,0,0,0,0,0,0,0,0,0,0,0,0,0,0,0,0,0,0.11,0,0,0,0,0,0,0,0,0,0,0,0,0,0,0,0,0.03,0,0,0,0,0,0,0,0,0,0,0,0.01,0,0,0,0,0,0,0,0
OTU504_Limiplasma pullistercoris,0,0,0,0,0,0,0,0.02,0,0,0,0,0,0,0,0,0,0,0,0,0,0,0,0,0,0,0,0,0,0,0,0,0,0,0,0,0,0,0,0,0,0,0,0,0.09,0,0,0,0,0,0,0,0,0,0,0,0,0,0,0,0,0,0,0,0.03,0,0,0,0,0,0,0,0,0,0,0,0,0,0,0,0,0,0,0,0
OTU505_Faecivicinus sp900553265,0,0,0,0,0,0,0,0.02,0,0,0,0,0,0.02,0,0.02,0.01,0,0,0,0,0,0,0.02,0,0,0,0,0,0,0,0,0,0,0,0,0,0.01,0,0,0,0,0,0,0.03,0,0,0,0,0,0,0.02,0,0,0,0,0,0,0,0,0,0,0,0,0,0,0,0,0,0,0,0,0,0,0,0,0,0,0,0,0,0,0,0,0
OTU506_QANA01 sp900554725,0,0,0,0,0,0,0,0.06,0,0,0,0,0,0,0,0,0,0,0,0,0,0,0,0,0,0,0,0,0,0,0,0,0,0,0,0,0,0,0,0,0,0,0,0,0,0,0,0,0,0,0,0,0,0,0,0,0,0,0,0,0,0,0,0,0,0,0,0,0,0,0,0,0,0,0,0,0,0,0.03,0,0,0,0,0,0
OTU507_CAJJPW01 sp905193725,0,0,0,0,0,0,0,0.02,0,0,0,0,0,0,0,0,0,0,0.03,0,0,0,0,0,0,0,0,0,0,0,0,0,0,0,0,0,0,0,0,0,0,0,0,0,0,0,0,0,0,0,0,0,0,0,0,0,0,0,0,0,0,0,0,0,0,0,0,0,0,0,0,0,0,0,0,0,0.02,0,0,0,0,0,0,0,0
OTU508_QAKS01 sp003343685,0,0,0,0,0,0,0,0.01,0,0,0,0,0,0,0.01,0,0,0,0,0,0,0,0,0,0,0,0,0,0,0,0,0,0,0,0,0,0,0,0,0,0,0,0,0,0,0,0,0,0,0,0,0,0,0,0,0,0,0,0,0,0,0,0,0,0.02,0,0,0,0,0,0.02,0,0,0,0.01,0,0,0,0,0,0,0,0,0,0
OTU509_SFEL01 sp934633985,0,0,0,0,0,0,0,0.02,0,0,0,0,0,0.01,0,0,0.01,0,0,0,0,0,0,0,0,0,0,0,0,0,0,0,0,0,0.02,0,0,0,0,0,0,0,0,0,0.25,0,0,0.02,0,0,0,0,0,0,0,0,0,0,0,0,0,0,0,0,0,0,0,0,0,0,0.04,0,0,0,0,0,0,0,0,0,0,0,0,0,0
OTU510_Gallimonas intestinalis,0,0,0,0,0,0,0,0.02,0,0,0,0,0,0,0,0,0,0,0,0,0,0,0,0,0,0,0,0,0,0,0,0,0,0,0,0,0,0,0,0,0,0,0,0,0,0,0,0,0,0,0,0,0,0,0,0,0,0,0,0,0,0,0,0,0,0,0,0,0,0,0,0,0,0,0,0,0,0,0,0,0,0,0,0,0
OTU511_UMGS621 sp900543915,0,0,0,0,0,0,0,0.19,0,0,0,0,0.02,0,0,0,0,0,0,0,0,0,0,0,0,0,0,0,0,0,0,0,0,0,0,0,0,0,0,0,0,0,0,0,0,0,0,0,0,0,0,0,0,0,0,0,0,0,0,0,0,0,0,0,0,0,0,0,0,0,0,0,0,0,0,0,0,0,0,0,0,0,0,0,0
OTU512_Protoclostridium sp019113265,0,0,0,0,0,0,0,0.02,0,0,0,0,0,0,0,0,0,0,0,0,0,0,0,0,0,0,0,0,0,0,0,0,0,0,0.03,0,0,0,0,0,0,0,0,0,0,0,0,0,0,0,0,0,0,0,0,0,0,0,0,0,0,0,0,0,0,0,0,0,0,0,0,0,0,0,0,0,0,0,0,0,0,0,0,0,0
OTU513_UBA10677 sp900543755,0,0,0,0,0,0,0,0.28,0,0,0,0,0,0,0,0,0,0,0,0.42,0,0,0,0,0,0,0,0,0,0,0,0,0,0,0,0,0,0,0,0,0,0,0,0,0,0,0,0,0,0,0,0,0,0,0,0,0,0,0,0,0,0,0,0,0,0,0,0,0,0,0,0,0,0,0,0,0,0,0,0,0,0,0,0,0
OTU514_UMGS1975 sp900546685,0,0,0,0,0,0,0,0.12,0,0,0,0,0,0,0,0,0.03,0,0.1,0.03,0,0.05,0.01,0,0.01,0,0,0,0,0.01,0,0.01,0,0,0,0,0,0,0,0,0,0,0,0,0.02,0,0,0,0,0,0.05,0,0,0.06,0,0,0.05,0.02,0,0,0,0,0.01,0,0.05,0,0,0,0,0,0.02,0,0,0,0,0,0.06,0,0,0,0,0,0,0,0
OTU515_Luoshenia tenuis,0,0,0,0,0,0,0,0.01,0,0,0,0,0,0,0,0,0,0,0,0,0,0,0,0,0,0,0,0,0,0,0,0,0,0,0,0,0,0,0,0,0,0,0,0,0,0,0,0,0,0,0,0,0,0,0,0,0,0,0,0,0,0,0,0,0,0,0,0,0,0,0,0,0,0,0,0,0,0,0,0,0,0,0,0,0
OTU516_Massilistercora timonensis,0,0,0,0,0,0,0,0.07,0,0,0,0,0,0,0,0,0,0,0,0,0,0,0,0,0,0,0,0,0,0,0,0,0,0,0.05,0,0,0,0,0,0,0,0,0,0,0,0,0,0,0,0,0,0,0,0,0,0,0,0,0,0,0,0,0,0,0,0,0,0,0,0,0,0,0,0,0,0,0,0,0,0,0,0,0,0
OTU517_Blautia_A luti_A,0,0,0,0,0,0,0,0.76,0,0,0,0.08,0,0,0,0,0,2.88,1.84,0,0,0,0,0,0,1.2,0,0,0.21,0,0.51,0.82,0,0,0,1.59,1.11,0,1.06,0,0.16,0,0,0,0,0,0,0,0,0,0,0,0,1.23,0,0,0,0.44,0,0,0,0,0.48,0,0,0,0,0,0,0,0,0,0,0.12,0,0,0,0,0,0,0,0,0,0,0
OTU518_Butyribacter sp003529475,0,0,0,0,0,0,0,0.02,0,0.01,0.03,0,0,0,0,0,0.01,0,0,0,0,0,0,0,0.95,0,0,0,0,0,0,0,0,0,0,0,0,0.76,0.07,0,0,0.2,0,0,0.26,0,0.04,0,0,0,0,0.23,0,0,1.14,0.02,0,0,0,0,0,0,0,0,0,0,0,0,0,0,0.11,0,0.02,0,0,0,0,0,0,0,0,0,0,0,0
OTU519_Lachnospira sp019424245,0,0,0,0,0,0,0,0.02,0,0,0,0,0,0,0,0,0,0,0,0,0.12,0,0.1,0.15,0,0,0,0,0,0,0,0,0,0,0.12,0,0,0,0,0,0,0,0,0,0,0,0,0,0,0,0,0,0,0,0.35,0,0,0,0,0,0,0,0,0,0,0,0,0,0,0,0,0,0,0,0,0,0,0,0,0,0.05,0,0,0,0
OTU520_CAG-194 sp000432915,0,0,0,0,0,0,0,0.03,0,0,0,0,0,0,0,0,0,0,0,0.09,0,0,0,0,0,0,0,0,0,0,0,0,0,0,0.06,0,0,0,0,0,0,0,0,0,0,0,0.13,0,0,0,0,0,0,0,0,0,0,0,0,0,0,0,0,0,0,0,0,0,0,0,0.24,0,0,0,0,0,0,0,0,0,0,0,0,0,0
OTU521_Fusicatenibacter sp963596755,0,0,0,0,0,0,0,0.03,0,0,0,0,0,0,0,0,0,0,0,0,0,0,0,0,0,0,0,0,0,0,0,0,0,0,0,0,0.05,0,0,0.08,0,0,0,0,0,0,0,0,0,0,0,0,0,0,0,0,0,0,0,0,0,0,0,0,0,0,0,0,0,0,0,0,0,0,0,0,0,0,0,0,0,0,0,0,0
OTU522_V9D3004 sp900760345,0,0,0,0,0,0,0,0.03,0,0,0,0,0,0,0.05,0,0,0,0,0,0,0,0,0.07,0,0,0,0,0,0,0,0,0,0,0.1,0,0,0.04,0,0,0,0,0,0,0,0,0,0.19,0,0,0.07,0,0,0,0,0,0.12,0,0,0,0,0,0,0,0.02,0,0,0,0,0,0,0,0,0,0,0,0,0,0,0,0,0,0,0,0
OTU523_Scatomonas hejianensis,0,0,0,0,0,0,0,0.01,0,0,0.02,0,0,0,0,0,0,0,0,0,0,0,0,0,0,0,0,0.02,0,0,0,0.01,0,0,0.02,0,0,0.01,0.03,0,0,0.02,0,0,0,0.01,0,0,0,0.02,0.02,0,0,0,0,0.02,0.03,0,0,0,0,0,0,0,0.02,0,0,0,0.02,0,0,0,0,0,0.01,0,0.04,0,0,0,0,0,0,0,0
OTU524_Faecimorpha sp944376225,0,0,0,0,0,0,0,0.02,0,0,0,0,0,0,0,0,0,0,0,0,0,0,0,0,0,0,0,0,0,0,0,0,0,0,0,0,0,0,0,0,0,0,0,0,0,0,0,0,0,0,0,0,0,0,0,0,0,0,0,0,0,0,0,0,0,0,0,0,0,0,0,0,0,0,0,0,0,0,0,0,0,0,0,0,0
OTU525_Bianquea renquensis,0,0,0,0,0,0,0,0.08,0,0,0,0,0,0,0.04,0,0,0,0,0,0,0,0,0,0,0,0,0.01,0,0,0,0,0,0,0,0,0,0,0,0,0,0,0,0,0,0,0,0,0,0.2,0,0,0,0,0,0,0,0,0,0,0,0,0,0,0,0,0,0,0,0,0,0,0,0,0,0,0,0,0,0,0,0,0,0,0
OTU526_Metalachnospira sp900553995,0,0,0,0,0,0,0,0.01,0,0,0,0,0,0,0,0.06,0.01,0,0,0,0,0,0,0,0,0,0,0,0,0.08,0,0.04,0,0,0.03,0,0,0.01,0,0,0,0,0,0,0,0.01,0.02,0,0,0,0,0.01,0,0,0,0,0,0,0,0,0,0,0,0,0,0,0,0,0,0,0,0,0,0,0,0,0,0,0,0,0,0,0,0,0
OTU527_CAG-269 sp000437215,0,0,0,0,0,0,0,2.99,0,0,0,0,0,0,0,0,0,0,0,0,0,0,0,0,0,0,0,0,0,0,0,0,0,0,0,0,0,0,0,0,0,0,0,0,0,0,0,0,0,0,0,0,0,0,0.08,0,0,0,0,0,0,0,0,0,0.23,0,0,0,0,0,0,0,0,0,0,0,0,0,0,0,0,0,0,0,0
OTU528_Lentihominibacter excrementipullorum,0,0,0,0,0,0,0,0.05,0,0,0,0,0,0,0,0,0,0,0,0,0,0,0,0,0,0,0,0,0,0,0,0,0,0,0,0,0,0.01,0,0,0,0,0,0,0.02,0,0,0,0,0,0,0,0,0,0,0,0,0,0,0,0,0,0,0,0,0,0,0,0,0,0.02,0,0,0,0,0,0,0,0,0,0,0,0,0,0
OTU529_Hominibacterium hominis,0,0,0,0,0,0,0,0.02,0,0,0.03,0,0,0,0,0,0,0,0,0,0,0.05,0.04,0,0,0,0,0,0,0,0,0,0,0,0,0,0.02,0,0.03,0,0,0,0,0,0.01,0,0.06,0,0,0.02,0.01,0,0,0,0,0,0.02,0,0,0,0,0,0.05,0,0,0,0,0,0,0,0,0,0,0,0,0,0.02,0,0.08,0,0,0,0,0,0
OTU530_Fimisoma sp900545135,0,0,0,0,0,0,0,1.76,0,0,0.23,0,0,0,0,0,0.04,0,0,0,0.01,0,0,0,0,0,0,0.02,0,0,0,0,0,0,0.25,0,0,0,0,0,0,0,0,0,0,0,0,0,0,0,0,0,0,0,0,0,0,0,0,0,0,0,0,0,0,0,0,0,0,0,0.01,0,0,0,0,0,0,0,0,0,0,0,0,0,0
OTU531_Anaerofustis stercorihominis_A,0,0,0,0,0,0,0,0.02,0,0,0,0,0,0,0,0,0,0,0,0,0,0,0,0,0,0,0,0,0,0,0,0,0,0,0,0,0,0,0,0,0,0,0,0,0,0,0,0,0,0,0,0,0,0,0,0,0,0,0,0,0,0,0,0,0,0,0,0,0,0,0,0,0,0,0,0,0,0,0,0,0,0,0,0,0
OTU532_Clostridium sp024409095,0,0,0,0,0,0,0,0.01,0,0,0,0,0,0.01,0,0.05,0,0,0,0,0,0,0,0,0,0,0,0,0,0,0,0,0,0,0.05,0,0,0,0,0,0,0.02,0,0,0,0,0,0,0,0,0,0,0,0,0,0,0,0,0,0,0,0,0,0,0,0,0,0,0,0,0,0,0,0,0,0,0,0,0,0,0,0,0,0,0
OTU533_Coprobacillus cateniformis,0,0,0,0,0,0,0,0.02,0,0,0,0,0,0.03,0,0,0,0,0,0,0,0.09,0,0,0,0,0,0,0,0,0,0,0,0,0,0,0,0,0,0,0,0,0,0,0,0,0,0,0,0.03,0.04,0,0,0,0,0.02,0.05,0,0,0,0,0,0,0,0,0,0,0,0,0,0,0,0,0,0,0,0,0,0,0,0.13,0,0,0,0
OTU534_CAG-302 sp001916775,0,0,0,0,0,0,0,0.89,0,0,0,0,0,0,0,0,0.15,0,0,0,0,0,0,0,0,0,0,0,0,0,0,0,0,0.05,0,0,0,0,0,0,0,0,0,0,0,0,0.27,0,0,0,0,0.02,0,0,0,0,0,0,0,0,0,0,0,0,0.2,0,0,0,0,0,2.34,0,0,0,0,0,0,0,0,0,0,0,0,0,0
OTU535_CAG-302 sp934162325,0,0,0,0,0,0,0,0.39,0,0,0,0,0,0,0,0,0.07,0,0,0,0,0,0,0,0,0,0,0,0,0,0,0,0,0.03,0,0,0,0,0,0,0,0,0,0,0,0,0.1,0,0,0,0,0.03,0,0,0,0,0,0,0,0,0,0,0,0,0.07,0,0,0,0,0,1.27,0,0,0,0,0,0,0,0,0,0,0,0,0,0
OTU536_UMGS872 sp900546275,0,0,0,0,0,0,0,0.78,0,0,0,0,0,0,0,0,0,0,0,0,0,0,0,0,0,0,0,0,0,0,0,0,0,0,0,0,0,0,0,0,0,0,0,0,0,0,0,0,0,0,0,0,0,0,0,0,0,0,0,0,0,0,0,0,0,0,0,0,0,0,0,0,0,0,0,0,0,0,0,0,0,0,0,0,0
OTU537_Megamonas funiformis,0,0,0,0,0,0,0,0.03,0,0,0,0,0,0,0,0,0,0,0,0.01,0,0,0,0,0,0,11.83,0,0,0,0,0,0,0,0,0,0,0,0,0,0,0,0,0,0,0,0,0,0,0,0,0,0,3.36,0,0,0,0,0,0,0,0,0,0,0,0,0,0,0,0,0,0,0,0.64,1.38,0,0,0,0,0,0,0,0,0,0
OTU538_HGM14224 sp900761905,0,0,0,0,0,0,0,0.03,0,0,0,0,0,0,0,0,0,0,0,0,0,0,0,0,0,0,0,0,0,0,0,0,0,0,0,0,0,0,0,0,0,0,0,0,0,0,0,0.02,0,0,0,0,0,0,0,0,0,0,0,0,0,0,0,0,0,0,0,0,0,0,0.01,0,0,0,0,0,0,0,0,0,0,0,0,0,0
OTU539_Propionibacterium acidifaciens,0,0,0,0,0,0,0,0.05,0,0,0,0,0,0,0,0,0,0,0,0,0,0,0,0,0,0,0,0,0,0,0,0,0,0,0,0,0,0,0,0,0,0,0,0,0,0,0,0,0,0,0,0,0,0,0,0,0,0,0,0,0,0,0,0,0,0,0,0,0,0,0,0,0,0,0,0,0,0,0,0,0,0,0,0,0
OTU540_CAJFUR01 sp904420575,0,0,0,0,0,0,0,0.02,0,0,0,0,0,0.02,0.01,0,0,0,0,0,0,0,0,0,0,0,0,0,0,0,0,0,0,0,0,0,0,0,0,0,0,0.02,0,0,0.02,0,0,0.02,0,0,0.02,0,0,0,0.01,0.03,0.01,0,0,0,0,0,0,0,0.04,0,0,0,0,0,0.01,0,0,0,0,0,0,0,0,0,0,0,0,0,0
OTU541_Akkermansia muciniphila_A,0,0,0,0,0,0,0,0.88,0,0,0,0,0,0,0,0,0.03,0,0,0,0,0.85,0,0,0,0,0,0,0,0,0,0,0,0,0,0,0,0,0,0,0,0,0,0,0,0,0,0,0,0,0,0.05,0,0,0,0,0,0,0,0,0,0,0,0,0,0,0,0,0,0,0,0,0.1,0,0,1.2,0.09,0.01,0,0,0,0,0,0,0
OTU542_Akkermansia sp905200945,0,0,0,0,0,0,0,0.21,0,0,0,0,0,0,0,0,0,0,0,0,0,0,0,0,0,0,0,0,0,0,0,0,0,0,0,0,0,0,0,0,0,0,0,0,0,0,0,0,0,0,0,0,0,0,0,0,0,0,0,0,0,0,0,0,0,0,0,0,0,0,0,0,0,0,0,0,0,0,0,0,0,0,0,0,0
OTU543_Parasutterella sp900766055,0,0,0,0,0,0,0,0.01,0,0,0,0,0,0,0,0,0,0,0,0,0,0,0,0.02,0,0,0,0,0,0,0,0,0,0,0,0,0,0,0.04,0,0,0,0,0,0,0,0,0,0,0,0,0,0,0,0,0,0,0,0,0,0,0,0,0,0,0,0,0,0,0,0,0,0,0,0,0,0,0,0,0,0,0,0,0,0
OTU544_W3P20-009 sp004552385,0,0,0,0,0,0,0,0.07,0,0,0,0,0,0.03,0.15,0,0.02,0,0,0.01,0,0,0,0.01,0,0,0,0,0,0,0,0,0,0,0,0,0,0.01,0,0,0,0,0,0,0,0,0.05,0.19,0,0,0,0.13,0.01,0,0,0,0,0,0.01,0,0,0,0.01,0,0,0,0,0,0,0,0.02,0,0.01,0,0,0,0,0,0,0,0,0,0,0,0
OTU545_Nitratidesulfovibrio vulgaris,0,0,0,0,0,0,0,0.02,0,0,0,0,0,0,0,0,0,0,0,0,0,0,0,0,0,0,0,0,0,0,0,0,0,0,0,0,0,0,0,0,0,0,0,0,0,0,0,0,0,0,0,0,0,0,0,0,0,0,0,0,0,0,0,0,0,0,0,0,0,0,0,0,0,0,0,0,0,0,0,0,0,0,0,0,0
OTU546_Campylobacter_B hominis,0,0,0,0,0,0,0,0.02,0,0,0,0,0,0,0,0,0,0,0,0,0,0,0,0,0,0,0,0,0,0,0,0,0,0,0,0,0,0,0,0,0,0,0,0,0,0,0,0,0,0,0,0,0,0,0,0.04,0,0,0,0,0,0,0,0,0,0,0,0,0,0.02,0,0,0,0,0,0,0,0,0,0,0,0,0,0,0
OTU547_Senegalimassilia anaerobia,0,0,0,0,0,0,0,0,0.03,0,0,0,0,0,0,0.02,0,0,0,0,0,0.03,0,0,0.06,0,0.03,0,0,0,0,0,0,0,0,0,0,0,0,0,0,0,0,0,0,0,0.04,0,0,0,0,0,0,0,0,0,0,0,0.02,0,0,0,0,0,0,0,0,0,0,0,0,0,0,0,0,0,0,0,0,0,0,0,0,0.14,0.06
OTU548_Senegalimassilia sp003474385,0,0,0,0,0,0,0,0,0.11,0,0,0.2,0,0,0,0.09,0,0,0,0,0,0.21,0,0,0.11,0,0,0,0,0,0,0,0,0,0,0,0,0,0,0,0,0,0,0,0,0,0.02,0,0,0,0,0,0,0,0,0,0,0,0.01,0,0,0,0,0,0,0,0,0,0,0,0,0,0,0,0,0,0,0,0,0,0,0,0,0.04,0.02
OTU549_Collinsella sp938005465,0,0,0,0,0,0,0,0,0.18,0,0,0,0,0,0,0.26,0,0,0,0,0,0,0,0,0.86,0,0,0,0,0,0,0,0,0,0,0,0,0,0,0,0,0,0,0,0,0,0,0,0,0,0,0,0,0,0,0,0,0,0,0,0,0,0,0,0,0,0,0,0,0,0,0,0,0,0,0,0,0,0,0,0,0,0,0,0
OTU550_Collinsella sp900541245,0,0,0,0,0,0,0,0,0.19,0,0,0,0,0,0,0,0,0,0,0,0,0,0,0,0,0,0,0,0,0,0,0,0,0,0,0,0,0,0,0,0,0,0,0,0,0,0,0,0,0,0,0,0,0,0,0,0,0,0,0,0,0,0,0,0,0,0,0,0,0,0,0,0,0,0,0,0,0,0,0,0,0,0,0,0
OTU551_Collinsella sp900545555,0,0,0,0,0,0,0,0,0.17,0,0,0,0,0,0,0,0,0,0,0,0,0,0,0,0,0,0,0,0,0,0,0,0,0,0,0,0,0,0,0,0,0,0,0,0,0,0,0,0,0,0,0,0,0,0,0,0,0,0,0,0,0,0,0,0,0,0,0,0,0,0,0,0,0,0,0,0,0,0,0,0,0,0,0,0
OTU552_Blautia_A sp900066355,0,0,0,0,0,0,0,0,0.67,0,0,0,0,0,0,0.94,0,0,0,0,0,0,0,0,0,0,0,0,0,0,0,0,0,0,0,0,0,0,0,0,0,0,0,0,0,0,0,0,0,0,0,0,0,0,0,0,0,0,0,0,0,0,0,0,0,0,0,0,0,0,0,0,0,0,0,0,0,0,0,0,0,0,0,0,0
OTU553_Roseburia sp902781225,0,0,0,0,0,0,0,0,0.21,0,0,0,0,0,0.05,0,0,0,0,0,0,0,0,0.04,0,0,0,0,0,0,0,0.03,0,0,0,0,0,0,0,0,0,0,0,0,0,0,0,0.11,0,0,0,0,0,0,0,0.04,0,0,0,0,0,0,0,0,0,0,0.01,0,0,0,0.07,0,0,0,0,0,0,0,0,0,0,0,0,0,0
OTU554_COE1 sp001916965,0,0,0,0,0,0,0,0,0.04,0,0,0,2.03,0,0,0,0,0,0,0,0.02,0,0,0.44,0,0,0,0,0,0,0,0,0,0,0.05,0,0,0,0,0,0.02,0.08,0,0,0,0,0,0,0,0,0,0,0,0,0,0,0,0,0,0,0,0,0,0,0,0,0,0,0,0,0.01,0,0,0,0,0,0,0,0,0,0,0,0,0,0
OTU555_JAGZLR01 sp018364635,0,0,0,0,0,0,0,0,0.01,0,0,0,0,0,0,0,0,0,0,0,0,0,0,0,0,0,0,0,0,0,0,0,0,0,0,0,0,0,0,0,0,0,0,0,0,0,0,0,0,0,0,0,0,0,0,0,0,0,0,0,0,0,0,0,0,0,0.01,0,0,0,0,0,0,0,0,0,0,0,0,0,0,0,0,0,0.01
OTU556_Ruminococcus_C sp000433635,0,0,0,0,0,0,0,0,0.1,0,0,0,0,0,0,0.3,0,0,0,0,0,0,0,0,0,0,0,0,0,0,0,0,0,0,0,0,0,1.61,0,0,0,0.13,0,0,0,0,0,0,0,0,0,0,0,0,0.91,0.04,0,0,0,0,0,0,0,0,0,0,0,0,0,0,0,0,0,0,0,0,0,0,0,0,0,0,0,0,0
OTU557_CAG-115 sp003531585,0,0,0,0,0,0,0,0,0.04,0.04,0,0,0.48,0,0,0,0,0,0,0,0.02,0,0,0.25,0,0,0,0,0,0,0,0,0,0,0,0,0,0,0,0,0,0,0,0,0.03,0,0,0.15,0,0,0,0,0,0,1.57,0,0,0,0,0,0,0,0,0,0.07,0,0,0,0,0,0.1,0,0,0,0,0,0,0,0,0,0,0,0,0,0
OTU558_UMGS1623 sp934647945,0,0,0,0,0,0,0,0,0.01,0,0,0,0.01,0.03,0,0.07,0,0,0,0,0,0,0,0,0,0,0,0,0,0,0,0,0,0,0,0,0,0.02,0,0,0,0,0,0,0.02,0,0,0.01,0,0,0.09,0,0,0,0,0.01,0.06,0,0,0,0,0,0,0,0.05,0,0,0,0,0,0,0,0,0,0,0,0,0,0,0,0,0,0,0,0.02
OTU559_UMGS1975 sp900751745,0,0,0,0,0,0,0,0,0.01,0,0,0,0,0,0,0.13,0,0,0,0,0,0,0,0,0,0,0,0,0,0,0,0,0,0,0,0,0,0,0,0,0,0,0,0,0,0,0,0,0,0,0,0.03,0,0,0,0,0,0,0,0,0,0,0,0,0,0,0,0,0,0,0,0,0,0,0,0,0,0,0,0,0,0,0,0,0
OTU560_Phascolarctobacterium_A sp963603005,0,0,0,0,0,0,0,0,0.27,0,0,0.3,0.53,0,0,0.2,0,0,0,0.67,0,0,0,0,0,0,0,0,0,0,0,0,0,0,0,0,0,0,0,0.28,0,0,0,0,0,0,0,0,0,0,0,0,0,0,0,0,0,0,0,0,0,0,0,0,0,0,0,0,0,0,0,0,0,0,0,0,0,0,0,0,0,0,0,0.26,0.29
OTU561_Phascolarctobacterium_A succinatutens_B,0,0,0,0,0,0,0,0,0.74,0,0,0.29,0.18,0,0,0.39,0,0,0,0.52,0,0,0,0,0,0,0,0,0,0,0,0,0,0,0,0,0,0,0,0.14,0,0,0,0,0,0,0,0,0,0,0,0,0,0,0,0,0,0,0,0,0,0,0,0,0,0,0,0,0,0,0,0,0,0,0,0,0,0,0,0,0,0,0,0.27,0.34
OTU562_Phascolarctobacterium_A succinatutens_A,0,0,0,0,0,0,0,0,0.19,0,0,0.18,0.24,0,0,0,0,0,0,0.55,0,0,0,0,0,0,0,0,0,0,0,0,0,0,0,0,0,0,0,0.14,0,0,0,0,0,0,0,0,0,0,0,0,0,0,0,0,0,0,0,0,0,0,0,0,0,0,0,0,0,0,0,0,0,0,0,0,0,0,0,0,0,0,0,0.08,0.2
OTU563_Alistipes communis,0,0,0,0,0,0,0,0,0.04,0.03,0,0,0.1,0,0,0.1,0.03,0,0.03,0.04,0.04,0,0.03,0,0,0,0,0.11,0,0,0,0,0.04,0.05,0.47,0,0,0.02,0,0,0,0.09,0,0,0,0,0,0,0,0,0,0.84,0,0,0,0,0,0,0,0,0,0,0.15,0,0,0,0,0,0,0,0.87,0,0,0,0,0,0,0,0,0,0,0,0,0,0.21
OTU564_Coprococcus ammoniilyticus,0,0,0,0,0,0,0,0,0,0.38,0,0,0,0,0,0,0,0,0,0,0,0,0,0,0,0,0,0,0,0,0,0,0,0,0,0,0,0,0,0,0,0,0,0,0,0,0,0,0,0,0,0,0,0,0,0,0,0,0,0,0,0,0,0,0,0,0,0,0,0,0.21,0,0,0,0,0,0,0,0,0,0,0,0,0,0
OTU565_Anaerotignum sp001304995,0,0,0,0,0,0,0,0,0,0.06,0,0,0,0,0,0,0,0,0,0,0.33,0,0,0.25,0,0.05,0,0,0,0,0,0.32,0,0,0,0,0,0,0.05,0,0,0,0,0,0,0,0,0,0,0,0,0,0,0.03,0,0,0,0,0,0,0,0.09,0.21,1.48,0.02,0,0,0.52,0.25,0,0,0,0,0,0,0,0.01,0.01,0.23,0,0,0,0,0.23,0.06
OTU566_Anaerotignum sp022786605,0,0,0,0,0,0,0,0,0,0.01,0,0,0,0,0,0,0,0,0,0,0,0,0,0,0,0,0,0,0,0,0,0.03,0,0,0,0,0,0,0,0,0,0,0,0,0,0,0,0,0,0,0,0,0,0,0,0,0,0,0,0,0,0,0,0,0,0,0,0,0.02,0,0,0,0,0,0,0,0,0,0,0,0,0,0,0.01,0
OTU567_Gemmiger sp963626055,0,0,0,0,0,0,0,0,0,0.13,0,0,0,0.07,0.23,0.11,0,0,0,0,0.09,0,0.01,0,0,0,0,0,0,0,0,0,0,0,0,0,0,0,0,0,0,0,0,0,0.17,0,0,0,0,0.16,0,0,0,0,0.27,0,0,0,0,0,0,0,0,0,0,0,0,0,0,0,0,0,0,0,0,0,0,0.11,0.17,0,0,0,0,0,0
OTU568_Oscillibacter sp944387035,0,0,0,0,0,0,0,0,0,0.02,0,0,0.04,0,0,0,0,0,0,0.03,0,0,0,0,0,0,0,0.03,0,0,0,0,0,0,0,0,0,0,0,0,0,0.01,0,0,0,0,0,0,0,0,0,0.05,0,0,0.07,0,0,0,0,0,0,0,0,0,0,0,0,0,0,0,0,0,0,0,0,0.05,0.1,0,0,0,0,0,0,0,0
OTU569_CAG-170 sp900549635,0,0,0,0,0,0,0,0,0,0.02,0,0,0,0,0,0,0,0,0,0,0,0,0,0.05,0,0,0,0,0,0,0,0,0.04,0,0,0,0,0,0,0,0,0,0,0,0,0,0,0,0,0,0,0.14,0,0,0,0,0,0,0,0,0,0,0,0,0,0,0,0,0,0,0,0,0,0,0,0,0,0,0,0,0,0,0,0,0
OTU570_Intestinimonas butyriciproducens,0,0,0,0,0,0,0,0,0,0.01,0,0,0.01,0,0,0,0.03,0,0,0,0,0,0,0.01,0,0,0,0,0,0.06,0,0.04,0.01,0,0,0,0,0,0,0,0,0,0,0,0,0,0.05,0.01,0,0,0.06,0.09,0,0,0,0,0.02,0.02,0,0,0,0,0,0,0.01,0,0,0,0,0,0,0,0,0,0,0,0.02,0,0,0,0,0,0,0,0
OTU571_CAG-245 sp934131055,0,0,0,0,0,0,0,0,0,0.04,0,0,0,0,0,0,0,0,0,0,0,0,0,0,0,0,0,0,0,0,0,0,0,0,0,0,0,0.02,0,0,0,0,0,0,0,0,0,0,0,0,0,0,0,0,0.04,0,0,0,0,0,0,0,0,0,0,0,0,0,0,0,0.02,0,0,0,0,0,0,0,0,0,0,0,0,0,0
OTU572_Veillonella fallax,0,0,0,0,0,0,0,0,0,0.01,0,0,0,0,0,0,0,0,0,0,0,0,0,0,0,0,0,0,0,0,0,0,0,0,0,0,0,0,0,0,0,0,0,0,0,0,0,0,0,0,0,0,0,0,0,0,0,0,0,0,0,0,0,0,0,0,0,0,0,0,0,0,0,0,0,0,0,0,0,0,0,0,0,0,0
OTU573_Veillonella parvula_A,0,0,0,0,0,0,0,0,0,0.02,0,0.34,0,0,0,0,0,0,0,0,0,0,0,0,0,0,0.15,0,0,0,0,0,0,0,0,0,0,0,0,0,0,0,0,0,0,0,0,0,0,0,0,0,0,0,0,0,0,0,0,0,0,0,0,0,0,0,0,0,0,0,0,0,0,0,0,0,0,0,0,0,0,0,0,0,0
OTU574_Veillonella parvula_G,0,0,0,0,0,0,0,0,0,0.02,0,0,0,0,0,0,0,0,0,0,0,0,0,0,0,0,0,0,0.01,0,0,0,0,0,0,0,0,0,0,0,0,0,0,0,0,0,0,0,0,0,0,0,0,0,0,0,0,0,0,0,0,0,0,0,0,0.02,0,0,0,0,0,0,0,0,0,0,0,0,0,0,0,0,0,0,0
OTU575_Sutterella sp905186105,0,0,0,0,0,0,0,0,0,0.73,0,0,0,0,0,0,0,0,0,0,0,0,0,0,0,0,0,0,0,0,0,0,0,0,0,0,0,0,0,0,0,0,0,0,0,0,0,0,0,0,0,0,0,0,0,0,0,0,0,0,0,0,0,0,0,0,0,0,0,0,0,0,0,0,0,0,0,0,0,0,0,0,0,0,0
OTU576_Sutterella sp020025915,0,0,0,0,0,0,0,0,0,0.06,0,0,0,0,0,0,0,0,0,0,0,0,0,0,0,0,0,0,0,0,0,0,0,0,0,0,0,0,0,0,0,0,0,0,0,0,0,0,0,0,0,0,0,0,0,0,0,0,0,0,0,0,0,0,0,0,0,0,0,0,0,0,0,0,0,0,0,0,0,0,0,0,0,0,0
OTU577_Haemophilus_D sp902466845,0,0,0,0,0,0,0,0,0,0.01,0,0,0,0,0,0,0,0,0,0,0,0,0,0,0,0.01,0,0,0,0,0,0,0,0,0,0,0,0,0,0,0,0,0,0.15,0,0,0,0,0,0,0,0,0,0,0,0,0,0,0,0,0,0,0,0,0,0,0,0,0,0,0,0,0,0,0,0,0,0,0,0,0,0,0,0,0
OTU578_Scatacola_A faecigallinarum,0,0,0,0,0,0,0,0,0,0.02,0,0,0.07,0,0,0,0,0,0,0,0,0,0,0,0,0,0,0,0,0,0,0,0,0,0,0,0,0,0,0,0,0,0,0,0,0,0,0,0,0,0,0,0,0,0,0,0,0,0,0,0,0,0,0,0,0,0,0,0,0,0,0,0,0,0,0,0,0,0,0,0,0,0,0,0
OTU579_Anaerotardibacter sp000436075,0,0,0,0,0,0,0,0,0,0.04,0,0,0,0,0,0,0,0,0,0,0,0,0,0,0,0,0,0,0,0,0,0,0,0,0,0,0,0,0,0,0,0,0,0,0,0,0,0,0,0,0,0,0,0,0,0,0,0,0.07,0,0,0,0,0,0,0,0,0,0,0,0,0,0,0,0,0,0,0,0,0,0,0,0,0,0
OTU580_Adlercreutzia sp902478715,0,0,0,0,0,0,0,0,0,0.01,0,0,0,0,0,0,0,0,0,0,0,0,0,0,0,0,0,0,0,0,0,0,0,0,0,0,0,0,0,0,0,0,0,0,0,0,0.01,0,0,0,0,0,0,0,0,0,0,0.02,0,0,0,0,0,0,0,0,0,0,0,0,0.01,0,0,0,0,0,0,0,0,0,0,0,0,0,0
OTU581_Collinsella sp959027945,0,0,0,0,0,0,0,0,0,0.09,0,0,0,0,0,0,0,0,0,0,0,0,0,0,0,0,0,0,0,0,0,0,0,0,0,0,0,0,0,0,0,0,0,0,0,0,0,0,0,0,0,0,0,0,0,0,0,0,0,0,0,0,0,0,0,0,0,0,0,0,0,0,0,0,0.43,0,0,0,0,0,0,0,0,0,0
OTU582_Collinsella aerofaciens_M,0,0,0,0,0,0,0,0,0,0.32,0,0,0,0,0,0,0,0,0,0,0,0,0,0,0,0,0,0,0.26,0,0,0,0,0,0,0,0,1.39,0,0,0,0,0,0,0,0,0,0,0,0,0,0,0,0,0,0,0,0,0,0,0,0,0,0,0,0,0,0,0,0,0,0,0,0,0,0,0,0,0,0,0.03,0,0,0,0
OTU583_JAHZGC01 sp019421015,0,0,0,0,0,0,0,0,0,0,0.02,0,0,0,0,0.01,0,0,0,0,0,0,0,0,0,0,0,0,0,0,0,0,0,0,0,0,0,0,0,0,0,0,0,0,0,0,0.01,0,0,0.01,0,0,0,0,0,0,0,0,0,0,0,0,0,0,0,0,0,0,0,0,0,0,0,0,0,0,0,0,0,0,0,0,0,0,0
OTU584_Collinsella sp003479805,0,0,0,0,0,0,0,0,0,0,0.46,0,0,0,0,0,0,0,0,0,0,0,0,0,0,0,0,0,0,0,0,0,0,0,0,0,0,0,0,0,0,0,0,0,0,0,0,0,0,0,0,0,0,0,0,0,0,0,0,0.2,0.05,0,0.01,0,0,0,0,0,0,0,0,0,0,0,0,0,0,0,0,0,0,0,0,0,0
OTU585_Collinsella sp900541235,0,0,0,0,0,0,0,0,0,0,0.44,0,0,0,0,0,0,0,0,0,0,0,0,0,0,0,0,0,0,0,0,0,0,0,0,0,0,0,0,0,0,0,0,0,0,0,0,0,0,0,0,0,0,0,0,0,0,0,0,0,0,0,0,0,0,0,0,0,0,0,0,0,0,0,0,0,0,0,0,0,0,0,0,0,0
OTU586_Hungatella effluvii,0,0,0,0,0,0,0,0,0,0,0.02,0.06,0,0,0,0,0,0,0,0,0,0.13,0,0,0,0,0,0,0,0.02,0,0.02,0,0,0,0,0,0,0,0,0,0,0.28,0.15,0,0.01,0,0,0,0.03,0,0,0,0,0,0.04,0,0,0,0,0,0,0,0,0,0.12,0,0.01,0,0,0,0,0,0,0,0.13,0.01,0,0.02,0,0,0,0,0,0
OTU587_Blautia_A wexlerae_C,0,0,0,0,0,0,0,0,0,0,0.85,0,0,0,0,0,0.81,0,0,0.44,2.73,0,0,0.78,0,0,0,0.83,0,0,0,0,0,0,0,0,0,0,0,0.73,0,0,0.06,0,0,0,0,0,0.62,0,0,0,0,0,0,0,0,0,0,0,0,0,0,0,0.6,0.04,0.55,0,0.72,0,0,0,0,0,0,0,0,0.56,0,0,0,0,0,0,0
OTU588_Roseburia sp934317215,0,0,0,0,0,0,0,0,0,0,0.15,0,0,0,0,0,0,0,0,0,0,0,0,0,0,0,0,0,0,0,0,0,0,0,0,0,0,0,0,0,0,0,0,0,0,0,0,0,0,0,0,0,0,0,0,0,0,0,0,0,0,0,0,0,0,0,0,0,0,0,0,0,0,0,0,0,0,0,0,0,0,0,0,0,0
OTU589_Enterocloster sp001517625,0,0,0,0,0,0,0,0,0,0,0.1,0,0,0,0,0,0,0,0,0,0.05,0.03,0,0,0,0.18,0,0.31,0,0.06,0,0,0,0,0,0,0,0,0,0,0,0,1.78,2.09,0,0,0,0,0,0,0,0,0,0,0,0,0,0,0,0,0,0,0.03,0,0,0,0.08,0.01,0.91,0,0,0,0,0,0.03,0,0.03,0.64,0.06,0,0,0,0,0.03,0
OTU590_Metalachnospira sp902406135,0,0,0,0,0,0,0,0,0,0,0.02,0,0,0,0,0,0,0,0,0,0,0,0,0,0.02,0,0,0,0,0,0,0,0,0,0,0,0,0,0,0,0,0,0,0,0,0,0,0,0,0,0,0,0,0,0,0,0,0,0,0,0,0,0,0,0,0,0,0,0,0,0,0,0,0,0,0,0,0,0,0,0,0,0,0,0
OTU591_CAG-274 sp900545305,0,0,0,0,0,0,0,0,0,0,0.34,0,0,0,0,0,0,0,0,0,0,0,0,0,0,0,0,0,0,0,0,0,0,0,0,0,0,0,0,0,0,0,0,0,0,0.37,0,0,0,0,0,0,0,2.1,0,0,0,0,0,0,0,0,0,0,0,0,0,0,0,0,0,0,0,0,0,0,0,0,0,0,0,0,0,0,0
OTU592_Avoscillospira_A sp019422005,0,0,0,0,0,0,0,0,0,0,0.01,0,0,0,0,0,0,0,0,0,0,0,0,0,0,0,0,0,0,0,0,0,0,0,0,0,0,0,0,0,0,0,0,0,0,0,0,0,0,0,0,0,0,0,0,0,0,0,0,0,0,0,0,0,0,0,0,0,0,0,0,0,0,0,0,0,0,0,0,0,0,0,0,0,0
OTU593_Faecousia sp958436045,0,0,0,0,0,0,0,0,0,0,0.05,0,0,0,0,0,0,0,0,0,0,0,0,0,0,0,0,0,0,0,0,0,0,0,0,0,0,0,0,0,0,0,0,0,0,0,0,0,0,0,0.08,0,0,0,0,0,0.05,0,0,0,0,0,0,0,0,0,0,0,0,0,0,0,0,0,0,0,0,0,0,0,0,0,0,0,0
OTU594_Lawsonibacter sp902363045,0,0,0,0,0,0,0,0,0,0,0.11,0,0,0,0,0,0,0,0,0,0,0,0,0,0,0,0,0,0,0.03,0,0,0,0,0,0,0,0,0,0,0,0,0,0,0,0,0,0,0,0,0.49,0,0,0,0,0,0.34,0,0,0,0,0,0,0.03,0.06,0,0,0,0.02,0,0,0,0,0,0,0,0,0,0.15,0,0,0,0,0,0.04
OTU595_Hominibacterium faecale,0,0,0,0,0,0,0,0,0,0,0.02,0,0,0,0,0,0,0,0,0,0,0,0,0,0,0,0,0,0,0,0,0,0,0,0,0,0,0,0,0,0,0,0,0,0,0,0,0,0,0,0,0,0,0,0,0,0,0,0,0,0,0,0,0,0,0,0,0,0,0,0,0,0,0,0,0,0,0,0,0,0,0,0,0,0
OTU596_Lentihominibacter hominis,0,0,0,0,0,0,0,0,0,0,0.02,0,0,0,0.05,0,0,0,0,0,0,0.1,0,0,0,0,0,0.03,0,0,0,0.03,0,0,0,0,0,0,0.13,0,0,0,0,0,0,0.16,0,0,0,0.02,0.11,0,0,0,0,0,0.08,0,0,0,0,0,0.01,0,0,0,0,0,0,0,0,0,0.02,0,0,0,0.02,0,0.04,0,0,0,0,0,0
OTU597_Clostridium sp900547475,0,0,0,0,0,0,0,0,0,0,0.01,0,0,0,0,0,0,0,0,0,0,0,0,0,0,0,0,0,0,0,0,0,0,0,0,0,0,0,0,0,0,0,0,0,0,0,0,0,0,0,0,0,0,0,0,0,0,0,0,0,0,0,0,0,0,0,0,0,0,0,0,0,0,0,0,0,0,0,0,0,0,0,0,0,0
OTU598_Dielma fastidiosa,0,0,0,0,0,0,0,0,0,0,0,0.18,0.02,0,0,0,0,0,0,0,0,0,0,0,0,0,0,0.01,0,0,0,0,0,0,0,0,0,0,0,0,0,0.01,0,0,0,0.01,0,0,0,0.04,0,0,0,0,0,0.02,0,0,0,0,0.02,0,0,0.03,0,0,0,0,0,0.01,0,0,0,0,0,0,0,0,0.05,0,0.02,0,0.01,0,0
OTU599_Copranaerobaculum intestinale,0,0,0,0,0,0,0,0,0,0,0,0.02,0,0,0,0,0,0,0,0,0,0,0,0,0,0,0,0,0,0,0,0,0,0,0,0,0,0,0,0,0,0,0,0,0,0,0,0,0,0.02,0,0,0,0,0,0,0,0,0,0,0,0,0,0,0,0,0,0,0,0,0,0,0,0,0,0,0,0,0,0,0,0,0,0,0
OTU600_Veillonella parvula_J,0,0,0,0,0,0,0,0,0,0,0,0.14,0,0,0,0,0,0,0,0,0,0,0,0,0,0,0,0,0,0,0,0,0,0,0,0,0,0,0,0,0,0,0,0,0,0,0,0,0,0,0,0,0,0,0,0,0,0,0,0,0,0,0,0,0,0,0,0,0,0,0,0,0,0,0,0,0,0,0,0,0,0,0,0,0
OTU601_Acidaminococcus intestini,0,0,0,0,0,0,0,0,0,0,0,0.02,0,0,0,0,0,0,0,0,0,0,7.09,0,0,0,0,0,0,0,0,0,0,0,0,0,0,0,0,0,0,0,0,0,0,0,0.23,0,0,0,0,0,0,0,0,0,0,0,0,0,0,0,0,0,0,0,0,0.56,1.9,0,0,0,0,0,0,0,0,0.06,2.85,0,0,0,0,0,0
OTU602_Clostridium_AP scindens,0,0,0,0,0,0,0,0,0,0,0,0.03,0,0,0,0,0,0,0,0,0,0,0,0,0,0,0,0,0,0,0,0,0,0,0,0,0,0,0,0,0,0,3.42,0.65,0,0,0,0,0,0,0.01,0,0,0,0,0,0,0,0,0,0,0,0,0,0,0,0.01,0.01,0.1,0,0,0,0,0,0,0.04,0.02,0,0.01,0,0,0,0,0,0
OTU603_Eisenbergiella porci,0,0,0,0,0,0,0,0,0,0,0,0.07,0,0,0,0,0,0,0.24,0,0,0,0,0.02,0,0,0,0,0,0,0,0,0,0,0,0,0,0,0.01,0,0,0,4.04,1.15,0,0,0,0,0,0.01,0.14,0,0,0,0,0,0.1,0,0,0,0,0,0,0,0,0.01,0.05,0,0,0,0,0,0,0,0,0.53,0.23,0.01,0,0,0,0,0,0,0.02
OTU604_Eisenbergiella tayi,0,0,0,0,0,0,0,0,0,0,0,0.02,0,0,0,0.01,0,0,0,0,0,0,0,0,0,0,0,0,0,0.11,0,0.02,0,0,0,0,0,0,0.28,0,0,0.02,0.92,0.67,0.02,0,0,0.01,0,0.05,0.03,0,0,0,0,0.26,0.02,0,0,0,0,0,0,0,0,0.02,0,0.11,0,0,0,0,0,0,0.01,0.1,0.03,0,0,0,0.05,0,0,0,0
OTU605_Dorea_A sp019421265,0,0,0,0,0,0,0,0,0,0,0,0.54,0,0,0,0,0,0,0,0,0,0,0,0,0,0,0,0,0,0,0,0,0,0,0,0,0,0,0,0,0,0,0.13,0.13,0,0,0,0,0.55,0,0,0,0,0,0,0,0,0,0,0,0,0,0,0,0,0.39,0,0.38,0,0,0,0.19,0,0,0,0,0,0,0,0,0,0,0,0,0
OTU606_Faecalicatena_A oroticus,0,0,0,0,0,0,0,0,0,0,0,0.01,0,0,0,0,0,0,0,0,0,0,0,0,0,0,0,0,0,0,0,0,0,0,0,0,0,0,0,0,0,0,0,0,0,0,0,0,0,0,0,0,0,0,0,0,0,0,0,0,0,0,0,0,0,0,0,0,0,0,0,0,0,0,0,0,0,0,0,0,0,0,0,0,0
OTU607_Senegalimassilia sp030540215,0,0,0,0,0,0,0,0,0,0,0,0.02,0,0,0,0,0,0,0,0,0,0,0,0,0,0,0,0,0,0,0,0,0,0,0,0,0,0,0,0,0,0,0,0,0,0,0,0,0,0,0,0,0,0,0,0,0,0,0,0,0,0,0,0,0,0,0,0,0,0,0,0,0,0,0,0,0,0,0,0,0,0,0,0,0
OTU608_Frisingicoccus sp902471845,0,0,0,0,0,0,0,0,0,0,0,0,0.03,0,0,0,0,0,0.08,0,0,0,0,0.05,0,0,0,0.03,0,0,0,0,0,0,0,0,0,0,0,0,0,0,0,0,0,0,0,0,0,0,0.14,0,0,0,0,0,0.17,0,0,0,0,0,0,0.26,0.04,0,0,0,0,0,0,0,0,0,0,0.18,0.08,0,0,0,0.03,0,0,0,0
OTU609_Brotaphodocola faecis,0,0,0,0,0,0,0,0,0,0,0,0,0.09,0,0,0,0,0,0,0,0,0,0.02,0,0,0,0,0,0,0,0,0,0,0,0,0,0,0,0,0,0,0,0,0,0,0,0,0,0,0,0,0,0,0,0,0,0,0.06,0,0,0,0,0,0,0.05,0,0,0,0,0,0,0,0,0,0,0,0,0,0,0,0,0,0.02,0,0
OTU610_Eubacterium_U album,0,0,0,0,0,0,0,0,0,0,0,0,0.08,0,0,0,0,0,0,0.32,0,0,0,0,0,0,0,0,0,0,0,0,0,0,0.02,0,0,0,0,0,0,0,0,0,0,0,0,0.07,0,0,0,0.04,0,0,0.06,0,0,0,0,0,0,0,0,0,0,0,0,0,0,0,0,0,0,0,0,0,0,0,0,0,0,0,0,0,0
OTU611_CAG-882 sp003486385,0,0,0,0,0,0,0,0,0,0,0,0,1.34,0,0,0,0,0,0,0,0,0,0,0.49,0,0,0,0,0,0,0,0,0,0,0,0,0,0,0,0,0,0,0,0,0,0,0,0,0,0,0,0,0,0,1.99,0,0,0,0,0,0,0,0,0,0,0,0,0,0,0,0,0,0,0,0,0,0,0,0,0,0,0,0,0,0
OTU612_Anaerostipes hadrus_C,0,0,0,0,0,0,0,0,0,0,0,0,0.03,0,0,0,0,0,0,0,0,0.01,0,0.52,0,0,0.04,0.15,0,0,0.35,0,0,0,0,0,0,0,0,0,0,0,0,0,0,0.07,0,0,0,0,0,0,0,0,0,0,0,0,0,0,0,0,0,0.04,0,0,0,0.05,0.2,0,0,0.42,0.72,0,0,0,0.33,0.29,0.02,0,0,0.18,0,0,0
OTU613_QAKD01 sp003343965,0,0,0,0,0,0,0,0,0,0,0,0,0.09,0,0,0,0,0,0,0.03,0,0,0,0,0,0,0,0,0,0,0,0,0,0,0.06,0,0,0.01,0,0,0,0,0,0,0.02,0,0,0,0,0,0,0.06,0,0,0,0,0,0,0,0,0,0,0,0,0,0,0,0,0,0,0,0,0,0,0,0,0.07,0,0,0,0,0,0,0,0
OTU614_Ventricola sp900542395,0,0,0,0,0,0,0,0,0,0,0,0,0.33,0.05,0.97,0,0.09,0,0,0,0.19,0,0,0,0,0,0,0,0.02,0,0,0,0,0.08,0.29,0,0,0.14,0,0,0,0,0,0,1.13,0.1,0.29,0.08,0,0,0,0.2,0,0,0,0,0,0,0.02,0,0,0,0,0,0,0,0,0,0,0,0.18,0,0,0,0,0,0,0,0,0,0,0,0,0,0
OTU615_Ventricola sp934636105,0,0,0,0,0,0,0,0,0,0,0,0,0.02,0,0.05,0,0,0,0,0,0,0,0,0,0,0,0,0,0,0,0,0,0,0,0,0,0,0,0,0,0,0,0,0,0,0,0,0,0,0,0,0,0,0,0,0,0,0,0,0,0,0,0,0,0,0,0,0,0,0,0,0,0,0,0,0,0,0,0,0,0,0,0,0,0
OTU616_Egerieenecus sp900553315,0,0,0,0,0,0,0,0,0,0,0,0,0.01,0,0,0,0,0,0,0,0,0,0,0,0,0,0,0,0,0,0,0,0,0,0.02,0,0,0,0,0,0,0,0,0,0,0,0.01,0.07,0,0,0,0.02,0,0,0,0,0,0,0,0,0,0,0,0,0,0,0,0,0,0,0,0,0,0,0,0,0,0,0,0,0,0,0,0,0
OTU617_Vescimonas sp900545585,0,0,0,0,0,0,0,0,0,0,0,0,0.12,0,0.64,0,0,0,0,0,0,0,0,0.08,0,0,0,0,0,0,0,0,0,0.05,0.16,0,0,0,0,0,0,0,0,0,0.53,0,0,0.63,0,0,0,0.47,0,0.06,0,0.47,0,0,0,0,0,0,0,0,0,0,0,0,0,0,0,0,0,0,0,0.07,0,0,0,0,0,0,0,0,0
OTU618_Lawsonibacter sp900549405,0,0,0,0,0,0,0,0,0,0,0,0,0.08,0,0,0.01,0,0,0,0,0.08,0,0,0.04,0,0,0,0,0.09,0,0,0,0,0.06,0,0,0,0.01,0,0,0,0.07,0,0,0,0,0.03,0,0,0,0,0.04,0,0,0,0,0,0.03,0.01,0,0,0,0,0,0,0,0,0,0,0.05,0.02,0,0,0,0,0,0,0,0,0.02,0,0,0,0,0
OTU619_Enterenecus sp934675115,0,0,0,0,0,0,0,0,0,0,0,0,0.01,0,0,0,0,0,0,0,0,0,0,0,0,0,0,0,0,0,0,0,0,0,0,0,0,0,0,0,0,0,0,0,0,0,0,0,0,0,0,0,0,0,0,0,0,0,0,0,0,0,0,0,0,0,0,0,0,0,0,0,0,0,0,0,0,0,0,0,0,0,0,0,0
OTU620_Lawsonibacter_A hominis,0,0,0,0,0,0,0,0,0,0,0,0,0.01,0,0.01,0,0,0,0,0,0,0,0,0.01,0,0,0,0,0,0,0,0,0,0,0,0,0,0,0,0,0,0,0,0,0.11,0,0,0.04,0,0,0.04,0,0,0,0,0,0.03,0,0,0,0,0,0,0,0.01,0,0,0,0,0,0,0,0,0,0.03,0,0.01,0,0,0,0,0,0,0,0
OTU621_Instestinimonas_A celer,0,0,0,0,0,0,0,0,0,0,0,0,0.02,0,0,0,0,0,0,0,0,0,0,0,0,0,0,0,0,0,0,0,0,0,0,0,0,0.01,0,0,0,0,0,0,0,0,0,0,0,0,0,0.01,0,0,0,0,0,0,0,0,0,0,0,0,0.01,0,0,0,0,0,0,0,0,0,0,0,0,0,0,0,0,0,0,0,0
OTU622_Paludihabitans sp900543295,0,0,0,0,0,0,0,0,0,0,0,0,0.03,0,0,0,0,0,0,0,0,0,0,0,0,0,0,0,0,0,0,0,0,0,0,0,0,0,0,0,0,0,0,0,0,0,0,0,0,0,0,0,0,0,0,0,0,0,0,0,0,0,0,0,0,0,0,0,0,0,0,0,0,0,0,0,0,0,0,0,0,0,0,0,0
OTU623_Huintestinicola butyrica,0,0,0,0,0,0,0,0,0,0,0,0,1.04,0,0,0,0.06,0,0,0,0,0,0,0,0,0,0,0,0,0,0,0,0,0,0,0,0,0,0,0,0,0,0,0,0,0,0,0,0,0,0,0.31,0,0,2.84,0.02,0,0,0,0,0,0,0,0,0,0,0,0,0,0,0,0,0,0,0,0,0,0,0,0,0,0,0,0,0
OTU624_Eubacterium_R sp900542875,0,0,0,0,0,0,0,0,0,0,0,0,0.37,0,0,0,0,0,0,0,0,0,0,0,0,0,0,0,0,0,0,0,0,0,0,0,0,0,0,0,0,0,0,0,0,0,0,0,0,0,0,0,0,0,0,0,0,0,0,0,0,0,0,0,0,0,0,0,0,0,0,0,0,0,0,0,0,0,0,0,0,0,0,0,0
OTU625_Eubacterium_R sp900772705,0,0,0,0,0,0,0,0,0,0,0,0,0.07,0,0,0,0,0,0,0,0,0,0,0,0,0,0,0,0,0,0,0,0,0,0,0,0,0,0,0,0,0,0,0,0,0,0,0,0,0,0,0,0,0,0,0,0,0,0,0,0,0,0,0,0,0,0,0,0,0,0,0,0,0,0,0,0,0,0,0,0,0,0,0,0
OTU626_Ruminococcoides intestinalis,0,0,0,0,0,0,0,0,0,0,0,0,0.31,0,0,0,0,0,0,0.01,0,0,0,0,0,0,0,0,0,0,0,0,0,0,0,0,0,0,0,0,0,0,0,0,0,0,0,0,0,0,0,0,0,0,0,0,0,0,0,0,0,0,0,0,0,0,0,0,0,0,0,0,0,0,0,0,0,0,0,0,0,0,0,0,0
OTU627_Butyricicoccus pullicaecorum_C,0,0,0,0,0,0,0,0,0,0,0,0,0.03,0,0,0,0,0,0,0,0,0,0,0,0,0,0,0,0,0,0,0,0,0,0,0,0,0,0,0,0,0,0,0,0,0,0,0,0,0,0,0,0,0,0,0,0,0,0,0,0,0,0,0,0,0,0,0,0,0,0,0,0,0,0,0,0,0,0,0,0,0,0,0,0
OTU628_CAG-269 sp003525075,0,0,0,0,0,0,0,0,0,0,0,0,0.04,0,0,0,0,0,0,0.06,0,0,0,0,0,0,0,0,0,0,0,0,0,0,0,0,0,0.45,0,0,0,0,0,0,0,0,0,0,0,0,0,0,0,0,0.18,0.02,0,0,0,0,0,0,0,0,0,0,0,0,0,0,0.4,0,0,0,0,0,0,0,0,0,0,0,0,0,0
OTU629_CAG-793 sp900557475,0,0,0,0,0,0,0,0,0,0,0,0,0.07,0,0,0,0,0,0,0,0,0,0,0,0,0,0,0,0,0,0,0,0,0,0,0,0,0,0,0,0,0,0,0,0,0,0,0,0,0,0,0,0,0,0,0,0,0,0,0,0,0,0,0,0,0,0,0,0,0,0,0,0,0,0,0,0,0,0,0,0,0,0,0,0
OTU630_Streptococcus vestibularis,0,0,0,0,0,0,0,0,0,0,0,0,0.01,0,0,0,0,0,0,0,0,0,0,0,0,0,0,0,0,0,0,0,0,0,0,0,0,0,0,0,0,0,0,0,0,0,0,0,0,0,0,0,0,0,0,0,0,0,0,0,0,0,0,0,0,0,0,0,0,0,0,0,0,0,0,0,0,0,0,0,0,0,0,0,0
OTU631_Thomasclavelia sp000508865,0,0,0,0,0,0,0,0,0,0,0,0,0.13,0,0,0,0,0,0,0,0,0,0,0.24,0,0,0,0,0,0,1.25,0,0,0,0,0,0,0,0,0,0,0,0,0,0,0,0,0,0,0,0,0,0,0,0,0,0,0,0,0,0,0,0,1.06,0.01,0,0,0.01,0,0,0,0,0,0,0,0.65,0.04,0,0,0,0,0,0,0,0
OTU632_Scybalousia sp900542735,0,0,0,0,0,0,0,0,0,0,0,0,0.02,0,0,0,0,0,0,0,0,0,0,0,0,0,0,0,0,0,0,0,0,0,0,0,0,0,0,0,0,0,0,0,0,0,0,0,0,0,0,0,0,0,0,0,0,0,0,0,0,0,0,0,0,0,0,0,0,0,0,0,0,0,0,0,0,0,0,0,0,0,0,0,0
OTU633_CAG-288 sp000437395,0,0,0,0,0,0,0,0,0,0,0,0,0.2,0,0,0.08,0,0,0,0,0,0,0,0,0,0,0,0,0,0,0,0,0,0,0,0,0,0,0,0,0,0,0,0,0,0,0,0,0,0,0,0,0,0,0,0,0,0,0,0,0,0,0,0,0,0,0,0,0,0,0,0,0,0,0,0,0,0,0,0,0,0,0,0,0
OTU634_Phascolarctobacterium_A sp963659725,0,0,0,0,0,0,0,0,0,0,0,0,0.29,0,0,0,0,0,0,0,0,0,0,0,0,0,0,0,0,0,0,0,0,0,0,0,0,0,0,0,0,0,0,0,0,0,0,0,0,0,0,0,0,0,0,0,0,0,0,0,0,0,0,0,0,0,0,0,0,0,0,0,0,0,0,0,0,0,0,0,0,0,0,0,0
OTU635_Phascolarctobacterium_A succinatutens,0,0,0,0,0,0,0,0,0,0,0,0,0.34,0,0,0,0,0,0,0,0,0,0,0,0,0,0,0,0,0,0,1.1,0,0,0,0,0,0,0,0,0.14,0.85,0,0,0,0,0,0,0,0,0,0,0,0,0,0,0,0,0,0,0,0,0,0,0,0,0,0,0,0,0,0,0,0,0,0,0,0,0,0,0,0,0,0,0.13
OTU636_UBA7185 sp902462325,0,0,0,0,0,0,0,0,0,0,0,0,0.2,0,0,0,0,0,0,0,0,0,0,0,0,0,0,0,0,0,0,0,0,0,0,0,0,0.05,0,0,0,0,0,0,0,0,0,0,0,0,0,0,0,0,0,0,0,0,0,0,0,0,0,0,0,0,0,0,0,0,0,0,0,0,0,0,0,0,0,0,0,0,0,0,0
OTU637_UBA7185 sp902492275,0,0,0,0,0,0,0,0,0,0,0,0,0.05,0,0,0,0,0,0,0,0,0,0,0,0,0,0,0,0,0,0,0,0,0,0,0,0,0.03,0,0,0,0,0,0,0,0,0,0,0,0,0,0,0,0,0,0,0,0,0,0,0,0,0,0,0,0,0,0,0,0,0,0,0,0,0,0,0,0,0,0,0,0,0,0,0
OTU638_UBA7185 sp900556545,0,0,0,0,0,0,0,0,0,0,0,0,0.05,0,0,0,0.09,0,0,0,0,0,0,0.04,0,0,0,0,0,0,0,0,0,0,0,0,0,0,0,0,0,0,0,0,0,0,0,0,0,0,0,0,0,0,0,0,0,0,0,0,0,0,0,0,0.05,0,0,0,0,0,0,0,0,0,0,0.11,0.04,0,0,0,0,0,0,0,0
OTU639_UBA1829 sp900548385,0,0,0,0,0,0,0,0,0,0,0,0,0.24,0,0,0,0,0,0,0,0,0,0,0,0,0,0,0,0,0,0,0,0,0,0,0,0,0,0,0,0,0,0,0,0,0,0,0,0,0,0,0,0,0,0,0,0,0,0,0,0,0,0,0,0,0,0,0,0,0,0,0,0,0,0,0,0,0,0,0,0,0,0,0,0
OTU640_Victivallis lenta,0,0,0,0,0,0,0,0,0,0,0,0,0.02,0,0,0,0.03,0,0,0,0,0,0,0,0,0,0,0,0,0,0,0,0,0.02,0.6,0,0,0.03,0,0,0,0.01,0,0,0,0,0.01,0,0,0,0,0,0,0,0,0,0,0,0,0,0,0,0,0,0,0,0,0,0,0,0,0,0,0,0,0,0.03,0,0,0,0,0,0,0,0
OTU641_Collinsella sp001915225,0,0,0,0,0,0,0,0,0,0,0,0,0.05,0,0,0,0,0,0,0,0,0,0,0,0,0,0,0,0,0,0,0,0,0,0,0,0,0,0,0,0,0,0,0,0.46,0,0,0,0,0,0,0,0,0,0,0,0,0,0,0,0,0,0,0,0,0,0,0,0,0,0,0,0,0,0,0,0,0,0,0,0,0,0,0,0
OTU642_Collinsella sp900549355,0,0,0,0,0,0,0,0,0,0,0,0,0.05,0,0.07,0,0,0,0,0,0,0,0,0,0,0,0,0,0,0,0,0,0,0.44,0.07,0,0,0,0,0,0,0,0,0,0,0,0,0,0,0,0,0,0,0,0,0,0,0,0,0,0,0,0,0,0,0,0,0,0,0,0,0,0,0,0,0,0,0,0,0,0,0.32,0,0,0
OTU643_Collinsella aerofaciens_AD,0,0,0,0,0,0,0,0,0,0,0,0,0.06,0,0,0,0,0,0,0,0,0,0,0,0,0,0,0,0,0,0,0,0,0,0,0,0,0,0,0,0,0,0,0,0,0,0,0,0,0,0,0,0,0,0,0,0,0,0,0,0,0,0,0,0,0,0,0,0,0,0,0,0,0,0,0,0,0,0,0,0,0,0,0,0
OTU644_Bacteroides zhangwenhongii,0,0,0,0,0,0,0,0,0,0,0,0,0.92,0,0,0,0,0,0,0,0,0,0,0,0,0,0,0,0,0,0,0,0,0,0,0,0,0,0,0,0,0,0,0,0,0,0,0,0,0,0,0,0,0,0,0,0,0,0,0,0,0,0,0,0,0,0,0,0,0,0,0,0,0,0,0,0,0,0,0,0,0,0,0,0
OTU645_Bacteroides cutis,0,0,0,0,0,0,0,0,0,0,0,0,1.28,0,0,0,0,0,0,0,0,0,0,0,0,0,0,0,0,0,0,0,0,0,0,0,0,0,0,0,0,0,0,0,0,0,0,0,0,0,0,0,0,0,0,0,0,0,0,0,0,0,0,0,0,0,0,0,0,0,0,0,0,0,0,0,0,0,0,0,0,0,0,0,0
OTU646_UBA6398 sp900555645,0,0,0,0,0,0,0,0,0,0,0,0,0.3,0,0,0,0,0,0,0,0,0,0,0,0,0,0,0,0,0,0,0,0,0,0,0,0,0,0,0,0,0,0,0,0,0,0,0,0,0,0,0,0,0,0,0,0,0,0,0,0,0,0,0,0,0,0,0,0,0,0,0,0,0,0,0,0,0,0,0,0,0,0,0,0
OTU647_Alistipes senegalensis,0,0,0,0,0,0,0,0,0,0,0,0,0.08,0.04,0,0,0,0,0,0,0,0,0.05,0,0,0,0,0,0,0,0,0,0,0,0,0,0,0,0,0,0,0,0,0,0,0,0.05,0,0,0,0,0,0,0,0,0,0,0,0,0,0,0,0,0,0,0,0,0,0,0,0.14,0,0,0,0,0,0,0,0,0,0,0,0,0,0
OTU648_Butyricimonas sp019423345,0,0,0,0,0,0,0,0,0,0,0,0,0.09,0,0,0,0,0,0,0,0,0,0,0,0,0,0,0,0,0,0,0,0,0,0,0,0.17,0,0,0,0,0,0,0,0,0,0,0.03,0,0,0,0.04,0,0,0,0,0,0,0,0,0,0,0,0,0,0,0,0,0,0,0,0,0,0,0.02,0,0,0,0,0,0,0,0,0,0
OTU649_Cryptobacteroides sp000431015,0,0,0,0,0,0,0,0,0,0,0,0,1.17,0,0,0,0,0,0,0,0,0,0,0,0,0,0,0,0,0,0,0,0,0,0,0,0,0,0,0,0,0,0,0,0,0,0,0,0,0,0,0,0,0,0,0,0,0,0,0,0,0,0,0,0,0,0,0,0,0,0,0,0,0,0,0,0,0,0,0,0,0,0,0,0
OTU650_Barnesiella sp900538555,0,0,0,0,0,0,0,0,0,0,0,0,1.93,0,0,0,0,0,0,0,0,0,0,0,0,0,0,0,0,0,0,0,0,0,0,0,0,0,0,0,0,0,0,0,0,0,0,0,0,0,0,0,0,0,0,0,0,0,0,0,0,0,0,0,0,0,0,0,0,0,0,0,0,0,0,0,0,0,0,0,0,0,0,0,0
OTU651_Zag111 sp900551965,0,0,0,0,0,0,0,0,0,0,0,0,0.16,0,0,0,0,0,0,0,0,0,0,0,0,0,0,0,0,0,0,0,0,0,0,0,0,0,0,0,0,0,0,0,0,0,0,0,0,0,0,0,0,0,0,0,0,0,0,0,0,0,0,0,0,0,0,0,0,0,0,0,0,0,0,0,0,0,0,0,0,0,0,0,0
OTU652_Limenecus avicola,0,0,0,0,0,0,0,0,0,0,0,0,0.08,0,0,0,0,0,0,0,0,0,0,0.5,0,0,0,0,0,0,0,0,0,0,0,0,0,0,0,0,0,0,0,0,0,0,0,0,0,0,0,0,0,0,0,0,0,0,0,0,0,0,0,0,0,0,0,0,0,0,0,0,0,0,0,0,0,0,0,0,0,0,0,0,0
OTU653_Scatenecus sp900554095,0,0,0,0,0,0,0,0,0,0,0,0,0.03,0,0,0,0,0,0,0,0,0,0,0,0,0,0,0,0,0,0,0,0,0,0,0,0,0,0,0,0,0,0,0,0,0,0,0,0,0,0,0,0,0,0,0,0,0,0,0,0,0,0,0,0,0,0,0,0,0,0,0,0,0,0,0,0,0,0,0,0,0,0,0,0
OTU654_CAG-196 sp002102975,0,0,0,0,0,0,0,0,0,0,0,0,1.51,0,0,0,0,0,0,0,0,0,0,0,0,0,0,0,0,0,0,0,0,0,0,0,0,0,0,0,0,0,0,0,0,0,0,0,0,0,0,0,0,0,0,0,0,0,0,0,0,0,0,0.04,0.15,0,0,0,0,0,0,0,0,0,0,0,0,0,0,0,0,0,0,0,0
OTU655_Stercorousia sp001765415,0,0,0,0,0,0,0,0,0,0,0,0,1.48,0,0,0,0,0,0,0,0,0,0,0,0,0,0,0,0,0,0,0,0,0,0,0,0,0,0,0,0,0,0,0,0,0,0,0,0,0,0,0,0,0,0,0,0,0,0,0,0,0,0,0,0,0,0,0,0,0,0,0,0,0,0,0,0,0,0,0,0,0,0,0,0
OTU656_Stercorousia sp001917115,0,0,0,0,0,0,0,0,0,0,0,0,0.17,0,0,0,0,0,0,0,0,0,0,0,0,0,0,0,0,0,0,0,0,0,0,0,0,0,0,0,0,0,0,0,0,0,0,0,0,0,0,0,0,0,0,0,0,0,0,0,0,0,0,0,0,0,0,0,0,0,0,0,0,0,0,0,0,0,0,0,0,0,0,0,0
OTU657_CALXWF01 sp944391355,0,0,0,0,0,0,0,0,0,0,0,0,0.06,0,0,0,0,0,0,0,0,0,0,0,0,0,0,0,0,0,0,0,0,0,0,0,0,0,0,0,0,0,0,0,0,0,0,0,0,0,0,0,0,0,0,0,0,0,0,0,0,0,0,0,0,0,0,0,0,0,0,0,0,0,0,0,0,0,0,0,0,0,0,0,0
OTU658_Haemophilus_D sp030405845,0,0,0,0,0,0,0,0,0,0,0,0,0.01,0,0,0,0,0,0,0,0,0,0,0,0,0,0,0,0,0,0,0,0,0,0,0,0,0,0,0,0,0,0,0,0,0,0,0,0,0,0,0,0,0,0,0,0,0,0,0,0,0,0,0,0,0,0,0,0,0,0,0,0,0,0,0,0,0,0,0,0,0,0,0,0
OTU659_Ruminiclostridium_E sp902490585,0,0,0,0,0,0,0,0,0,0,0,0,0,0.03,0,0,0,0,0,0,0,0,0,0,0,0,0,0,0,0,0,0,0,0,0,0,0,0,0,0,0,0,0,0,0,0,0,0,0,0,0,0,0,0,0,0,0,0,0,0,0,0,0,0,0,0,0,0,0,0,0,0,0,0,0,0,0,0,0,0,0,0,0,0,0
OTU660_Angelakisella sp900547385,0,0,0,0,0,0,0,0,0,0,0,0,0,1.16,0,0,0.55,0,0,0,0,0,0,0,0,0,0,0,0,0,0,0,0.04,0.03,0,0,0,0.28,0,0,0,0,0,0,0,0,0,1.32,0,0,0,0.44,0,0,0,0,0,0.05,0,0,0,0,0,0,0,0,0,0,0,0,0.31,0,0,0,0,0,0,0,0,0,0,0,0,0,0
OTU661_Fimivivens sp900113995,0,0,0,0,0,0,0,0,0,0,0,0,0,0.02,0,0,0,0,0,0,0,0,0,0,0,0,0,0,0,0,0,0,0,0,0,0,0,0,0,0,0,0,0,0,0,0,0,0.01,0,0,0,0,0,0,0,0,0,0,0,0,0,0,0,0,0,0,0,0,0,0,0,0,0,0,0,0,0,0,0,0,0,0,0,0,0
OTU662_Youxingia wuxianensis,0,0,0,0,0,0,0,0,0,0,0,0,0,0.01,0,0,0.03,0,0,0,0,0,0,0,0,0,0,0,0,0,0,0,0,0,0,0,0,0,0,0,0,0,0,0,0,0,0,0,0,0,0,0,0,0,0,0,0,0,0,0,0,0,0,0,0,0,0,0,0,0,0,0,0,0,0,0,0.01,0,0,0,0,0,0,0,0
OTU663_UBA737 sp900549055,0,0,0,0,0,0,0,0,0,0,0,0,0,0.01,0,0,0,0,0,0,0,0,0,0,0,0,0,0,0,0,0,0,0,0,0,0,0,0,0,0,0,0,0,0,0,0,0.05,0,0,0,0,0,0,0,0,0,0,0,0,0,0,0,0,0,0,0,0,0,0,0,0,0,0,0,0,0,0,0,0,0,0,0,0,0,0
OTU664_UMGS1484 sp900552285,0,0,0,0,0,0,0,0,0,0,0,0,0,0.01,0,0,0,0,0,0,0,0,0,0,0,0,0,0,0,0,0,0,0,0,0,0,0,0,0,0,0,0,0,0,0,0,0,0,0,0,0,0,0,0,0,0,0,0,0,0,0,0,0,0,0,0,0,0,0,0,0,0,0,0,0,0,0,0,0,0,0,0,0,0,0
OTU665_CAG-177 sp003538135,0,0,0,0,0,0,0,0,0,0,0,0,0,2.04,0,0,0,0,0,0.02,0,0,0,0,0,0,0,0,0,0,0,0,0,0,0,0,0,0,0,0,0,0,0,0,0,0,0,0,0,0,0,0,0,0,0,0,0,0,0,0,0,0,0,0,0,0,0,0,0,0,0,0,0,0,0,0,0,0,0,0,0,0,0,0,0
OTU666_Yeguia hominis,0,0,0,0,0,0,0,0,0,0,0,0,0,0.01,0,0.01,0,0,0,0,0,0,0,0,0,0,0,0,0,0,0,0,0,0,0,0,0,0.02,0,0,0,0,0,0,0,0,0,0,0,0,0,0,0,0,0,0,0,0,0,0,0,0,0,0,0,0,0,0,0,0,0,0,0,0,0,0,0,0,0,0,0,0,0,0,0
OTU667_CAG-103 sp934591895,0,0,0,0,0,0,0,0,0,0,0,0,0,0.08,0,0,0,0,0,0,0,0,0,0,0,0,0.02,0,0,0,0,0,0.1,0,0,0,0,0,0,0,0,0,0,0,0,0,0.11,0,0,0,0,0,0,0,0,0,0,0,0,0,0,0,0,0,0,0,0,0,0,0,0,0,0,0,0,0,0,0,0,0,0,0,0,0,0
OTU668_Oscillibacter sp900544105,0,0,0,0,0,0,0,0,0,0,0,0,0,0.03,0,0,0,0,0,0,0,0,0,0,0.06,0,0,0,0,0,0,0,0,0,0.04,0,0,0,0,0,0,0,0,0,0,0,0,0,0,0,0,0,0,0,0,0,0,0,0,0,0,0,0,0,0,0,0,0,0,0,0,0,0,0,0,0,0,0,0,0,0,0,0,0,0
OTU669_Vescimonas fastidiosa,0,0,0,0,0,0,0,0,0,0,0,0,0,0.09,0,0,0,0,0,0,0,0,0,0,0,0,0,0,0,0,0,0,0.03,0,0,0,0,0,0,0,0,0,0,0,0,0,0,0,0,0,0,0,0,0,0,0,0,0,0,0,0,0,0,0,0,0,0,0,0,0,0,0,0,0,0,0,0,0,0,0,0,0,0,0,0
OTU670_Lawsonibacter sp934659475,0,0,0,0,0,0,0,0,0,0,0,0,0,0.01,0,0,0.02,0,0,0,0,0,0,0,0,0,0,0,0,0,0,0,0,0,0,0,0,0,0,0,0,0,0,0,0,0,0,0,0,0,0,0,0,0,0,0,0,0,0,0,0,0,0,0,0,0,0,0,0,0,0,0,0,0,0,0,0,0,0,0,0,0,0,0,0
OTU671_Evtepia sp004556345,0,0,0,0,0,0,0,0,0,0,0,0,0,0.46,0,0,0,0,0,0,0,0,0,0,0,0,0,0,0,0,0,0,0,0,0,0,0,0,0,0,0,0,0,0,0,0,0.3,0,0,0,0,0,0,0,0,0,0,0,0.08,0,0,0,0,0,0,0,0,0,0,0,0,0,0,0,0,0,0,0,0,0,0,0,0,0,0
OTU672_HGM13006 sp900756575,0,0,0,0,0,0,0,0,0,0,0,0,0,0.06,0,0,0,0,0,0,0,0,0,0,0,0,0,0,0,0,0,0,0,0,0,0,0,0,0,0,0,0,0,0,0,0,0,0.01,0,0,0,0,0,0,0,0,0,0,0,0,0,0,0,0,0,0,0,0,0,0,0,0,0,0,0,0,0,0,0,0,0,0,0,0,0
OTU673_Onthomonas sp900545815,0,0,0,0,0,0,0,0,0,0,0,0,0,0.06,0,0,0,0,0,0,0,0,0,0,0,0,0,0,0,0,0,0,0,0,0,0,0,0,0,0,0,0,0,0,0,0,0,0,0,0,0,0,0,0,0,0,0,0,0,0,0,0,0,0,0,0,0,0,0,0,0,0,0,0,0,0,0,0,0,0,0,0,0,0,0
OTU674_UBA644 sp900547165,0,0,0,0,0,0,0,0,0,0,0,0,0,0.04,0,0,0,0,0,0,0,0,0,0,0,0,0,0,0,0,0,0,0,0,0,0,0,0,0,0,0,0,0,0,0,0,0,0,0,0,0,0.18,0,0,0,0,0,0,0,0,0,0,0,0,0,0,0,0,0,0,0,0,0,0,0,0,0,0,0,0,0,0,0,0,0
OTU675_Pseudobutyricicoccus lothianensis,0,0,0,0,0,0,0,0,0,0,0,0,0,0.03,0,0,0,0,0,0,0,0,0,0.02,0,0,0,0,0,0,0,0,0,0,0,0,0,0,0,0,0,0,0,0,0,0,0.01,0.01,0,0,0,0,0,0,0,0,0,0,0,0,0,0,0,0,0,0,0,0,0,0,0.02,0,0,0,0,0,0,0,0,0,0,0,0,0,0
OTU676_Woodwardiibium sp900760275,0,0,0,0,0,0,0,0,0,0,0,0,0,0.06,0,0,0.05,0,0,0,0,0,0,0,0,0,0,0,0,0,0,0,0,0,0.08,0,0,0,0,0,0,0,0,0,0,0,0,0,0,0,0,0.06,0,0,0,0,0,0,0,0,0,0,0,0,0,0,0,0,0,0,0,0,0,0,0,0,0,0,0,0,0,0,0,0,0
OTU677_UMGS1696 sp900753285,0,0,0,0,0,0,0,0,0,0,0,0,0,0.02,0,0,0,0,0.07,0,0,0,0,0,0,0,0,0,0,0,0,0,0,0,0,0,0,0.01,0,0,0,0,0,0,0,0,0,0.07,0,0,0,0.06,0.04,0,0,0,0,0,0,0,0,0,0,0,0,0,0,0,0,0,0,0,0,0,0,0,0,0,0,0,0,0,0,0,0
OTU678_Faecalimonas phoceensis,0,0,0,0,0,0,0,0,0,0,0,0,0,1.04,0,0,0,0,0,0,0,0,0.01,0,0,0,0,0,0,0,0,0,0,0,0,0,0,0.14,0.29,0,0,0,0.75,0.25,0.04,0,0,0,0,0,0,0,0,0,0,0.87,0,0,0.01,0,0,0,0,0,0,0,0,0,0,0,0,0,0,0,0,0,0,2.91,2.34,0,0,0,0,0,0
OTU679_Faecalimonas sp029983955,0,0,0,0,0,0,0,0,0,0,0,0,0,0.31,0,0,0,0,0,0,0,0,0,0,0,0,0,0,0,0,0,0,0,0,0,0,0,0.05,0.09,0,0,0,0.36,0,0,0,0,0,0,0,0,0,0,0,0,0.26,0,0,0.01,0,0,0,0,0,0,0,0,0,0,0,0,0,0,0,0,0,0,0,0,0,0,0,0,0,0
OTU680_Limivivens sp905214955,0,0,0,0,0,0,0,0,0,0,0,0,0,0.02,0.01,0,0,0,0,0,0,0.01,0,0,0,0,0,0,0,0,0,0,0.01,0,0.13,0,0,0.01,0,0,0,0,0,0,0,0,0.01,0,0,0,0,0,0.03,0,0.02,0.02,0,0,0,0,0,0,0,0,0,0,0,0,0,0,0,0,0.02,0,0,0,0,0,0,0,0,0,0,0,0.04
OTU681_Mediterraneibacter massiliensis,0,0,0,0,0,0,0,0,0,0,0,0,0,0.02,0,0,0,0,0,0,0,0,0,0,0,0,0,0,0,0,0,0,0,0,0,0,0,0,0,0,0,0,0,0,0,0,0,0,0,0,0.02,0,0,0,0,0,0,0,0,0,0,0,0,0,0,0,0,0,0,0,0,0,0,0,0,0,0.01,0,0,0,0,0,0,0,0.03
OTU682_Neoanaerotignum_A sp019422065,0,0,0,0,0,0,0,0,0,0,0,0,0,0.01,0,0,0,0,0,0,0,0,0,0,0,0,0,0.03,0,0,0,0,0.01,0,0,0,0.02,0,0,0,0,0,0,0,0,0,0,0,0,0,0,0,0,0,0,0,0,0,0,0,0,0,0,0,0,0,0,0,0,0,0,0,0,0,0,0,0,0,0,0,0,0,0,0,0
OTU683_Faecimorpha sp937892735,0,0,0,0,0,0,0,0,0,0,0,0,0,0.01,0,0,0,0,0,0,0,0,0,0,0,0,0,0,0,0,0,0,0,0,0,0,0,0,0,0,0,0,0,0,0,0,0,0,0,0,0,0,0,0,0,0,0,0,0,0,0,0,0,0,0,0,0,0,0,0,0,0,0,0,0,0,0,0,0,0,0,0,0,0,0
OTU684_PeH17 sp937894955,0,0,0,0,0,0,0,0,0,0,0,0,0,0.24,0,0,0.02,0,0,0,0,0,0,0,0,0,0,0,0,0,0,0,0,0,0.19,0,0,0,0,0,0,0,0,0,0.1,0,0,0.06,0,0,0.1,0,0,0,0,0,0.06,0,0,0,0,0,0,0.01,0.06,0,0,0,0,0,0.12,0,0,0,0,0,0,0,0,0,0,0,0,0,0
OTU685_Scatosoma sp900542935,0,0,0,0,0,0,0,0,0,0,0,0,0,0.34,0,0,0,0,0,0,0,0,0,0,0,0,0,0,0,0,0,0,0,0,0,0,0,0,0,0,0,0,0,0,0,0,0.42,0,0,0,0,0,0,0,0,0,0,0,0,0,0,0,0,0,0,0,0,0,0,0,0.59,0,0,0,0,0,0,0,0,0,0,0,0,0,0
OTU686_UBA10281 sp900554485,0,0,0,0,0,0,0,0,0,0,0,0,0,0.11,0,0,0,0,0,0,0,0,0,0,0,0,0,0,0,0,0,0,0,0,0,0,0,0,0,0,0,0,0,0,0,0,0,0,0,0,0,0,0,0,0,0,0,0,0,0,0,0,0,0,0,0,0,0,0,0,0,0,0,0,0,0,0,0,0,0,0,0,0,0,0
OTU687_QANA01 sp948468985,0,0,0,0,0,0,0,0,0,0,0,0,0,0.06,0,0,0,0,0,0,0,0,0,0,0,0,0,0,0,0,0,0,0,0,0,0,0,0.03,0,0,0,0,0,0,0,0,0,0,0,0,0,0,0,0.01,0,0,0,0,0,0,0,0,0,0,0,0,0,0,0,0,0,0,0,0,0,0,0,0,0,0,0,0,0,0,0
OTU688_UBA10677 sp900553005,0,0,0,0,0,0,0,0,0,0,0,0,0,0.01,0,0,0.02,0,0,0,0,0,0,0,0,0,0,0,0,0,0,0,0,0,0.4,0,0,0,0,0,0,0,0,0,0,0,0,0.01,0,0,0,0.01,0,0,0,0,0,0,0,0,0,0,0,0,0,0,0,0,0,0,0.03,0,0,0,0,0,0,0,0,0,0,0,0,0,0
OTU689_Spyradocola sp905193155,0,0,0,0,0,0,0,0,0,0,0,0,0,0.03,0,0,0,0,0,0,0,0,0,0,0,0,0,0,0,0,0,0,0,0,0,0,0,0,0,0,0,0,0,0,0,0,0,0.12,0,0,0,0.09,0,0,0,0,0,0,0,0,0,0,0,0,0,0,0,0,0,0,0,0,0,0,0,0,0,0,0,0,0,0,0,0,0
OTU690_Lentihominibacter sp905193765,0,0,0,0,0,0,0,0,0,0,0,0,0,0.01,0,0,0,0,0,0,0,0,0,0,0,0,0,0,0,0,0,0,0,0,0,0,0,0,0,0,0,0,0,0,0,0,0,0,0,0,0,0,0,0,0,0,0,0,0,0,0,0,0,0,0,0,0,0,0,0,0,0,0,0,0,0,0,0,0,0,0,0,0,0,0
OTU691_UMGS973 sp900547295,0,0,0,0,0,0,0,0,0,0,0,0,0,0.01,0,0,0,0,0,0,0,0,0,0,0,0,0,0,0,0,0,0,0,0,0,0,0,0,0,0,0,0,0,0,0,0,0,0,0,0,0,0,0,0,0,0,0,0,0,0,0,0,0,0,0,0,0,0,0,0,0,0,0,0,0,0,0,0,0,0,0,0,0,0,0
OTU692_Clostridium lentum,0,0,0,0,0,0,0,0,0,0,0,0,0,0.01,0,0.04,0.01,1.98,0,0,0.09,0,0,0,0,0,0.3,0,0,0,0,0,0,0,0.06,0,0,0,0,0,0,0.04,0,0,0,0,0,0,0,0,0,0,0.01,0,0.06,0,0,0,0,0,0,0,0,0,0,0,0,0,0,0,0,0,0,0,0.01,0,0,0,0,0,0,0,0,0,0
OTU693_Clostridium sp000435835,0,0,0,0,0,0,0,0,0,0,0,0,0,0.01,0,0.03,0,0,0,0,0,0,0,0,0,0,0,0,0,0,0,0,0,0,0,0,0,0,0,0,0,0,0,0,0,0,0,0,0,0,0,0,0,0,0,0,0,0,0,0,0,0,0,0,0,0,0,0,0,0,0,0,0,0,0,0,0,0,0,0,0,0,0,0,0
OTU694_Holdemanella hominis,0,0,0,0,0,0,0,0,0,0,0,0,0,0.09,0,0,0,0,0,0.19,0,0,0,0,0,0.36,1.05,0,0,0,0,0,0.73,0.6,0.45,0,0,0,0,0.2,0,0.47,0,0,0,0,0.77,0,0,0,0,0,0,0,0,0,0,0,0.38,0,0,0,0,0,0,0,0,0,0,0,0,0,0,0,0,0,0,0,0,0,0,0,0,0,0
OTU695_Holdemanella sp900556915,0,0,0,0,0,0,0,0,0,0,0,0,0,0.02,0,0,0,0,0,0,0,0,0,0,0,0,0,0,0,0,0,0,0,0,0,0,0,0,0,0,0,0,0,0,0,0,0,0,0,0,0,0,0,0,0,0,0,0,0,0,0,0,0,0,0,0,0,0,0,0,0,0,0,0,0,0,0,0,0,0,0,0,0,4.88,1.93
OTU696_Faecalicoccus sp900546545,0,0,0,0,0,0,0,0,0,0,0,0,0,0.25,0,0,0,0,0,0,0,0,0.16,0,0,0,0,0,0,0,0,0,0,0,0,0,0,0,0,0,0,0,0,0,0,0,0,0,0,0,0,0,0,0,0,0.06,0,0,0,0,0,0,0,0,0,0,0,0,0,0,0,0,0,0,0,0,0,0,0,0,0,0,0,0,0
OTU697_Faecalicoccus pleomorphus,0,0,0,0,0,0,0,0,0,0,0,0,0,0.03,0,0,0,0,0,0,0,0,0.02,0,0,0,0,0,0,0,0,0,0,0,0,0,0,0,0,0,0,0,0,0,0,0,0,0,0,0,0,0,0,0,0,0,0,0,0,0,0,0,0,0,0,0,0,0,0,0,0,0,0,0,0,0,0,0,0,0,0,0,0,0,0
OTU698_Streptococcus pasteurianus,0,0,0,0,0,0,0,0,0,0,0,0,0,0.3,0,0.19,0,0,0,0,0,0,0,0,0,0,5,0,0,0,0,0,0,0,0,0,0,0,0,0,0,0,0,0,0,0,0,0,0,0,0,0,0,0,0,0,0,0,0,0,0,0,0,0,0,0,0,0,0.45,0,0,0,0,0,0,0,0,0,0,0,0,0,0,0,0
OTU699_Ligilactobacillus ruminis,0,0,0,0,0,0,0,0,0,0,0,0,0,0.93,0,0,0,0,0,0,0,3.25,0,0,0,0,0.06,0,0,0,0,0,1.9,0,0,0,0,0,0,0,0,0,0,0,0,0,0,0,0,0,0,0,0,0,0,0,0,0,1.62,0,0,0,0,0,0,0,0,0,0,0,0,0,0,0,0,0,0,0,0,0,0,0,0,0,0
OTU700_Dialister sp934178345,0,0,0,0,0,0,0,0,0,0,0,0,0,1.44,0,0,0,0,0,0,0,0,0,0,0,0,0,0,0,0,0,0,0,0,0,0,0,0,0,0,0,0,0,0,0,0,0,0,0,0,0,0,0,0,0,0,0,0,0.77,0,0,0,0,0,0,0,0,0,0,0,0,0,0,0,0,0,0,0,0,0,0,0,0,0,0
OTU701_Dialister sp000434475,0,0,0,0,0,0,0,0,0,0,0,0,0,0.22,0,0,0,0,0,0,0,0,0,0,0,0,0,0,0,0,0,0,1.25,0,0,0,0,0,0,0,0,0,0,0,0,0,0,0,0,0,0,0,0,0,0,0,0,0,1.47,0,0,0,0,0,0,0,0,0,0,0,0,0,0,0,0,0,0,0,0,0,0,0,0,0,0
OTU702_Dialister sp900543165,0,0,0,0,0,0,0,0,0,0,0,0,0,0.54,0,0,0,0,0,0,0,0,0,0,0,0,0,0,0,0,0,0,0,0,0,0,0,0,0,0,0,0,0,0,0,0,0,0,0,0,0,0,0,0,0,0,0,0,0,0,0,0,0,0,0,0,0,0,0,0,0,0,0,0,0,0,0,0,0,0,0,0,0,0,0
OTU703_UMGS1590 sp900553245,0,0,0,0,0,0,0,0,0,0,0,0,0,0.16,0,0,0,0,0,0,0,0,0,0,0.16,0,0,0,0,0,0,0,0,0,0,0,0,0,0,0,0,0,0,0,0,0,0,0,0,0,0,0,0,0,0,0,0,0,0.04,0,0,0,0,0,0,0,0,0,0,0,0,0,0,0,0,0,0,0,0,0,0,0,0,0,0
OTU704_HGM13862 sp944393575,0,0,0,0,0,0,0,0,0,0,0,0,0,0.01,0,0,0,0,0,0,0,0,0,0,0,0,0,0,0,0,0,0,0,0,0,0,0,0,0,0,0,0,0,0,0.01,0,0,0.03,0,0,0,0,0,0,0,0,0,0,0,0,0,0,0,0,0,0,0,0,0,0,0,0,0,0,0,0,0,0,0,0,0,0,0,0,0
OTU705_Collinsella tanakaei,0,0,0,0,0,0,0,0,0,0,0,0,0,0.31,0,0,0,0,0,0,0,0,0,0,0,0,0,0,0,0,0,0,0,0,0,0,0,0,0,0,0,0,0,0,0,0,0,0,0,0,0,0,0,0,0,0.2,0,0,0,0,0,0,0,0,0,0,0,0,0,0,0,0,0,0,0,0,0,0,0,0,0,0,0,0,0
OTU706_Collinsella sp958407465,0,0,0,0,0,0,0,0,0,0,0,0,0,2.72,0,0,0,0,0,0,0,0,0,0,0,0,0.6,0,0,0,0,0,0,0,0,0,0,0,0,0,0,0,0,0,0,0,0,0,0,0,0,0,0,0,0,0,0,0,2.5,0,0,0,0,0,0,0,0,0,0,0,0,0,0,0,0,0,0,0,0,0,0,0,0,0,0
OTU707_Slackia isoflavoniconvertens,0,0,0,0,0,0,0,0,0,0,0,0,0,0.1,0,0,0,0,0,0,0,0,0,0,0,0.1,0.01,0,0,0,0,0,0,0,0,0,0,0,0,0,0,0,0,0,0,0,0.13,0,0,0,0,0,0,0,0,0,0,0,0.08,0,0,0,0,0,0,0,0,0,0,0,0,0,0,0.11,0.19,0,0,0,0,0,0,0,0,0,0
OTU708_Slackia sp934646845,0,0,0,0,0,0,0,0,0,0,0,0,0,0.03,0,0,0,0,0,0,0,0,0,0,0,0.03,0,0,0,0,0,0,0,0,0,0,0,0,0,0,0,0,0,0,0,0,0.03,0,0,0,0,0,0,0,0,0,0,0,0,0,0,0,0,0,0,0,0,0,0,0,0,0,0,0,0.02,0,0,0,0,0,0,0,0,0,0
OTU709_CALADF01 sp937890835,0,0,0,0,0,0,0,0,0,0,0,0,0,0.19,0,0,0,0,0,0,0,0,0,0,0,0,0,0,0,0,0,0,0,0,0,0,0,0,0,0,0,0,0,0,0,0,0.01,0,0,0,0,0,0,0,0,0,0,0,0.02,0,0,0,0,0,0,0,0,0,0,0,0.01,0,0,0,0,0,0,0,0,0,0,0,0,0,0
OTU710_Bifidobacterium catenulatum,0,0,0,0,0,0,0,0,0,0,0,0,0,0.78,0,0,0,0,0,0.19,0,0,0,0,0,0,0.55,0,0,0,0,0,0.48,0,0,0,0.44,0,0,0,0,1.87,0,0,0,0,0.31,0,0,0,0,0,0,2.74,0,1.36,0,0,0.28,0,0,0,0,0,0,0,0,0,0.65,0.05,0.28,0,0,0,0,0,0,0,0,0,0,0,0,0,0
OTU711_Escherichia sp005843885,0,0,0,0,0,0,0,0,0,0,0,0,0,0.13,0,0,0,0,0,0,0,0,0,0,0,0,0,0,0,0.01,0,0,0,0,0,0,0,0,0,0,0,0,0,0,0,0,0,0,0,0,0,0,0,0,0,0,0,0,0,0,0,0.48,0.02,1.48,0,0.77,0.03,0,0,0,0,0,0,0,0,0,0,0,0,0,0,0,0.11,0,0
OTU712_Oxalobacter aliiformigenes,0,0,0,0,0,0,0,0,0,0,0,0,0,0.04,0,0,0,0,0,0,0,0,0,0,0,0,0,0,0,0,0,0,0,0,0,0,0,0,0,0,0,0.01,0,0,0,0,0.03,0,0,0,0,0,0,0,0,0,0,0,0,0,0,0,0,0,0,0,0,0,0,0,0,0,0,0,0,0,0,0,0,0,0,0,0,0,0
OTU713_Duodenibacillus massiliensis,0,0,0,0,0,0,0,0,0,0,0,0,0,0.01,0,0,0,0,0,0,0,0,0,0,0,0,0,0,0,0,0,0,0,0,0,0,0,0,0,0,0,0,0,0,0,0,0,0,0,0,0,0,0,0,0,0,0,0,0,0,0,0,0,0,0,0,0,0,0,0,0,0,0,0,0,0,0,0,0,0,0,0,0,0,0
OTU714_Merdousia sp900760665,0,0,0,0,0,0,0,0,0,0,0,0,0,0.09,0,0,0,0,0,0.14,0,0,0,0,0,0,0,0,0,0,0,0,0,0,0,0,0,0,0,0,0,0.24,0,0,0,0,0,0,0,0,0,0,0,0,0,0,0,0,0,0,0,0,0,0,0,0,0,0,0,0,0,0,0,0,0,0,0,0,0,0,0,0,0,0,0
OTU715_Prevotella copri_K,0,0,0,0,0,0,0,0,0,0,0,0,0,0.56,0,0,0,0,0,0,0,0,0,0,0,0,0,0,0,0,0,0,0,0,0,0,0,0,0,0,0,0,0,0,0,0,0,0,0,0,0,0,0,0,0,0,0,0,0,0,0,0,0,0,0,0,0,0,0,0,0,0,0,0,0,0,0,0,0,0,0,0,0,0,0
OTU716_Butyricimonas faecalis,0,0,0,0,0,0,0,0,0,0,0,0,0,0.2,0,0,0,0,0,0,0,0,0,0,0,0,0,0,0,0,0,0,0.04,0,0,0,0,0,0,0,0,0,0,0,0,0,0.23,0,0,0,0,0,0,0,0,0,0,0,0,0,0,0,0,0,0,0,0,0,0,0,0,0,0,0,0,0,0,0,0,0,0,0,0,0,0
OTU717_Butyricimonas paravirosa,0,0,0,0,0,0,0,0,0,0,0,0,0,0.02,0,0,0,0,0,0,0,0.32,0.18,0,0,0,0,0,0,0,0,0,0,0,0,0,0,0,0,0,0,0,0,0,0,0,0,0,0,0,0,0,0,0,0,0.02,0,0,0,0,0,0,0,0,0,0,0,0,0,0,0,0,0,0,0,0,0,0,0,0,0,0,0,0,0
OTU718_Alistipes_A hominis,0,0,0,0,0,0,0,0,0,0,0,0,0,0.02,0,0,0,0,0,0,0,0,0.03,0,0,0,0,0,0,0,0,0,0,0,0,0,0,0,0,0,0,0,0,0,0,0,0.01,0,0,0,0,0,0,0,0,0,0,0,0,0,0,0,0,0,0,0,0,0,0,0,0,0,0,0,0,0,0,0,0,0,0,0,0,0,0
OTU719_Mailhella excrementigallinarum,0,0,0,0,0,0,0,0,0,0,0,0,0,0.01,0,0,0,0,0,0,0,0,0,0,0,0,0,0,0,0,0,0,0,0,0,0,0,0,0,0,0,0,0,0,0,0,0,0,0,0,0,0,0,0,0,0,0,0,0,0,0,0,0,0,0,0,0,0,0,0,0,0,0,0,0,0,0,0,0,0,0,0,0,0,0
OTU720_Desulfovibrio piger_A,0,0,0,0,0,0,0,0,0,0,0,0,0,0.24,0,0,0,0,0,0,0,0,0,0,0,0,0,0,0,0,0,0,0,0,0,0,0,0,0,0,0,0,0,0,0,0,0,0,0,0,0,0,0,0,0,0,0,0,0,0,0,0,0,0,0,0,0,0,0,0,0,0,0,0,0,0,0,0,0,0,0,0,0,0,0
OTU721_Ruthenibacterium sp018380115,0,0,0,0,0,0,0,0,0,0,0,0,0,0,0.01,0.02,0,0,0.09,0,0.01,0,0,0,0,0,0,0,0,0,0,0,0,0,0,0,0,0,0,0,0,0,0,0,0.02,0,0,0,0,0.05,0,0.03,0.02,0.04,0.01,0.02,0,0,0,0,0,0,0,0,0,0,0,0,0,0,0,0,0,0,0,0,0,0,0,0,0,0,0,0,0
OTU722_CABSLJ01 sp902478455,0,0,0,0,0,0,0,0,0,0,0,0,0,0,0.01,0,0,0,0,0,0,0,0,0,0,0,0,0,0,0,0,0,0,0,0.03,0,0,0,0,0,0,0,0,0,0.01,0,0,0,0,0,0,0,0,0,0,0,0,0,0,0,0,0,0,0,0,0,0,0,0,0,0,0,0,0,0.02,0,0,0,0,0,0,0,0,0,0
OTU723_Scybalosoma faecavium,0,0,0,0,0,0,0,0,0,0,0,0,0,0,0.45,0,0,0,0,0,0.55,0,0,0.63,0,0,0,0,0,0,0,0,0,0,0,0,0,0,0,0,0,0,0,0,0,0,0,0,0,0,0,0,0.24,0,0.21,0,0,0,0,0,0,0,0,0.1,0.32,0,0,0,0,0,0,0,0,0,0,0,0,0,0,0,0,0,0,0,0
OTU724_Gallimonas caecicola,0,0,0,0,0,0,0,0,0,0,0,0,0,0,0.02,0,0,0,0,0,0,0,0,0,0,0,0,0,0,0,0,0,0,0,0,0,0,0,0,0,0,0,0,0,0,0,0,0,0,0,0,0,0,0,0,0,0,0,0,0,0,0,0,0,0,0,0,0,0,0,0,0,0,0,0,0,0,0,0,0,0,0,0,0,0
OTU725_Holdemania sp900120005,0,0,0,0,0,0,0,0,0,0,0,0,0,0,0.03,0,0,0,0.04,0,0,0,0,0,0,0,0,0.03,0,0,0,0,0,0,0,0,0,0,0,0,0,0,0,0,0.03,0,0,0.02,0,0,0,0.02,0,0.02,0,0,0,0.06,0,0,0,0,0.03,0,0,0,0.05,0,0,0,0,0,0,0,0,0.06,0.04,0,0,0,0,0,0,0,0.03
OTU726_UBA7185 sp910585405,0,0,0,0,0,0,0,0,0,0,0,0,0,0,0.01,0,0,0,0,0,0,0,0,0,0,0,0,0,0,0,0,0,0,0,0,0,0,0.01,0,0,0,0,0,0,0,0,0,0.02,0,0,0,0.12,0,0,0,0,0,0.14,0,0,0,0,0,0,0,0,0,0,0,0,0,0,0,0,0,0,0,0,0,0,0,0,0,0,0
OTU727_Anaerotardibacter sp000435675,0,0,0,0,0,0,0,0,0,0,0,0,0,0,0.03,0,0,0,0,0.05,0,0,0,0,0,0,0,0.05,0,0,0,0,0,0,0.15,0,0,0,0,0,0,0.01,0,0,0.02,0,0,0,0,0,0,0,0,0,0,0,0,0,0,0,0,0,0,0,0,0,0,0,0,0,0,0,0,0,0,0,0.01,0,0,0,0,0,0,0,0
OTU728_Alistipes timonensis,0,0,0,0,0,0,0,0,0,0,0,0,0,0,0.26,0,0,0,0,0,0,0,0,0,0,0,0,0,0,0,0,0,0,0,0,0,0,0,0,0,0,0,0,0,0,0,0,0,0,0,0,0,0,0,0.15,0.05,0,0,0,0,0,0,0,0,0,0,0,0,0,0,0,0,0,0,0,0,0,0,0,0,0,0,0,0,0.05
OTU729_Eubacterium_R sp003526845,0,0,0,0,0,0,0,0,0,0,0,0,0,0,0,0.05,0,0,0,0,0,0,0,0,0,0,0,0,0,0,0,0,0,0,0,0,0,0,0,0,0,0,0,0,0,0,0,0,0,0,0,0,0,0,0,0,0,0,0,0,0,0,0,0,0,0,0,0,0,0,0,0,0,0,0,0,0,0,0,0,0,0,0,0,0
OTU730_CAG-170 sp937967235,0,0,0,0,0,0,0,0,0,0,0,0,0,0,0,0.03,0,0,0.02,0,0,0,0,0,0,0,0,0,0,0,0,0,0,0,0,0,0,0,0,0,0,0,0,0,0,0,0,0,0,0,0,0,0,0,0,0,0,0,0,0,0,0,0,0,0,0,0,0,0,0,0,0,0,0,0,0,0,0,0,0,0,0,0,0,0
OTU731_CAG-103 sp963627135,0,0,0,0,0,0,0,0,0,0,0,0,0,0,0,0.11,0,0,0,0,0.01,0,0,0,0,0,0,0,0,0,0,0,0,0,0,0,0,0,0,0,0,0,0,0,0.04,0,0,0.07,0,0,0.37,0,0,0,0,0,0.25,0.02,0,0,0,0,0,0,0,0,0,0,0,0,0,0,0,0,0,0,0,0,0,0,0,0,0,0,0
OTU732_Pygmaiobacter hominis,0,0,0,0,0,0,0,0,0,0,0,0,0,0,0,0.01,0,0,0,0,0,0,0,0,0,0,0,0,0,0,0,0,0,0.01,0,0,0,0,0,0,0,0,0,0,0.01,0,0,0,0,0,0,0,0,0,0,0,0,0,0,0,0,0,0,0,0,0,0,0,0,0,0,0,0,0,0,0,0,0,0,0,0,0,0,0,0
OTU733_UBA3818 sp904397845,0,0,0,0,0,0,0,0,0,0,0,0,0,0,0,0.01,0,0,0,0.03,0,0.02,0,0,0,0,0,0,0,0,0,0,0,0,0.1,0,0,0,0,0,0,0,0,0,0.09,0,0,0.04,0,0,0,0,0,0,0.04,0.07,0,0,0,0,0,0,0,0,0,0,0,0,0,0,0,0,0,0,0,0.02,0.05,0,0,0,0,0,0,0,0
OTU734_Laedolimicola hominis,0,0,0,0,0,0,0,0,0,0,0,0,0,0,0,0.04,0,0,0,0,0,0,0,0,0,0,0,0,0,0,0,0,0,0,0,0,0,0,0,0,0,0,0,0,0.02,0,0,0,0,0,0,0,0,0,0.01,0.02,0,0.03,0,0,0,0,0,0,0,0,0,0,0,0,0.02,0,0.02,0,0,0,0,0,0,0,0,0,0,0,0
OTU735_Enterocloster citroniae,0,0,0,0,0,0,0,0,0,0,0,0,0,0,0,0.01,0,0,0,0,0,0,0,0,0,0,0,0.03,0,0.01,0,0,0,0,0,0,0,0,0,0,0,0,0.05,0.08,0,0,0,0,0,0,0.02,0,0,0,0,0,0,0,0,0,0,0,0,0.05,0,0,0,0,0.02,0,0,0,0,0,0,0,0,0,0,0,0,0,0,0,0
OTU736_Pilosibacter sp963622995,0,0,0,0,0,0,0,0,0,0,0,0,0,0,0,0.02,0,0,0,0,0,0.01,0,0,0,0,0,0,0,0,0,0,0,0,0,0,0,0,0,0,0,0,0,0,0,0,0,0,0,0,0,0,0,0,0,0,0,0,0,0,0,0,0,0,0,0,0,0,0,0,0,0,0,0,0,0,0,0,0,0,0,0,0,0,0
OTU737_QANA01 sp910588425,0,0,0,0,0,0,0,0,0,0,0,0,0,0,0,0.01,0,0,0,0,0,0,0,0,0,0,0,0,0,0,0,0,0,0,0,0,0,0,0,0,0,0,0,0,0,0,0,0,0,0,0,0,0,0,0,0,0,0,0,0,0,0,0,0,0.01,0,0,0,0,0,0,0,0,0,0,0,0,0,0,0,0,0,0,0,0
OTU738_Anaerofustis stercorihominis,0,0,0,0,0,0,0,0,0,0,0,0,0,0,0,0.01,0,0,0,0,0,0,0,0,0,0,0,0,0,0,0,0,0,0,0,0,0,0,0,0,0,0,0.03,0.01,0,0,0,0,0,0,0,0,0,0,0,0,0,0,0,0,0,0,0,0,0,0,0,0,0,0,0,0,0,0,0,0,0.02,0,0,0,0,0,0,0,0
OTU739_Senegalimassilia sp934630815,0,0,0,0,0,0,0,0,0,0,0,0,0,0,0,0.03,0,0,0,0,0,0,0,0,0,0,0,0,0,0,0,0,0,0,0,0,0,0,0,0,0,0,0,0,0,0,0,0,0,0,0,0,0,0,0,0,0,0,0,0,0,0,0,0,0,0,0,0,0,0,0,0,0,0,0,0,0,0,0,0,0,0,0,0,0
OTU740_Collinsella sp938011875,0,0,0,0,0,0,0,0,0,0,0,0,0,0,0,0.21,0,0,0,0,0,0,0,0,0,0,0,0,0,0,0,0,0,0,0,0,0,0,0,0,0,0,0,0,0,0,0,0,0,0,0,0,0,0,0,0,0,0,0,0,0,0,0,0,0,0,0,0,0,0,0,0,0,0,0,0,0,0,0,0,0,0,0,0,0
OTU741_QAMH01 sp900756605,0,0,0,0,0,0,0,0,0,0,0,0,0,0,0,0,0.01,0,0,0,0,0,0,0,0,0,0,0,0,0,0,0,0,0,0,0,0,0,0,0,0,0.03,0,0,0,0,0,0,0,0,0,0,0,0,0,0,0,0,0,0,0,0,0,0,0,0,0,0,0,0,0,0,0,0,0,0,0,0,0,0,0,0,0,0,0
OTU742_Cellulosilyticum sp937935915,0,0,0,0,0,0,0,0,0,0,0,0,0,0,0,0,0.01,0,0,0,0.04,0,0.01,0,0,0,0,0,0,0,0.01,0,0.01,0.02,0,0,0,0,0,0,0,0.01,0,0,0,0,0,0,0,0,0,0,0,0,0,0,0,0,0,0.02,0.01,0,0,0,0,0,0,0,0,0,0,0,0,0,0.01,0,0,0,0.01,0,0,0,0,0,0
OTU743_Spyradocola merdavium,0,0,0,0,0,0,0,0,0,0,0,0,0,0,0,0,0.02,0,0,0,0,0,0,0,0,0,0,0,0,0,0,0,0,0,0,0,0,0,0,0,0,0,0,0,0,0,0,0,0,0,0,0,0,0,0,0,0,0,0,0,0,0,0,0,0,0,0,0,0,0,0,0,0,0,0,0,0.02,0,0,0,0,0,0,0,0
OTU744_Aphodoplasma sp900550065,0,0,0,0,0,0,0,0,0,0,0,0,0,0,0,0,0.01,0,0,0,0,0,0,0,0,0,0,0,0,0,0,0,0,0,0,0,0,0,0,0,0,0,0,0,0,0,0,0,0,0,0,0,0,0,0,0,0,0,0,0,0,0,0,0,0,0,0,0,0,0,0,0,0,0,0,0,0,0,0,0,0,0,0,0,0
OTU745_Vescimonas sp003487665,0,0,0,0,0,0,0,0,0,0,0,0,0,0,0,0,0.02,0,0,0,0,0,0,0,0,0,0,0,0,0,0,0,0,0,0,0,0,0,0,0,0,0,0,0,0.1,0,0,0,0,0,0,0,0,0,0,0,0,0,0,0,0,0,0,0,0,0,0,0,0,0,0,0,0,0,0,0,0,0,0,0,0,0,0,0,0
OTU746_CAG-170 sp934646185,0,0,0,0,0,0,0,0,0,0,0,0,0,0,0,0,0.12,0,0,0,0,0,0,0,0,0,0,0,0,0,0,0,0,0,0,0,0,0,0,0,0,0,0,0,0,0,0,0.52,0,0,0,0.16,0.01,0,0,0,0,0,0,0,0,0,0.01,0,0,0,0,0,0,0,0,0,0,0,0,0,0,0,0,0,0,0,0,0,0
OTU747_Faecalibacterium tardum,0,0,0,0,0,0,0,0,0,0,0,0,0,0,0,0,1.18,0,0,0,0,0,0,0,0,0,0,0,0,0,0,0,0,0,0,0,0,0,0,0,0,0,0,0,0,0,0.85,0,0,0,0,0,0,0,0,0,0,0,0,0,1.27,0,0,0,0,0,0,0,0,2.77,0,0,0,0,0,0,0,0,0,0,0,0,0,0,0
OTU748_CAG-217 sp963638105,0,0,0,0,0,0,0,0,0,0,0,0,0,0,0,0,0.15,0,0,0.17,0,0,0,0,0,0.05,0,0,0,0,0,0,0,0,0,0,0,0,0,0,0,0,0,0,0,0,0,0.09,0,0,0,0,0,0,0,0,0,0,0.01,0,0.32,0,0,0,0,0,0,0,0,0,0,0,0,0,0.27,0.12,0.43,0,0,0,0,0,0,0,0
OTU749_CAG-217 sp000436335,0,0,0,0,0,0,0,0,0,0,0,0,0,0,0,0,0.32,0,0,0.15,0,0,0,0,0,0.03,0,0,0,0,0,0,0,0,0,0,0,0,0,0,0,0,0,0,0,0,0,0.17,0,0,0,0,0,0,0,0,0,0,0.03,0,0.85,0,0,0,0,0,0,0,0,0,0,0,0,0,0.86,0.29,0.93,0,0,0,0,0,0,0,0
OTU750_UMGS1696 sp900554225,0,0,0,0,0,0,0,0,0,0,0,0,0,0,0,0,0.02,0,0,0,0,0,0,0,0,0,0,0,0,0,0,0,0,0,0,0,0,0,0,0,0,0,0,0,0,0,0,0,0,0,0,0,0,0,0,0,0,0,0,0,0,0,0,0,0,0,0,0,0,0,0,0,0,0,0,0,0,0,0,0,0,0,0,0,0
OTU751_QALR01 sp900552255,0,0,0,0,0,0,0,0,0,0,0,0,0,0,0,0,0.2,0,0,0,0,0,0,0,0,0,0,0,0,0,0,0,0,0,0,0,0,0,0,0,0,0,0,0,0.28,0,0,0,0,0,0,0,0,0,0,0,0,0,0,0,0,0,0,0,0,0,0,0,0,0,0.13,0,0,0,0,0,0,0,0,0,0,0,0,0,0
OTU752_Merdicola sp900553015,0,0,0,0,0,0,0,0,0,0,0,0,0,0,0,0,0.07,0,0,0,0,0,0,0,0,0,0,0,0,0,0,0,0,0,0.01,0,0,0,0,0,0,0,0,0,0,0,0,0,0,0,0,0,0,0,0,0,0,0,0,0,0,0,0,0,0,0,0,0,0,0,0,0,0,0,0,0,0,0,0,0,0,0,0,0,0
OTU753_UMGS1820 sp900545865,0,0,0,0,0,0,0,0,0,0,0,0,0,0,0,0,0.04,0,0,0.02,0,0,0,0,0,0,0,0,0,0,0,0,0,0,0,0,0,0,0,0,0,0,0,0,0,0,0,0.01,0,0,0,0,0,0,0,0,0,0,0,0,0,0,0,0,0.01,0,0,0,0,0,0,0,0,0,0,0,0,0,0,0,0,0,0,0,0
OTU754_Streptococcus parasanguinis_Y,0,0,0,0,0,0,0,0,0,0,0,0,0,0,0,0,0.01,0,0,0,0,0,0,0,0,0,0,0,0,0,0,0,0,0,0,0,0,0,0,0,0,0.02,0,0,0,0,0,0,0,0,0,0,0,0,0,0,0,0,0,0,0,0,0,0,0,0,0,0,0,0,0,0,0,0,0,0,0,0,0,0,0,0,0,0,0
OTU755_Lactococcus lactis,0,0,0,0,0,0,0,0,0,0,0,0,0,0,0,0,0.01,0.21,0,0,0.11,0,0,0,0,0,0.04,0,0.01,0,0,0,0.03,0,0,0,0,0,0,0,0,0,0,0,0,0,0,0,0,0,0.02,0,0.03,0,0.02,0,0,0,0,0,0,0,0.01,0,0.03,0,0.07,0,0,0,0,0,0,0,0.03,0,0,0,0,0,0,0,0.04,0,0
OTU756_CAG-302 sp900548425,0,0,0,0,0,0,0,0,0,0,0,0,0,0,0,0,0.03,0,0,0,0,0,0,0,0,0,0,0,0,0,0,0,0,0,0,0,0,0,0,0,0,0,0,0,0,0,0,0,0,0,0,0,0,0,0,0,0,0,0,0,0,0,0,0,0,0,0,0,0,0,0,0,0,0,0,0,0,0,0,0,0,0,0,0,0
OTU757_UBA7185 sp944391625,0,0,0,0,0,0,0,0,0,0,0,0,0,0,0,0,0.01,0,0,0,0,0,0,0,0,0,0,0,0,0,0,0,0,0,0,0,0,0,0,0,0,0,0,0,0,0,0,0,0,0,0,0,0,0,0,0,0,0,0,0,0,0,0,0,0,0,0,0,0,0,0,0,0,0,0,0,0,0,0,0,0,0,0,0,0
OTU758_Victivallis vadensis,0,0,0,0,0,0,0,0,0,0,0,0,0,0,0,0,0.02,0,0,0.01,0,0,0,0,0,0,0,0,0,0,0,0,0,0,0.17,0,0,0,0,0,0,0,0,0,0,0,0,0,0,0,0,0,0,0,0,0,0,0,0,0,0,0,0,0,0,0,0,0,0,0,0.04,0,0,0,0,0,0,0,0,0,0,0,0,0,0
OTU759_Butyribacter intestini,0,0,0,0,0,0,0,0,0,0,0,0,0,0,0,0,0,0.34,0.47,0,0,0,0,0,0,0,0,0,0,0.07,0,0,0,0,0,0,0,0,0,0,0,0,0,1.92,0,0,0,0,0,0,0,0,0.31,0,0.43,0,0,0,0,0,0,0,0,0,0,0,0,0,0,0,0.05,0,1.45,0,0,0,0,0,0,0,0,0,0,0,0
OTU760_Lachnoclostridium_A edouardi,0,0,0,0,0,0,0,0,0,0,0,0,0,0,0,0,0,0.03,0.06,0,0,0,0,0,0,0,0,0,0,0,0,0.02,0,0,0,0,0,0,0,0,0,0,0,0,0,0,0,0,0,0,0,0,0,0,0,0,0,0,0,0,0,0,0,0,0,0,0,0,0,0,0,0,0,0,0,0,0,0,0,0,0,0,0,0,0
OTU761_Brotaphodocola sp900538475,0,0,0,0,0,0,0,0,0,0,0,0,0,0,0,0,0,0.03,0,0,0,0,0,0,0,0,0,0,0,0,0,0,0,0,0,0,0,0,0,0,0,0,0.44,1.69,0,0,0,0,0,0,0,0,0,0,0,0,0,0,0,0,0,0,0.02,1.92,0.01,0,0,0,0,0,0,0,0,0,0,0.03,0,0,0,0,0,0,0,0,0
OTU762_Hominimerdicola sp937898375,0,0,0,0,0,0,0,0,0,0,0,0,0,0,0,0,0,0.01,0.05,0,0,0,0,0,0,0,0,0,0,0,0,0,0,0,0,0,0,0.04,0,0,0,0.02,0,0,0,0.4,0.03,0,0,0,0,0,0.2,0,0,0.15,0,0,0,0,0,0,0,0,0,0,0,0,0,0,0,0,0.03,0,0,0,0,0,0,0.03,0.03,0,0,0,0
OTU763_Romboutsia sp018336475,0,0,0,0,0,0,0,0,0,0,0,0,0,0,0,0,0,0.01,0,0,0,0,0,0,0,0,0,0,0,0,0,0,0,0,0,0,0,0,0,0,0,0,0,0,0,0,0,0,0,0,0,0,0,0,0.01,0.03,0,0,0,0,0,0,0,0,0,0,0,0,0,0,0,0,0,0,0,0,0,0,0,0,0,0,0,0,0
OTU764_Bifidobacterium pseudocatenulatum,0,0,0,0,0,0,0,0,0,0,0,0,0,0,0,0,0,1.75,0,0.12,0,0,0,0,0,0,0,0,0,0,0,0,0,0,0,0,0,0,0,0,0,0,0,0,0,0,0,0.16,0,0,0,0,0,0,0,0,0,0,0,0,0,0,0,0,0,0,2.81,0,0.51,0.03,0.15,1.85,1.33,0,0,0,0,0,0,0,0.03,0,0,0,0
OTU765_Collinsella sp902491055,0,0,0,0,0,0,0,0,0,0,0,0,0,0,0,0,0,1.32,0,0,0,0,0,0,0,0,0,0,0,0,0,0,0,0,0,0,0,0,0,0,0,0,0,0,0,0,0,0,0,0,0,0,0,0,0,0,0,0,0,0,0,0,0,0,0,0,0,0,0,0,0,0,0,0,0,0,0,0,0,0,0,0,0,0,0
OTU766_Collinsella sp958347015,0,0,0,0,0,0,0,0,0,0,0,0,0,0,0,0,0,1.24,0,0,0,0,0,0,0,0,0,0,0,0,0,0,0,0,0,0,0,0,0,0,0,0,0,0,0,0,0,0,0,0,0,0,0,0,0,0,0,0,0,0,0,0,0,0,0,0,0,0,0,0,0,0,0,0,0,0,0,0,0,0,0,0,0,0,0
OTU767_Collinsella sp958452935,0,0,0,0,0,0,0,0,0,0,0,0,0,0,0,0,0,0.79,0,0,0,0,0,0,0,0,0,0,0,0,0,0,0,0,0,0,0,0,0,0,0,0,0,0,0,0,0,0,0,0,0,0,0,0,0,0,0,0,0,0,0,0,0,0,0,0,0,0,0,0,0,0,0,0,0,0,0,0,0,0,0,0,0,0,0
OTU768_Bacteroides vicugnae,0,0,0,0,0,0,0,0,0,0,0,0,0,0,0,0,0,1.45,0,0,0,0,0,0,0,0,0,0,0,0,0,0,0,0,0,0,0,0,0,0,0,0,0,0,0,0,0,0,0,0,0,0,0,0,0,0,0,0,0,0,0,0,0,1.35,0.91,0,0,0,0,0,0,0,0,0,0,0,0,0,0,0,0,0,0,0,0
OTU769_Coprobacter fastidiosus,0,0,0,0,0,0,0,0,0,0,0,0,0,0,0,0,0,0.18,0.15,0.05,0,0,0.62,0,0,0,0,0,0,0,0,0,0,0,0,0,0,0,0,0.05,0,0,0,0,0,0,0,0,0,0,0,0,0,0,0.12,0.06,0,0,0,0,0,0,0,0,0,0,0,0,0,0,0,0,0,0,0,0,0,0,0,0,0,0,0,0,0
OTU770_Frisingicoccus caecimuris,0,0,0,0,0,0,0,0,0,0,0,0,0,0,0,0,0,0,0.03,0,0,0,0,0.02,0,0,0,0,0,0,0,0,0,0,0,0,0,0,0,0,0,0,0,0,0,0,0,0,0,0,0.09,0,0,0,0,0,0.14,0,0,0,0,0,0,0.23,0.04,0,0,0,0,0,0,0,0,0,0,0.16,0.04,0,0,0,0.02,0,0,0,0.03
OTU771_Frisingicoccus sp958405355,0,0,0,0,0,0,0,0,0,0,0,0,0,0,0,0,0,0,0.02,0,0,0,0,0.01,0,0,0,0,0,0,0,0,0,0,0,0,0,0,0,0,0,0,0,0,0,0,0,0,0,0,0.03,0,0,0,0,0,0.04,0,0,0,0,0,0,0.06,0.01,0,0,0,0,0,0,0,0,0,0,0.05,0.02,0,0,0,0,0,0,0,0
OTU772_Agathobacter sp900317585,0,0,0,0,0,0,0,0,0,0,0,0,0,0,0,0,0,0,0.22,0,0.12,0,0,0,0,0,0,0,0.09,0.48,0,0,0.23,0,0.16,0,0,0,0,0,0.47,0.43,0,0,0,0,0.41,0,0,0.11,0,0,0.88,0,0,0,0,0.19,0,0.28,1.36,0,0,0,0,0.02,0,0,0,0,0,0.19,0,0,0,0,0,0,0,0,0,0,0,0,1.3
OTU773_Blautia celeris,0,0,0,0,0,0,0,0,0,0,0,0,0,0,0,0,0,0,0.02,0,0,0,0,0,0,0,0,0,0,0,0,0,0,0,0,0,0,0,0,0,0,0,0.32,0.25,0,0,0,0,0,0,0,0,0,0,0,0,0.01,0,0,0.04,0.02,0,0,0,0,0,0.01,0,0,0,0,0,0,0,0,0.07,0.22,0,0.04,0,0,0,0,0,0
OTU774_Avimicrobium sp900761965,0,0,0,0,0,0,0,0,0,0,0,0,0,0,0,0,0,0,0.02,0,0.16,0,0,0,0,0,0,0,0,0,0,0,0,0,0,0,0,0,0,0,0,0,0,0,0.03,0,0,0,0,0,0,0,0.03,0,0,0,0,0,0,0,0,0,0,0,0,0,0,0,0,0,0,0,0,0,0,0,0,0,0,0,0,0,0.05,0,0
OTU775_Negativibacillus massiliensis,0,0,0,0,0,0,0,0,0,0,0,0,0,0,0,0,0,0,0.03,0,0,0.13,0,0,0,0,0,0,0,0,0,0,0,0,0,0,0,0,0,0,0,0,0,0,0,0,0,0,0,0,0,0,0,0,0,0,0,0,0,0,0,0,0,0,0,0,0,0,0,0,0,0,0,0,0,0,0,0,0,0,0,0,0,0,0
OTU776_Bittarella massiliensis,0,0,0,0,0,0,0,0,0,0,0,0,0,0,0,0,0,0,0.03,0,0,0,0,0,0,0,0,0,0,0,0,0,0.04,0,0,0.01,0,0,0.01,0,0,0.01,0,0,0,0,0.01,0,0,0.02,0.01,0,0.02,0,0,0,0.01,0,0,0,0,0,0.01,0,0,0,0,0,0,0,0,0,0,0,0,0,0.01,0,0,0.01,0,0,0,0,0
OTU777_Fimisoma avicola,0,0,0,0,0,0,0,0,0,0,0,0,0,0,0,0,0,0,0.03,0,0,0,0,0,0,0,0,0,0,0,0,0,0,0,0,0,0,0,0,0,0,0,0,0,0,0,0,0,0,0,0,0,0,0,0,0,0,0,0,0,0,0,0,0,0,0,0,0,0,0,0,0,0,0,0,0,0,0,0,0,0,0,0,0,0
OTU778_Emergencia timonensis,0,0,0,0,0,0,0,0,0,0,0,0,0,0,0,0,0,0,0.03,0,0,0,0,0,0,0,0,0,0,0,0,0,0,0,0,0,0,0,0,0,0,0,0,0,0,0,0,0,0,0,0.16,0,0,0,0,0,0.16,0,0,0,0,0,0,0.04,0,0,0,0,0,0,0,0,0,0,0,0,0,0,0,0,0,0,0,0,0
OTU779_Enterococcus faecalis,0,0,0,0,0,0,0,0,0,0,0,0,0,0,0,0,0,0,0.05,0,0,0,0,0,0,0,0,0,0,0,0,0,0,0,0,0,0,0,0,0,0,0,0,0,0,0,0,0,0,0.03,0,0,0,0,0,0,0,0,0,0,0,0,0,0,0,0,0,0,0,0,0,0,0,0,0,0,0,0,0,0,0,0,0,0,0
OTU780_Turicibacter sanguinis,0,0,0,0,0,0,0,0,0,0,0,0,0,0,0,0,0,0,0.03,0,0.17,0,0,0,0,0,0.57,0,0,0,0,0,0,0,0.08,0,0,0,0,0,0,0,0,0,0,0,0,0.01,0,0,0.03,0,0,0,0,0,0.07,0,0,0,0,0,0,0,0,0,0,0,0,0,0,0,0,0,0,0,0.01,0,0,0,0,0,0,0,0
OTU781_Varibaculum timonense_A,0,0,0,0,0,0,0,0,0,0,0,0,0,0,0,0,0,0,0.13,0.02,0,0,0,0,0,0,0,0,0,0,0,0,0,0,0,0,0,0,0,0,0,0,0,0,0,0,0,0,0,0,0,0,0,0,0,0,0,0,0,0,0.02,0,0,0,0,0,0,0,0,0,0,0,0,0,0,0,0,0,0,0,0,0,0,0,0
OTU782_Enteroscipio rubneri,0,0,0,0,0,0,0,0,0,0,0,0,0,0,0,0,0,0,0.07,0,0,0,0,0,0,0,0,0,0,0,0,0,0,0,0,0,0,0,0,0,0,0,0,0,0,0,0,0,0,0,0,0,0,0,0,0,0,0,0,0,0,0,0,0,0,0,0,0,0,0,0,0,0,0,0,0,0,0,0,0,0,0,0,0,0
OTU783_CAG-448 sp003150135,0,0,0,0,0,0,0,0,0,0,0,0,0,0,0,0,0,0,0,0.04,0,0,0,0,0,0,0,0,0,0,0,0,0,0,0,0,0,0,0,0,0,0,0,0,0,0,0.02,0,0,0,0,0,0,0,0,0,0,0,0,0,0,0,0,0,0,0,0,0,0,0,0.39,0,0,0,0,0,0,0,0,0,0,0,0,0,0
OTU784_QALR01 sp900553085,0,0,0,0,0,0,0,0,0,0,0,0,0,0,0,0,0,0,0,0.08,0,0,0,0,0,0,0,0,0,0,0,0,0,0,0,0,0,0,0,0,0,0,0,0,0,0,0,0.05,0,0,0,0,0,0,0,0,0,0,0,0,0,0,0,0,0,0,0,0,0,0,0,0,0,0,0,0,0,0,0,0,0,0,0,0,0
OTU785_Ruminococcus_C sp000980705,0,0,0,0,0,0,0,0,0,0,0,0,0,0,0,0,0,0,0,0.62,0,0,0,0,1.11,0.05,0.02,0,0,0,0,0,0.42,0,0,0,0,0,0.11,0,0,0,0,0,0,0,0,0,0,0,0,0.42,2.21,0,0,0.66,0,0,0,0,0,0,0.73,0,0,0,0,0,0,0,0.17,0,0,0,0.01,0,0,0,0,0,0,0,0,0,0
OTU786_Oscillibacter sp900544615,0,0,0,0,0,0,0,0,0,0,0,0,0,0,0,0,0,0,0,0.04,0,0,0,0,0,0,0,0,0,0,0,0,0.14,0,0,0,0,0,0,0,0,0,0,0,0,0,0,0,0,0,0,0,0,0,0,0,0,0,0.02,0,0,0,0,0,0,0,0,0,0,0,0.03,0,0,0,0,0,0,0,0,0,0,0,0,0,0
OTU787_HGM12998 sp900756495,0,0,0,0,0,0,0,0,0,0,0,0,0,0,0,0,0,0,0,0.01,0,0,0,0,0,0,0,0,0,0,0,0,0,0,0,0,0,0,0,0,0,0,0,0,0,0,0,0.01,0,0.01,0,0,0,0,0,0,0,0,0,0,0,0,0,0,0,0,0,0,0,0,0,0,0,0,0,0,0,0,0,0,0,0,0,0,0
OTU788_Coprococcus sp963600665,0,0,0,0,0,0,0,0,0,0,0,0,0,0,0,0,0,0,0,0.07,0,0,0,0,0,0,0,0,0,0,0,0,0,0,0,0,0,0,0,0,0,0,0,0,0,0,0,0,0,0,0,0.04,0,0,0,0,0,0,0,0,0,0,0,0,0,0,0,0,0,0,0,0,0,0,0,0,0,0,0,0,0,0,0,0,0
OTU789_CAG-194 sp018917935,0,0,0,0,0,0,0,0,0,0,0,0,0,0,0,0,0,0,0,0.02,0,0,0,0,0,0,0,0,0,0,0,0,0,0,0,0,0,0,0,0,0,0,0,0,0,0,0.03,0,0,0,0,0,0,0,0,0,0,0,0,0,0,0,0,0,0,0,0,0,0,0,0.04,0,0,0,0,0,0,0,0,0,0,0,0,0,0
OTU790_Scatosoma sp003448195,0,0,0,0,0,0,0,0,0,0,0,0,0,0,0,0,0,0,0,0.05,0,0,0,0,0,0,0,0,0,0,0,0,0,0,0,0,0,0.14,0,0,0,0,0,0,0,0,0,0,0,0,0,0,0,0,0,0,0,0,0,0,0,0,0,0,0,0,0,0,0,0,0,0,0,0,0,0,0,0,0,0,0,0,0,0,0
OTU791_HGM11514 sp900757255,0,0,0,0,0,0,0,0,0,0,0,0,0,0,0,0,0,0,0,0.02,0,0,0,0,0,0,0,0,0,0,0,0,0,0,0,0,0,0,0,0,0,0,0,0,0,0,0,0,0,0,0,0,0,0,0,0,0,0,0,0,0,0,0,0,0,0,0,0,0,0,0,0,0,0,0,0,0,0,0,0,0,0,0,0,0
OTU792_Aphodocola sp900547225,0,0,0,0,0,0,0,0,0,0,0,0,0,0,0,0,0,0,0,0.16,0,0,0,0,0,0,0,0,0,0,0,0,0,0,0,0,0,0,0,0,0,0,0,0,0,0,0,0.16,0,0,0,0,0,0,0,0,0,0,0,0,0,0,0,0,0,0,0,0,0,0,0,0,0,0,0,0,0,0,0,0,0,0,0,0,0
OTU793_Aphodocola sp000434835,0,0,0,0,0,0,0,0,0,0,0,0,0,0,0,0,0,0,0,0.1,0,0,0,0,0,0,0,0,0,0,0,0,0,0,0,0,0,0,0,0,0,0,0,0,0,0,0,0.03,0,0,0,0,0,0,0,0,0,0,0,0,0,0,0,0,0,0,0,0,0,0,0,0,0,0,0,0,0,0,0,0,0,0,0,0,0
OTU794_CAG-313 sp003539625,0,0,0,0,0,0,0,0,0,0,0,0,0,0,0,0,0,0,0,0.03,0,0,0,0,0,0,0,0,0,0,0,0,0,0,0,0,0,0,0,0,0,0,0,0,0,0,0,0,0,0,0,0,0,0,0,0,0,0,0,0,0,0,0,0,0,0,0,0,0,0,0,0,0,0,0,0,0,0,0,0,0,0,0,0,0
OTU795_Anaerotardibacter sp958409415,0,0,0,0,0,0,0,0,0,0,0,0,0,0,0,0,0,0,0,0.01,0,0.01,0,0,0,0,0,0,0,0,0,0,0,0,0.04,0,0,0,0,0,0,0,0,0,0,0,0,0,0,0,0,0,0,0,0,0,0,0,0,0,0,0,0,0,0,0,0,0,0,0,0,0,0,0,0,0,0,0,0,0,0,0,0,0,0
OTU796_Collinsella sp905215755,0,0,0,0,0,0,0,0,0,0,0,0,0,0,0,0,0,0,0,0.24,0,0,0,0,0,0,0,0,0,0,0,0,0,0,0,0,0,0,0,0,0,0,0,0,0,0,0,0,0,0,0,0,0,0,0,0,0,0,0,0,0,0,0,0,0,0,0,0,0,0,0,0,0,0,0,0,0,0,0,0,0,0,0,0,0
OTU797_Collinsella sp947001705,0,0,0,0,0,0,0,0,0,0,0,0,0,0,0,0,0,0,0,0.25,0,0,0,0,0,0,0,0,0,0,0,0,0,0,0,0,0,0,0,0,0,0,0,0,0,0,0,0,0,0,0,0,0,0,0,0,0,0,0,0,0,0,0,0,0,0,0,0,0,0,0,0,0,0,0,0,0,0,0,0,0,0,0,0,0.3
OTU798_Phocaeicola coprophilus,0,0,0,0,0,0,0,0,0,0,0,0,0,0,0,0,0,0,0,1.28,0,0,0,0,0,0,0,0,0,0,0,0,0,0,0,0,0,0,0,2.79,0,0,0,0,0,0,0,0,0,0,0,0,0,0,0,0,0,0,0,0,0,0,0,0,0,0,0,0,0,1.53,0.28,0,0,0,0,0,0,0,0,0,0,0,0,0,0
OTU799_Phocaeicola plebeius,0,0,0,0,0,0,0,0,0,0,0,0,0,0,0,0,0,0,0,0.6,0,0,0,0,0,0,0,0,0,0,0,0,0,0,0,0,0,0.26,1.46,1.59,0,0,0,0,0,0,0,0,0,0,0,0,0,0,0,0,0,0,0,0,0,0,0,0,0,0,0,0,0,0,0.67,0,0,0,0,0,0,0,0,0,0,0,0,0,0
OTU800_Limisoma sp900541935,0,0,0,0,0,0,0,0,0,0,0,0,0,0,0,0,0,0,0,0.23,0,0,0,0,0,0,0,0,0,0,0,0,0,0,0,0,0,0,0,0,0,0,0,0,0,0,0,0,0,0,0,0,0,0,0,0,0,0,0,0,0,0,0,0,0,0,0,0,0,0,0,0,0,0,0,0,0,0,0,0,0,0,0,0,0
OTU801_Caccoplasma intestinavium,0,0,0,0,0,0,0,0,0,0,0,0,0,0,0,0,0,0,0,0.21,0,0,0,0,0,0,0,0,0,0,0,0,0,0,0,0,0,0,0,0,0,0,0,0,0,0,0,0,0,0,0,0,0,0,0,0,0,0.07,0,0,0,0,0,0,0,0,0,0,0,0,0,0,0,0,0,0,0,0,0,0,0,0,0,0,0
OTU802_Sutterella seckii_A,0,0,0,0,0,0,0,0,0,0,0,0,0,0,0,0,0,0,0,0.14,0,0,0,0,0,0,0,0,0,0,0,0,0,0,0,0,0,0,0,0.2,0,0,0,0,0,0,0,0,0,0,0,0,0,0,0,0,0,0,0,0,0,0,0,0,0,0,0,0,0,0,0,0,0,0,0,0,0,0,0,0,0,0,0,0,0
OTU803_CAG-115 sp945923775,0,0,0,0,0,0,0,0,0,0,0,0,0,0,0,0,0,0,0,0,0.01,0,0,0.04,0,0,0,0,0,0,0,0,0,0,0,0,0,0,0,0,0,0,0,0,0,0,0,0.01,0,0,0,0,0,0,0.34,0,0,0,0,0,0,0,0,0,0,0,0,0,0,0,0.01,0,0,0,0,0,0,0,0,0,0,0,0,0,0
OTU804_Neobittarella massiliensis,0,0,0,0,0,0,0,0,0,0,0,0,0,0,0,0,0,0,0,0,0.01,0,0,0,0,0,0,0,0,0,0,0,0,0,0,0,0,0,0,0,0,0,0.09,0.03,0,0,0,0,0,0,0.02,0,0,0,0,0,0.02,0,0,0,0,0,0,0,0,0,0.01,0.02,0,0,0,0,0,0,0,0,0,0,0.01,0,0,0,0,0.01,0
OTU805_Blautia_A acetigignens,0,0,0,0,0,0,0,0,0,0,0,0,0,0,0,0,0,0,0,0,0.27,0,0,0,0,0,0,0,0,0,0,0,0,0.32,0,0,0,0.6,0,0,0,0,0,0,0,0,0,0,0,0,0,0,0.1,0,0.02,0,0,0.05,0,0,0,0,0,0,0,0,0,0,0,0,0,0,0,0,0,0,0,0,0,0,0,0,0,0,0
OTU806_Lachnospira sp002435585,0,0,0,0,0,0,0,0,0,0,0,0,0,0,0,0,0,0,0,0,0.04,0,0.05,0.07,0,0,0,0,0,0,0,0,0,0,0,0,0,0,0,0,0,0,0,0,0,0,0,0,0,0,0,0,0,0,0,0,0,0,0,0,0,0,0,0,0,0,0,0,0,0,0,0,0,0,0,0,0,0,0,0,0.02,0,0,0,0
OTU807_Lachnospira sp000436475,0,0,0,0,0,0,0,0,0,0,0,0,0,0,0,0,0,0,0,0,0.15,0,0.24,0.19,0,0,0,0,0,0,0,0,0,0,0.14,0,0,0,0,0,0,0,0,0,0,0,0,0,0,0,0,0,0,0,0.28,0,0,0,0,0,0,0,0,0,0,0,0,0,0,0,0,0,0.2,0,0,0,0,0,0,0,0.13,0,0,0,0
OTU808_Faecalimonas umbilicata,0,0,0,0,0,0,0,0,0,0,0,0,0,0,0,0,0,0,0,0,0.06,0,0,0,0,0,0,0,0,0,0,0,0,0,0,0,0,0,0,0,0,0,2.33,1.16,0,0,0,0,0,0.05,0.08,0,0,0,0,0,0.09,0,0,0,0,0,0,0,0,0,0,5.5,1.12,0,0,0,0,0,0,0,0,0,0,0,0,0,0,2.03,0.09
OTU809_Anaerotignum sp905212195,0,0,0,0,0,0,0,0,0,0,0,0,0,0,0,0,0,0,0,0,0.06,0,0,0,0,0,0,0,0,0,0,0,0,0,0,0,0,0,0,0,0,0,0,0,0,0,0,0,0,0,0,0,0,0.01,0,0,0,0,0,0,0,0,0,0,0,0,0,0,0.03,0,0,0,0,0,0,0,0,0,0,0,0,0,0,0,0
OTU810_Romboutsia_E sp900066495,0,0,0,0,0,0,0,0,0,0,0,0,0,0,0,0,0,0,0,0,0.06,0,0,0,0,0,0,0,0,0,0,0,0,0,0,0,0,0,0,0,0,0,0,0,0,0,0,0,0,0,0,0,0,0,0,0,0,0,0,0,0,0,0,0,0,0,0,0,0,0,0,0,0,0,0,0,0,0,0,0,0,0,0,0,0
OTU811_Clostridium sp015555905,0,0,0,0,0,0,0,0,0,0,0,0,0,0,0,0,0,0,0,0,0.19,0,0,0,0,0,0,0,0,0,0,0,0,0,0,0,0,0,0,0,0,0,0,0,0,0,0,0,0,0,0,0,0,0,0.06,0,0,0,0,0,0,0,0,0,0,0,0,0,0,0,0,0,0,0,0,0,0,0,0,0,0,0,0,0,0
OTU812_Veillonella sp963524655,0,0,0,0,0,0,0,0,0,0,0,0,0,0,0,0,0,0,0,0,0.01,0,0,0,0,0,0,0,0,0,0,0,0,0,0,0,0,0,0,0,0,0,0,0,0,0,0,0,0,0,0,0,0,0,0,0,0,0,0,0,0,0,0,0,0,0,0,0,0,0,0,0,0,0,0,0,0,0,0,0,0,0,0,0,0
OTU813_Veillonella rogosae,0,0,0,0,0,0,0,0,0,0,0,0,0,0,0,0,0,0,0,0,0.02,0,0,0,0,0.02,0,0,0,0,0,0,0,0,0,0,0,0,0,0,0,0,0,0.07,0.01,0,0,0,0,0,0,0,0,0,0,0,0,0,0,0,0,0,0,0,0,0,0,0,0,0,0,0,0,0,0,0,0,0,0,0,0,0,0,0,0
OTU814_Lactococcus cremoris,0,0,0,0,0,0,0,0,0,0,0,0,0,0,0,0,0,0,0,0,0.28,0,0,0,0,0,0,0,0,0,0,0,0,0,0,0,0,0,0,0,0,0,0,0,0,0,0,0,0,0,0,0,0,0,0,0,0,0,0,0,0,0,0,0,0,0,0.05,0,0,0,0,0,0,0,0,0,0,0,0,0,0,0,0,0,0
OTU815_Pauljensenia sp018375675,0,0,0,0,0,0,0,0,0,0,0,0,0,0,0,0,0,0,0,0,0.01,0,0,0,0,0,0,0,0,0,0,0,0,0,0,0,0,0,0,0,0,0,0,0,0,0,0,0,0,0,0,0,0,0,0,0,0,0,0,0,0.02,0,0,0,0,0,0,0,0,0,0,0,0,0,0,0,0,0,0,0,0,0,0,0,0
OTU816_Collinsella sp900761805,0,0,0,0,0,0,0,0,0,0,0,0,0,0,0,0,0,0,0,0,0.93,0,0,0,0,0,0,0,0,0,0,0,0,0,0,0,0,0,0,0,0,0,0,0,0,0,0,0,0,0,0,0,0,0,0,0,0,0,0,0,0,0,0,0,0,0,0,0,0,0,0,0,0,0,0,0,0,0,0,0,0,0,0,0,0
OTU817_Collinsella sp018376265,0,0,0,0,0,0,0,0,0,0,0,0,0,0,0,0,0,0,0,0,0.48,0,0,0,0,0,0,0,0,0,0,0,0,0,0,0,0,0,0,0,0,0,0,0,0,0,0,0,0,0,0,0,0,0,0,0,0,0,0,0,0,0,0,0,0,0,0,0,0,0,0,0,0,0,0,0,0,0,0,0,0,0,0,0,0
OTU818_Collinsella sp900760215,0,0,0,0,0,0,0,0,0,0,0,0,0,0,0,0,0,0,0,0,0.83,0,0,0,0,0,0,0,0,0,0,0,0,0,0,0,0,0,0,0,0,0,0,0,0,0,0,0,0,0,0,0,0,0,0,0,0,0,0,0,0,0,0,0,0,0,0,0,0,0,0,0,0,0,0,0,0,0,0,0,0,0,0,0,0
OTU819_Collinsella aerofaciens_G,0,0,0,0,0,0,0,0,0,0,0,0,0,0,0,0,0,0,0,0,0.78,0,0,0,0,0,0,0,0,0,0,0,0,0,0,0,0,0,0,0,0,0,0,0,0,0.75,0,0,0,0,0,0,0,0,0,0,0,0,0,0,0,0,0,0,0,0,0,0,0,0,0,0,0,0,0,0,0,0,0,0,0,0,0,0,0
OTU820_Haemophilus_D parainfluenzae_T,0,0,0,0,0,0,0,0,0,0,0,0,0,0,0,0,0,0,0,0,0.01,0,0,0,0,0,0,0,0,0,0,0,0,0,0,0,0,0,0,0,0,0,0,0,0,0,0,0,0,0,0,0,0,0,0,0,0,0,0,0.01,0,0,0,0,0,0,0,0,0,0,0,0,0,0,0,0,0,0,0,0,0,0,0,0,0
OTU821_Prevotella copri_O,0,0,0,0,0,0,0,0,0,0,0,0,0,0,0,0,0,0,0,0,0.02,0,0,0,0,0,0,0,0,0,0,0,0,0.16,0,0,0,0,0,0,0,0,0.01,0,0,0,0,0,0,0,0,0,0,0,0,0,0,0,0,0,0,0.01,0,0,0,0,0,0,0,0,0,0,0,0,0,0,0,0.01,0,0,0,0,0,0,0
OTU822_Bifidobacterium hominis,0,0,0,0,0,0,0,0,0,0,0,0,0,0,0,0,0,0,0,0,0,0.96,0,0,0,0,0,0,0,0,0,0,0,0,0,0,0,0,0,0,0,0,0,0,0,0,0,0,0,0,0,0,0,0,0,0,0,0,0,0,0,0,0,0,0,0,0,0,0,0,0,0,0,0,0,0,0,0,0,0,0,0,0,0,0
OTU823_Pauljensenia sp001838165,0,0,0,0,0,0,0,0,0,0,0,0,0,0,0,0,0,0,0,0,0,0.01,0,0,0,0,0,0,0,0,0,0,0,0,0,0,0,0,0,0,0,0,0,0,0,0,0,0,0,0,0,0,0,0,0,0,0,0,0,0,0,0,0,0,0,0,0.06,0,0,0,0,0,0,0,0,0,0,0,0,0,0,0,0,0,0
OTU824_Anaerotardibacter sp902464295,0,0,0,0,0,0,0,0,0,0,0,0,0,0,0,0,0,0,0,0,0,0.03,0,0,0,0,0,0,0,0,0,0,0,0,0.03,0,0,0,0,0,0,0,0,0,0,0,0,0,0,0,0,0,0,0,0,0,0,0,0,0,0,0,0,0,0,0,0,0,0,0,0,0,0,0,0,0,0,0,0,0,0,0,0,0,0
OTU825_Senegalimassilia sp902464545,0,0,0,0,0,0,0,0,0,0,0,0,0,0,0,0,0,0,0,0,0,0.06,0,0,0,0,0,0,0,0,0,0,0,0,0,0,0,0,0,0,0,0,0,0,0,0,0,0,0,0,0,0,0,0,0,0,0,0,0,0,0,0,0,0,0,0,0,0,0,0,0,0,0,0,0,0,0,0,0,0,0,0,0,0,0
OTU826_Leptogranulimonas sp012584445,0,0,0,0,0,0,0,0,0,0,0,0,0,0,0,0,0,0,0,0,0,0.01,0,0,0,0,0,0,0,0,0,0,0,0,0,0,0,0,0,0,0,0,0,0,0,0,0,0,0,0,0,0,0,0,0,0,0,0,0,0,0,0,0,0,0,0,0,0,0,0,0,0,0,0,0,0,0,0,0,0,0,0,0,0,0
OTU827_Collinsella sp900762325,0,0,0,0,0,0,0,0,0,0,0,0,0,0,0,0,0,0,0,0,0,0.63,0,0,0,0,0,0,0,0,0,0,0,0,0,0,0,0,0,0,0,0,0,0,0,0,0,0,0,0,0,0,0,0,0,0,0,0,0,0,0,0,0,0,0,0,0,0,0,0,0,0,0,0,0,0,0,0,0,0,0,0,0,0,0
OTU828_Collinsella sp937982065,0,0,0,0,0,0,0,0,0,0,0,0,0,0,0,0,0,0,0,0,0,0.67,0,0,0,0,0,0,0,0,0,0,0,0,0,0,0,0,0.66,0,0,0,0,0,0.52,0,0,0,0,0,0,0,0,0,0,0,0,0,0,0,0,0,0,0,0,0,0,0,0,0,0,0,0,0,0,0,0,0,0,0,0,0,0,0,0
OTU829_Lawsonibacter sp900545895,0,0,0,0,0,0,0,0,0,0,0,0,0,0,0,0,0,0,0,0,0,0.05,0,0,0,0,0,0,0,0,0,0,0,0,0,0,0,0,0,0,0,0,0,0,0,0,0,0,0,0,0,0,0,0,0,0,0,0,0,0,0,0,0,0,0,0,0,0,0,0,0,0,0,0,0,0,0,0,0,0,0,0,0,0,0
OTU830_Hominenteromicrobium sp934643185,0,0,0,0,0,0,0,0,0,0,0,0,0,0,0,0,0,0,0,0,0,0.03,0.08,0,0,0,0,0,0,0,0,0,0,0,0,0,0,0,0,0,0,0,0,0,0,0,0,0,0,0,0,0,0,0,0,0,0,0,0,0,0,0,0,0,0,0,0,0,0,0,0,0.04,0.12,0,0,0,0,0,0,0,0,0,0,0,0
OTU831_UMGS1264 sp904399395,0,0,0,0,0,0,0,0,0,0,0,0,0,0,0,0,0,0,0,0,0,0.01,0,0,0,0,0,0,0,0,0,0,0,0,0,0,0,0,0,0,0,0,0,0,0,0,0,0,0,0,0.04,0,0,0,0,0,0.05,0,0,0,0,0,0,0,0.02,0,0,0,0,0,0,0,0,0,0,0.07,0.04,0,0,0,0,0,0,0,0
OTU832_Agathobaculum stercoravium,0,0,0,0,0,0,0,0,0,0,0,0,0,0,0,0,0,0,0,0,0,0.01,0,0,0,0,0,0,0,0,0,0,0,0,0,0,0,0,0,0,0,0,0,0,0,0,0,0,0,0,0,0,0,0,0,0,0,0,0,0,0,0,0,0,0,0,0,0,0,0,0,0,0,0,0,0,0,0,0,0,0,0,0,0,0
OTU833_Pseudobutyricicoccus sp003477405,0,0,0,0,0,0,0,0,0,0,0,0,0,0,0,0,0,0,0,0,0,0.07,0,0,0,0,0,0,0,0,0,0,0,0,0,0,0,0,0,0,0,0,0,0,0,0,0,0,0,0,0,0,0,0,0,0,0,0,0,0,0,0,0,0,0,0,0,0,0,0,0,0,0,0,0,0,0.01,0,0,0,0,0,0,0,0
OTU834_Blautia_A sp900066335,0,0,0,0,0,0,0,0,0,0,0,0,0,0,0,0,0,0,0,0,0,1.68,0,0,0,0,1.06,0,0,0,0,0,0,0,0,0,0,0.55,0,0,0,0,0,0,0.25,0,0,0,0,0,0,0,0,0,0,0,0,0,0,0,0,0,0,0,0,0,0,0,0,0.38,0.44,0,0,0,0,0,0,0,0,0,0,0.63,0.62,0,0
OTU835_Claveliimonas bilis,0,0,0,0,0,0,0,0,0,0,0,0,0,0,0,0,0,0,0,0,0,0.09,0,0,0,0,0,0,0,0,0,0,0,0,0,0,0,0,0,0,0,0,0,0,0,0,0,0,0,0,0,0,0,0,0,0,0,0,0,0,0,0,0,0,0,0,0,0,0,0,0,0,0,0,0,0,0,0,0,0,0.27,0,0,0,0
OTU836_Merdimonas faecis,0,0,0,0,0,0,0,0,0,0,0,0,0,0,0,0,0,0,0,0,0,0.01,0,0,0,0,0,0,0,0,0,0,0,0,0,0,0,0,0,0,0,0,0,0,0,0,0,0,0,0,0,0,0,0,0,0,0,0,0,0,0,0,0,0,0,0,0,0,0,0,0,0,0,0,0,0,0,0,0,0,0,0,0,0,0
OTU837_Otoolea saccharolyticum_A,0,0,0,0,0,0,0,0,0,0,0,0,0,0,0,0,0,0,0,0,0,0.09,0,0,0,0,0,0,0,0,0,0,0,0,0,0,0,0,0,0,0,0,0.04,0.43,0,0,0,0,0,0,0,0,0,0,0,0,0,0,0,0,0,0,0,0,0,0,0,0,0,0,0,0,0,0,0,0,0.02,0,0,0,0,0,0,0,0
OTU838_Eisenbergiella sp003478085,0,0,0,0,0,0,0,0,0,0,0,0,0,0,0,0,0,0,0,0,0,0.2,0,0,0,0,0,0,0,0,0,0,0,0,0,0,0,0,0,0,0,0,0,0,0,0,0,0,0,0,0,0,0,0,0,0,0,0,0,0,0,0,0,0,0,0,0,0,0,0,0,0,0,0,0,0,0,0,0,0,0,0,0,0,0
OTU839_Sellimonas catena,0,0,0,0,0,0,0,0,0,0,0,0,0,0,0,0,0,0,0,0,0,0.01,0,0,0,0,0,0,0,0,0,0,0,0,0,0,0,0,0,0,0,0,0,0,0,0,0,0,0,0,0,0,0,0,0,0,0,0,0,0,0,0,0,0,0,0,0,0,0,0,0,0,0,0,0,0,0,0,0,0,0,0,0,0,0
OTU840_JANFXS01 sp024460105,0,0,0,0,0,0,0,0,0,0,0,0,0,0,0,0,0,0,0,0,0,0.01,0,0,0,0,0,0,0,0,0,0.02,0,0,0,0,0,0,0,0,0,0,0,0,0,0,0,0,0,0,0,0,0,0,0,0,0,0,0,0,0.02,0,0,0,0,0,0.01,0,0,0,0,0,0,0,0.01,0,0,0,0.04,0,0,0,0,0,0
OTU841_Eubacterium limosum,0,0,0,0,0,0,0,0,0,0,0,0,0,0,0,0,0,0,0,0,0,0.03,0,0,0,0,0,0,0,0,0,0,0,0,0,0,0,0,0,0,0,0,0,0,0,0,0,0,0,0,0,0,0,0,0,0,0,0,0,0,0,0,0,0,0,0,0,0,0,0,0,0,0,0,0,0,0,0,0,0,0,0,0,0,0
OTU842_Eubacterium limosum_B,0,0,0,0,0,0,0,0,0,0,0,0,0,0,0,0,0,0,0,0,0,0.01,0,0,0,0,0,0,0,0,0,0,0,0,0,0,0,0,0,0,0,0,0,0,0,0,0,0,0,0,0,0,0,0,0,0,0,0,0,0,0,0,0,0,0,0,0,0,0,0,0,0,0,0,0,0,0,0,0,0,0,0,0,0,0
OTU843_Megasphaera massiliensis,0,0,0,0,0,0,0,0,0,0,0,0,0,0,0,0,0,0,0,0,0,1.76,0,0,0,0,0,0,0,0,0,0,0,0,0,0,0,0,0,0,0,0,0,0,0,0,0,0,0,0,0,0,0,0,0,0,0,0,0,0,0,0,0,0,0,0,0,0,0,0,0,0,0,0,0,0,0,0,0,0,0,0,0,0,0
OTU844_Dialister sp025992895,0,0,0,0,0,0,0,0,0,0,0,0,0,0,0,0,0,0,0,0,0,0.03,0,0,0,0,0,0,0,0,0,0,0,0,0,0,0,0,0,0,0,0,0,0,0,0,0,0,0,0,0,0,0,0,0,0,0,0,0,0,0,0,0,0,0,0,0,0,0,0,0,0,0,0,0,0,0,0,0,0,0,0,0,0,0
OTU845_Dialister hominis,0,0,0,0,0,0,0,0,0,0,0,0,0,0,0,0,0,0,0,0,0,0.47,0,0,0,0,0,0,0,0,0,0,0,0,0,0,0,0,0,0,0,0,0,0,0,0,0,0,0,0,0,0,0,0,0,0,0,0,0,0,0,0,0,0,0,0,0,0,0,0,0,0,0,0,0,0,0,0,0,0,0,0,0,0,0
OTU846_Limosilactobacillus mucosae,0,0,0,0,0,0,0,0,0,0,0,0,0,0,0,0,0,0,0,0,0,0.03,0,0,0,0,0,0,0.44,0,0,0,0,0,0,0,0,0,0,0,0,0,0,0,0,0,0,0,0,0,0,0,0,0,0,0,0,0,0,0,0,0,0,0,0,0,0,0,0,0,0,0,0,0,0,0,0,0,0,0,0,0,0,0,0
OTU847_Streptococcus salivarius,0,0,0,0,0,0,0,0,0,0,0,0,0,0,0,0,0,0,0,0,0,0.09,0,0,0,0.05,0,0,0.03,0,0,0,0.03,0,0,0,0,0,0,0,0,0,0,0.08,0,0,0,0,0,0,0,0,0,0,0,0,0,0,0.2,0,0,0,0,0,0,0,0,0,0,0,0,0.01,0.09,0,0,0.07,0.1,0,0,0,0,0,0,0,0
OTU848_Massilicoli timonensis,0,0,0,0,0,0,0,0,0,0,0,0,0,0,0,0,0,0,0,0,0,0.11,0,0,0,0,0,0,0,0,0,0,0,0,0,0,0,0,0,0,0,0,0,0,0,0,0,0,0,0,0,0,0,0,0,0,0,0,0,0,0,0,0,0,0,0,0,0,0,0,0,0,0,0,0,0,0,0,0,0,0,0,0,0,0
OTU849_Prevotella disiens,0,0,0,0,0,0,0,0,0,0,0,0,0,0,0,0,0,0,0,0,0,0.05,0,0,0,0,0,0.03,0,0,0,0,0,0,0,0,0,0,0,0,0,0,0,0,0,0,0,0,0,0,0,0,0,0,0,0,0,0,0,0,0,0,0,0,0,0,0,0,0,0,0,0,0,0,0,0,0.02,0,0,0,0,0,0,0,0
OTU850_Parabacteroides faecis,0,0,0,0,0,0,0,0,0,0,0,0,0,0,0,0,0,0,0,0,0,0.26,0,0,0,0,0,0,0,0,0,0,0,0,0,0,0,0,0,0,0,0,0,0,0,0,0,0,0,0,0,0.04,0,0,0,0,0,0,0,0,0,0,0,0.1,0,0,0,0,0,0,0,0,0,0,0,0,0,0,0,0,0,0,0,0,0
OTU851_Porphyromonas sp900539155,0,0,0,0,0,0,0,0,0,0,0,0,0,0,0,0,0,0,0,0,0,0.02,0,0,0,0,0,0,0,0,0,0,0,0,0,0,0,0,0,0,0,0,0,0,0,0,0,0,0,0,0,0,0,0,0,0,0,0,0,0,0,0,0,0,0,0,0,0,0,0,0,0,0,0,0,0,0,0,0,0,0,0,0,0,0
OTU852_Porphyromonas vaginalis,0,0,0,0,0,0,0,0,0,0,0,0,0,0,0,0,0,0,0,0,0,0.03,0,0,0,0,0,0,0,0,0,0,0,0,0,0,0,0,0,0,0,0,0,0,0,0,0,0,0,0,0,0,0,0,0,0,0,0,0,0,0,0,0,0,0,0,0,0,0,0,0,0,0,0,0,0,0,0,0,0,0,0,0,0,0
OTU853_Coprobacter secundus,0,0,0,0,0,0,0,0,0,0,0,0,0,0,0,0,0,0,0,0,0,0.11,0,0,0,0,0,0,0,0,0,0,0,0,0,0,0,0,0,0,0,0,0,0,0,0,0,0,0,0,0,0,0,0,0,0,0,0,0,0,0,0,0,0,0,0,0,0,0,0,0,0,0,0,0,0,0,0,0,0,0,0,0,0,0
OTU854_Fimisoma sp900540145,0,0,0,0,0,0,0,0,0,0,0,0,0,0,0,0,0,0,0,0,0,0,0.04,0,0,0,0,0,0,0,0,0,0,0,0,0,0,0,0,0,0,0,0,0,0,0,0,0,0,0,0,0,0,0,0,0,0,0,0,0,0,0,0,0,0,0,0,0,0,0,0,0,0,0,0,0,0,0,0,0,0,0,0,0,0
OTU855_Acutalibacter stercoravium,0,0,0,0,0,0,0,0,0,0,0,0,0,0,0,0,0,0,0,0,0,0,0.07,0,0,0,0,0,0,0,0,0,0,0,0,0,0,0,0,0,0,0,0,0,0,0,0,0,0,0,0,0,0,0,0,0.21,0,0,0,0,0,0,0,0,0,0,0,0,0,0,0,0,0,0,0,0,0,0,0,0,0,0,0,0,0
OTU856_Anaeromassilibacillus stercoravium,0,0,0,0,0,0,0,0,0,0,0,0,0,0,0,0,0,0,0,0,0,0,0.02,0,0,0,0,0,0,0,0,0.02,0,0,0.03,0,0,0,0,0,0,0,0,0.03,0,0,0,0,0,0.02,0,0,0,0,0,0,0,0,0,0,0,0,0.03,0,0,0,0,0,0,0,0,0,0,0,0,0,0,0,0,0,0,0,0,0,0
OTU857_Onthomonas sp900752305,0,0,0,0,0,0,0,0,0,0,0,0,0,0,0,0,0,0,0,0,0,0,0.02,0,0,0,0,0,0,0,0,0,0,0,0,0,0,0,0,0,0,0,0,0,0,0,0,0,0,0,0,0,0,0,0,0,0,0,0,0,0,0,0,0,0,0,0,0,0,0,0,0,0,0,0,0,0,0,0,0,0,0,0,0,0
OTU858_Collinsella sp003458415,0,0,0,0,0,0,0,0,0,0,0,0,0,0,0,0,0,0,0,0,0,0,2.6,0,0,0,0,0,0,0,0,0,0,0,0,0,0,0,0,0,0,0,0,0,0,0,0,0,0,0,0,0,0,0,0,0,0,0,0,0,0,0,0,0,0,0,0,0,0,0,0,0,0,0,0,0,0,0,0,0,0,0,0,0,0
OTU859_Collinsella sp902469555,0,0,0,0,0,0,0,0,0,0,0,0,0,0,0,0,0,0,0,0,0,0,0.71,0,0,0,0,0,0,0,0,0,0,0,0,0,0,0,0,0,0,0,0,0,0,0,0,0,0,0,0,0,0,0,0,0,0,0,0,0,0,0,0,0,0,0,0,0,0,0,0,0,0,0,0,0,0,0,0,0,0,0,0,0,0
OTU860_Parabacteroides gordonii,0,0,0,0,0,0,0,0,0,0,0,0,0,0,0,0,0,0,0,0,0,0,0.05,0,0,0,0,0,0,0,0,0,0,0,0,0,0,0,0,0,0,0,0,0,0,0,0,0,0,0,0,0,0,0,0,0,0,0,0,0,0,0,0,0,0,0,0,0,0,0,0,0,0,0,0,0,0,0,0,0,0,0,0,0,0
OTU861_Acetatifactor sp945929965,0,0,0,0,0,0,0,0,0,0,0,0,0,0,0,0,0,0,0,0,0,0,0,0.17,0,0,0,0,0,0,0,0,0,0,0,0,0,0,0,0,0,0,0,0,0,0,0,0,0,0,0,0,0,0,0,0,0,0,0,0,0,0,0,0,0,0,0,0,0,0,0,0,0,0,0,0,0,0,0,0,0,0,0,0,0
OTU862_Laedolimicola sp963559965,0,0,0,0,0,0,0,0,0,0,0,0,0,0,0,0,0,0,0,0,0,0,0,0.05,0,0,0,0,0,0,0,0,0,0,0,0,0,0,0,0,0,0,0,0,0,0,0,0,0,0,0,0,0,0,0,0,0,0,0,0,0,0,0,0.21,0,0,0,0.01,0.03,0,0,0,0,0,0,0,0,0,0,0,0,0,0,0,0
OTU863_UMGS1370 sp900542035,0,0,0,0,0,0,0,0,0,0,0,0,0,0,0,0,0,0,0,0,0,0,0,0.09,0,0,0,0,0,0,0,0,0,0,0,0,0,0,0,0,0,0,0,0,0,0,0,0,0,0,0,0,0,0,0,0,0,0,0,0,0,0,0,0,0.01,0,0,0,0,0,0,0,0,0,0,0,0,0,0,0,0,0,0,0,0
OTU864_UMGS1370 sp963557065,0,0,0,0,0,0,0,0,0,0,0,0,0,0,0,0,0,0,0,0,0,0,0,0.02,0,0,0,0,0,0,0,0,0,0,0,0,0,0,0,0,0,0,0,0,0,0,0,0,0,0,0,0,0,0,0,0,0,0,0,0,0,0,0,0,0,0,0,0,0,0,0,0,0,0,0,0,0,0,0,0,0,0,0,0,0
OTU865_Otoolea sp000435655,0,0,0,0,0,0,0,0,0,0,0,0,0,0,0,0,0,0,0,0,0,0,0,0.03,0,0,0,0,0,0,0,0.06,0,0,0,0,0,0,0,0,0,0,0,0,0,0,0,0,0,0.05,0.27,0.01,0,0,0,0,0.25,0,0,0.03,0.08,0,0.03,0,0,0,0.81,0,1.47,0,0,0,0,0,0,0,0,0,0,0,0,0,0.07,0,0.05
OTU866_CAG-882 sp958446835,0,0,0,0,0,0,0,0,0,0,0,0,0,0,0,0,0,0,0,0,0,0,0,0.06,0,0,0,0,0,0,0,0,0,0,0,0,0,0,0,0,0,0,0,0,0,0,0,0,0,0,0,0,0,0,0,0,0,0,0,0,0,0,0,0,0,0,0,0,0,0,0,0,0,0,0,0,0,0,0,0,0,0,0,0,0
OTU867_COE1 sp963596435,0,0,0,0,0,0,0,0,0,0,0,0,0,0,0,0,0,0,0,0,0,0,0,0.06,0,0,0,0,0,0,0,0,0,0,0,0,0,0,0,0,0,0,0,0,0,0,0,0,0,0,0,0,0,0,0,0,0,0,0,0,0,0,0,0,0,0,0,0,0,0,0,0,0,0,0,0,0,0,0,0,0,0,0,0,0
OTU868_Anaerotignum sp958420075,0,0,0,0,0,0,0,0,0,0,0,0,0,0,0,0,0,0,0,0,0,0,0,0.06,0,0,0,0,0,0,0,0,0,0,0,0,0,0,0,0,0,0,0,0,0,0,0,0,0,0,0,0,0,0,0,0,0,0,0,0,0,0,0.02,0,0,0,0,0,0,0,0,0,0,0,0,0,0,0,0,0,0,0,0,0,0
OTU869_Metalachnospira sp900546215,0,0,0,0,0,0,0,0,0,0,0,0,0,0,0,0,0,0,0,0,0,0,0,0.04,0,0,0,0,0,0,0,0,0,0,0,0,0,0,0,0,0,0,0,0,0,0,0,0,0,0,0,0,0,0,0,0.02,0,0,0,0,0,0,0,0,0,0,0,0,0,0,0,0,0,0,0,0.05,0,0,0,0,0,0,0,0,0
OTU870_Faecalibacterium sp003449675,0,0,0,0,0,0,0,0,0,0,0,0,0,0,0,0,0,0,0,0,0,0,0,2,0,0,0,0,0,0,0,0,0,0,0,0,0,0,0,0,0,0,0,0,0,0,0,0,0,0,0,0,0,0,0,0,0,0,0,0,0,0,0,0,0,0,0,0,0,0,0,0,0,0,0,0,0,0,0,0,0,0,0,3.39,0
OTU871_Vescimonas sp900545495,0,0,0,0,0,0,0,0,0,0,0,0,0,0,0,0,0,0,0,0,0,0,0,0.01,0,0,0,0,0,0,0,0,0,0,0,0,0,0,0,0,0,0,0,0,0,0,0,0,0,0,0,0,0,0,0,0,0,0,0,0,0,0,0,0,0,0,0,0,0,0,0,0,0,0,0,0,0,0,0,0,0,0,0,0,0
OTU872_Pseudoflavonifractor_A sp022772585,0,0,0,0,0,0,0,0,0,0,0,0,0,0,0,0,0,0,0,0,0,0,0,0.01,0,0,0,0,0,0,0,0,0,0,0,0,0,0,0,0,0,0,0,0,0,0,0,0,0,0,0,0,0,0,0,0,0,0,0,0,0,0,0,0,0,0,0,0,0,0,0,0,0,0,0,0,0,0,0,0,0,0,0,0,0
OTU873_CAG-269 sp000438255,0,0,0,0,0,0,0,0,0,0,0,0,0,0,0,0,0,0,0,0,0,0,0,0.12,0,0,0,0,0,0,0,0,0,0,0,0,0,0,0,0,0,0,0,0,0,0,0,0,0,0,0,0,0,0,0.06,0,0,0,0,0,0,0,0,0,0,0,0,0,0,0,0,0,0,0,0,0,0,0,0,0,0,0,0,0,0
OTU874_JAETTH01 sp021769225,0,0,0,0,0,0,0,0,0,0,0,0,0,0,0,0,0,0,0,0,0,0,0,0.09,0,0,0,0,0,0,0,0,0,0,0,0,0,0,0,0,0,0,0,0,0,0,0,0,0,0,0,0,0,0,0,0,0,0,0,0,0,0,0,0,0,0,0,0,0,0,0,0,0,0,0,0,0,0,0,0,0,0,0,0,0
OTU875_Clostridium_AQ sp000165065,0,0,0,0,0,0,0,0,0,0,0,0,0,0,0,0,0,0,0,0,0,0,0,0.07,0,0,0,0.01,0,0,0,0,0,0,0,0,0,0,0,0,0,0,0,0,0,0,0,0,0,0.02,0.02,0,0,0,0,0,0.01,0,0,0,0,0,0.01,0,0,0,0,0,0,0,0,0,0,0,0,0.02,0.08,0.27,0.9,0,0,0.04,0,0,0
OTU876_Holdemania massiliensis_A,0,0,0,0,0,0,0,0,0,0,0,0,0,0,0,0,0,0,0,0,0,0,0,0.02,0,0,0,0,0,0,0,0,0,0,0,0,0,0,0,0,0,0,0,0,0,0,0,0,0,0,0,0,0,0,0,0,0,0,0,0,0,0,0,0,0,0,0,0,0,0,0,0,0,0,0,0,0,0,0,0,0,0,0,0,0
OTU877_Fusobacterium periodonticum_B,0,0,0,0,0,0,0,0,0,0,0,0,0,0,0,0,0,0,0,0,0,0,0,0.01,0,0,0,0,0,0,0,0,0,0,0,0,0,0,0,0,0,0,0,0,0,0,0,0,0,0,0,0,0,0,0,0,0,0,0,0,0,0,0,0,0,0,0,0,0,0,0,0,0,0,0,0,0,0,0,0,0,0,0,0,0
OTU878_Limenecus sp944322725,0,0,0,0,0,0,0,0,0,0,0,0,0,0,0,0,0,0,0,0,0,0,0,0.04,0,0,0,0,0,0,0,0,0,0,0,0,0,0,0,0,0,0,0,0,0,0,0,0,0,0,0,0,0,0,0,0,0,0,0,0,0,0,0,0,0,0,0,0,0,0,0,0,0,0,0,0,0,0,0,0,0,0,0,0,0
OTU879_Salmonella enterica,0,0,0,0,0,0,0,0,0,0,0,0,0,0,0,0,0,0,0,0,0,0,0,0,0.01,0,0,0,0,0,0,0,0,0,0,0,0,0,0,0,0,0,0,0,0,0,0,0,0,0,0,0,0,0,0,0,0,0,0,0,0,0,0,0,0,0,0,0,0,0,0,0,0,0,0,0,0,0,0,0,0,0,0,0,0
OTU880_Haemophilus_D parainfluenzae_AE,0,0,0,0,0,0,0,0,0,0,0,0,0,0,0,0,0,0,0,0,0,0,0,0,0.01,0,0,0,0,0,0,0,0,0,0,0,0,0,0,0,0,0,0,0,0,0,0,0,0,0,0,0,0,0,0,0,0,0,0,0,0,0,0,0,0,0,0,0,0,0,0,0,0,0,0,0,0,0,0,0,0,0,0,0,0
OTU881_Senegalimassilia sp900550055,0,0,0,0,0,0,0,0,0,0,0,0,0,0,0,0,0,0,0,0,0,0,0,0,0.03,0,0,0,0,0,0,0,0,0,0,0,0,0,0,0,0,0,0,0,0,0,0,0,0,0,0,0,0,0,0,0,0,0,0,0,0,0,0,0,0,0,0,0,0,0,0,0,0,0,0,0,0,0,0,0,0,0,0,0,0
OTU882_Collinsella sp959019945,0,0,0,0,0,0,0,0,0,0,0,0,0,0,0,0,0,0,0,0,0,0,0,0,0.59,0,0,0,0,0,0,0,1.6,0,0,0,0,0,0,0,0,0,0,0,0,0,0,0,0,0,0,0,0,0,0,0,0,0,0,0,0,0,0,0,0,0,0,0,0,0,0,0,0,0,0,0,0,0,0,0,0,0,0,0,0
OTU883_Collinsella sp900549655,0,0,0,0,0,0,0,0,0,0,0,0,0,0,0,0,0,0,0,0,0,0,0,0,0.53,0,0,0,0,0,0,0,0,0,0,0,0,0,0,0,0,0,0,0,0,0,0,0,0,0,0,0,0,0,0,0,0,0,0,0,0,0,0,0,0,0,0,0,0,0,0,0,0,0,0,0,0,0,0,0,0,0,0,0,0
OTU884_Prevotella copri_I,0,0,0,0,0,0,0,0,0,0,0,0,0,0,0,0,0,0,0,0,0,0,0,0,0.01,0,0,0,0,0,0,0,0,0.86,0.2,0,0,0,0,0,0,0,0,0,0,0,0,0,0,0,0,0,0,0,0,0,0,0,0,0,0,0.01,0,0,0,0,0,0,0,0,0,0,0,0,0,0,0,0,0,0,0,0,0,0,0
OTU885_Methanomassiliicoccus_A intestinalis,0,0,0,0,0,0,0,0,0,0,0,0,0,0,0,0,0,0,0,0,0,0,0,0,0,0,0,0,0,0,0,0,0,0,0,0,0,0,0,0,0,0,0,0,0.08,0,0,0.1,0,0,0,0,0,0,0,0,0,0,0,0,0,0,0,0,0,0,0,0,0,0,0,0,0,0,0,0,0,0,0,0,0,0,0,0,0
OTU886_SFEL01 sp937900325,0,0,0,0,0,0,0,0,0,0,0,0,0,0,0,0,0,0,0,0,0,0,0,0,0,0,0,0,0,0,0,0,0,0,0,0,0,0,0,0,0,0,0,0,0.09,0,0,0.02,0,0,0,0,0,0,0,0,0,0,0,0,0,0,0,0,0,0,0,0,0,0,0,0,0,0,0,0,0,0,0,0,0,0,0,0,0
OTU887_Phil1 sp963608365,0,0,0,0,0,0,0,0,0,0,0,0,0,0,0,0,0,0,0,0,0,0,0,0,0,0,0,0,0,0,0,0,0,0,0,0,0,0,0,0,0,0,0,0,0.13,0,0,0.02,0,0,0,0,0,0,0,0,0,0,0,0,0,0,0,0,0,0,0,0,0,0,0,0,0,0,0,0,0,0,0,0,0,0,0,0,0
OTU888_Limiplasma sp944349545,0,0,0,0,0,0,0,0,0,0,0,0,0,0,0,0,0,0,0,0,0,0,0,0,0,0,0,0,0,0,0,0,0,0,0,0,0,0,0,0,0,0,0,0,0,0,0,0,0,0,0,0,0,0,0,0,0,0,0,0,0,0,0,0,0,0,0,0,0,0,0,0,0,0,0,0,0,0,0,0,0,0,0,0,0
OTU889_CAG-238 sp900551415,0,0,0,0,0,0,0,0,0,0,0,0,0,0,0,0,0,0,0,0,0,0,0,0,0,0,0,0,0,0,0,0,0,0,0,0,0,0,0,0,0,0,0,0,0.04,0,0,0,0,0,0,0,0,0,0,0,0,0,0,0,0,0,0,0,0,0,0,0,0,0,0,0,0,0,0,0,0,0,0,0,0,0,0,0,0
OTU890_UMGS1312 sp900550625,0,0,0,0,0,0,0,0,0,0,0,0,0,0,0,0,0,0,0,0,0,0,0,0,0,0,0,0,0,0,0,0,0,0,0.03,0,0,0,0,0,0,0,0,0,0.12,0,0,0.06,0,0,0,0,0,0,0,0,0,0,0,0,0,0,0,0,0,0,0,0,0,0,0,0,0,0,0,0,0,0,0,0,0,0,0,0,0
OTU891_Merdibacter merdipullorum,0,0,0,0,0,0,0,0,0,0,0,0,0,0,0,0,0,0,0,0,0,0,0,0,0,0,0,0,0,0,0,0,0,0,0,0,0,0,0,0,0,0,0,0,0.05,0,0,0,0,0,0,0,0,0,0,0,0,0,0,0,0,0,0,0,0,0,0,0,0,0,0,0,0,0,0,0,0,0,0,0,0,0,0,0,0
OTU892_Onthousia sp000438295,0,0,0,0,0,0,0,0,0,0,0,0,0,0,0,0,0,0,0,0,0,0,0,0,0,0,0,0,0,0,0,0,0,0,0,0,0,0,0,0,0,0,0,0,0.13,0,0,0,0,0,0,0,0,0,0,0,0,0,0,0,0,0,0,0,0.09,0,0,0,0,0,0,0,0,0,0,0,0,0,0,0,0,0,0,0,0
OTU893_Onthousia sp934130265,0,0,0,0,0,0,0,0,0,0,0,0,0,0,0,0,0,0,0,0,0,0,0,0,0,0,0,0,0,0,0,0,0,0,0,0,0,0,0,0,0,0,0,0,0.03,0,0,0,0,0,0,0,0,0,0,0,0,0,0,0,0,0,0,0,0.03,0,0,0,0,0,0,0,0,0,0,0,0,0,0,0,0,0,0,0,0
OTU894_Collinsella sp900540895,0,0,0,0,0,0,0,0,0,0,0,0,0,0,0,0,0,0,0,0,0,0,0,0,0,0,0,0,0,0,0,0,0,0,0,0,0,0,0,0,0,0,0,0,0,0,0,0,0,0,0,0,0,0,0,0,0,0,0,0,0,0,0,0,0,0,0,0,0,0,0,0,0,0,0,0,0,0,0,0,0,0,0,0,0
OTU895_Enterocloster sp900543885,0,0,0,0,0,0,0,0,0,0,0,0,0,0,0,0,0,0,0,0,0,0,0,0,0,0.04,0,0,0,0,0,0,0,0,0,0,0,0,0,0,0,0,0,0,0,0,0,0,0,0,0,0,0,0,0,0,0,0,0,0,0,0,0,0,0,0,0,0,0,0,0,0,0,0,0,0,0,0,0,0,0,0,0,0,0
OTU896_Pilosibacter sp934370915,0,0,0,0,0,0,0,0,0,0,0,0,0,0,0,0,0,0,0,0,0,0,0,0,0,0.02,0,0,0,0,0,0,0,0,0,0,0,0,0,0,0,0,0,0,0,0,0,0,0,0,0,0,0,0,0,0,0,0,0,0,0,0,0,0,0,0,0,0,0,0,0,0,0,0,0,0,0,0,0,0,0,0,0,0.01,0.02
OTU897_Blautia_A wexlerae_B,0,0,0,0,0,0,0,0,0,0,0,0,0,0,0,0,0,0,0,0,0,0,0,0,0,1.25,0,0,0,0,0,0,0.64,0,0,0,0,0,0,0,0,0,0.08,1.29,0,0,0,0,0,0,0,0,0,0,0,0,0,0,0,0,0,0,0,0,0,0,0,0,0,0,0,0,0,0,0,0,0,0,0,0,0,0,0,0,0
OTU898_Blautia_A luti,0,0,0,0,0,0,0,0,0,0,0,0,0,0,0,0,0,0,0,0,0,0,0,0,0,0.11,0,0,0,0,0,0,0,0,0,0,0,0,0,0,0,0,0,0,0,0,0,0,0,0,0,0,0,0,0,0,0,0,0,0,0,0,0,0,0,0,0,0,0,0,0,0,0,0,0,0,0,0,0,0,0,0,0,0,0
OTU899_Roseburia rectibacter,0,0,0,0,0,0,0,0,0,0,0,0,0,0,0,0,0,0,0,0,0,0,0,0,0,0.07,0,0.29,0,0,0,0,0,0,0,0,0.1,0,0,0,0,0,0,1.73,0,0,0,0,0,0,0,0.08,0,0,0,0,0,0,0,0,0,0,0,0,0,0,0,0,0,0,0,0,0,0,0,0,0,0,0,0,0,0,0,0,0
OTU900_Collinsella aerofaciens_R,0,0,0,0,0,0,0,0,0,0,0,0,0,0,0,0,0,0,0,0,0,0,0,0,0,3.13,0,0,0,0,0,0,0,0,0,0,0,0,0,0,0,0,0,0,0,0,0,0,0,0,0,0,0,0,0,0,0,0,0,0,0,0,0,0,0,0,0,0,0,0,0,0,0,0,0,0,0,0,0,0,0,0,0,0,0
OTU901_Haemophilus_D parainfluenzae_AD,0,0,0,0,0,0,0,0,0,0,0,0,0,0,0,0,0,0,0,0,0,0,0,0,0,0.04,0,0,0,0,0,0,0,0,0,0.02,0,0,0,0,0.01,0.01,0,0,0,0,0,0,0,0,0,0,0,0,0,0,0,0,0,0,0,0,0,0,0,0,0,0,0,0,0,0,0.02,0,0,0,0,0,0,0,0,0,0,0,0
OTU902_Haemophilus_D parainfluenzae_M,0,0,0,0,0,0,0,0,0,0,0,0,0,0,0,0,0,0,0,0,0,0,0,0,0,0.03,0,0,0,0,0,0,0,0,0,0.02,0,0,0,0,0,0.01,0,0,0,0,0,0,0,0,0,0,0,0,0,0,0,0.01,0,0,0,0,0,0,0,0,0,0,0,0,0,0,0,0,0,0,0,0,0,0,0,0,0,0,0
OTU903_Haemophilus_D sp900764435,0,0,0,0,0,0,0,0,0,0,0,0,0,0,0,0,0,0,0,0,0,0,0,0,0,0.03,0,0,0,0,0,0,0,0,0,0,0,0,0,0,0,0,0,0,0,0,0,0,0,0,0,0,0,0,0,0,0,0,0,0,0,0,0,0,0,0,0,0,0,0,0,0,0,0,0,0,0,0,0,0,0,0,0,0,0
OTU904_Pseudomonas_E proteolytica,0,0,0,0,0,0,0,0,0,0,0,0,0,0,0,0,0,0,0,0,0,0,0,0,0,0.17,0,0,0,0,0,0,0,0,0,0,0,0,0,0,0,0,0,0,0,0,0,0,0,0,0,0,0,0,0,0,0,0,0,0,0,0,0,0,0,0,0,0,0,0,0,0,0,0,0,0,0,0,0,0,0,0,0,0,0
OTU905_Pseudomonas_E helleri,0,0,0,0,0,0,0,0,0,0,0,0,0,0,0,0,0,0,0,0,0,0,0,0,0,0.03,0,0,0,0,0,0,0,0,0,0,0,0,0,0,0,0,0,0,0,0,0,0,0,0,0,0,0,0,0,0,0,0,0,0,0,0,0,0,0,0,0,0,0,0,0,0,0,0,0,0,0,0,0,0,0,0,0,0,0
OTU906_Prevotella sp900313215,0,0,0,0,0,0,0,0,0,0,0,0,0,0,0,0,0,0,0,0,0,0,0,0,0,9.88,3.78,0,0,0,0,0,0,0,0,0,0,0,0,0,0,0,0,0,0,0,3.78,0,0,0,0,0,0,0,0,0,0,0,9.3,0,0,0,0,0,0,0.03,0,0,0,0,0,0,0,0,0,0,0,0,0,0,0,0,0,0,0
OTU907_Prevotella copri_C,0,0,0,0,0,0,0,0,0,0,0,0,0,0,0,0,0,0,0,0,0,0,0,0,0,5.07,0,0,0,0,0,0,0,0,0,0,0,0,0,0,0,0,0,0,0,0,0,0,0,0,0,0,0,0,0.02,0,0,0,0,0,0,0,0,0,0,0,0,0,0,0,0,0,0,0,0,0,0,0,0,0,0,0,0,0,0
OTU908_Moryella longum,0,0,0,0,0,0,0,0,0,0,0,0,0,0,0,0,0,0,0,0,0,0,0,0,0,0,0.02,0,0,0,0,0,0,0,0,0,0,0,0,0,0,0,0,0,0,0,0,0,0,0,0,0,0,0,0,0,0,0,0,0,0,0,0,0,0,0,0,0,0,0,0,0,0,0,0,0,0,0,0,0,0,0,0,0,0
OTU909_Moryella sp937924975,0,0,0,0,0,0,0,0,0,0,0,0,0,0,0,0,0,0,0,0,0,0,0,0,0,0,0.01,0,0,0,0,0,0,0,0,0,0,0,0,0,0,0,0,0,0,0,0,0,0,0,0,0,0,0,0,0,0,0,0,0,0,0,0,0,0,0,0,0,0,0,0,0,0,0,0,0,0,0,0,0,0,0,0,0,0
OTU910_F0428 sp003043955,0,0,0,0,0,0,0,0,0,0,0,0,0,0,0,0,0,0,0,0,0,0,0,0,0,0,0.23,0,0,0,0,0,0,0,0,0,0,0,0,0,0,0,0,0,0,0,0,0,0,0,0,0,0,0,0,0,0,0,0,0,0,0,0,0,0,0,0,0,0,0,0,0,0,0,0,0,0,0,0,0,0,0,0,0,0
OTU911_Bulleidia sp938041275,0,0,0,0,0,0,0,0,0,0,0,0,0,0,0,0,0,0,0,0,0,0,0,0,0,0,0.01,0,0,0,0,0,0,0,0,0,0,0,0,0,0,0,0,0,0,0,0,0,0,0,0,0,0,0,0,0,0,0,0,0,0,0,0,0,0,0,0,0,0,0,0,0,0,0,0,0,0,0,0,0,0,0,0,0,0
OTU912_Veillonella sp019414865,0,0,0,0,0,0,0,0,0,0,0,0,0,0,0,0,0,0,0,0,0,0,0,0,0,0,0.15,0,0,0,0,0,0,0,0,0,0,0,0,0,0,0,0,0,0,0,0,0,0,0,0,0,0,0,0,0,0,0,0,0,0,0,0,0,0,0,0,0,0,0,0,0,0,0,0,0,0,0,0,0,0,0,0,0,0
OTU913_Haemophilus_D sp927911595,0,0,0,0,0,0,0,0,0,0,0,0,0,0,0,0,0,0,0,0,0,0,0,0,0,0,0.08,0,0,0,0,0,0.01,0,0,0,0,0,0,0,0,0,0,0,0,0,0,0,0,0,0,0,0,0,0,0,0,0.03,0,0,0,0,0,0,0,0,0,0,0,0,0,0,0,0,0,0,0,0,0,0,0,0,0,0,0
OTU914_Pauljensenia sp963531605,0,0,0,0,0,0,0,0,0,0,0,0,0,0,0,0,0,0,0,0,0,0,0,0,0,0,0.03,0,0,0,0,0,0,0,0,0,0,0,0,0,0,0,0,0,0,0,0,0,0,0,0,0,0,0,0,0,0,0,0,0,0,0,0,0,0,0,0,0,0,0,0,0,0,0,0,0,0,0,0,0,0,0,0,0,0
OTU915_Pauljensenia variabilis,0,0,0,0,0,0,0,0,0,0,0,0,0,0,0,0,0,0,0,0,0,0,0,0,0,0,0.04,0,0,0,0,0,0,0,0,0,0,0,0,0,0,0,0,0,0,0,0,0,0,0,0,0,0,0,0,0,0,0,0,0,0,0.04,0,0,0,0,0,0,0,0.04,0,0,0,0,0,0,0,0,0,0,0,0,0,0,0
OTU916_Actinomyces johnsonii,0,0,0,0,0,0,0,0,0,0,0,0,0,0,0,0,0,0,0,0,0,0,0,0,0,0,0.02,0,0,0,0,0,0,0,0,0,0,0,0,0,0,0,0,0,0,0,0,0,0,0,0,0,0,0,0,0,0,0,0,0,0,0,0,0,0,0,0,0,0,0,0,0,0,0,0,0,0,0,0,0,0,0,0,0,0
OTU917_Rothia sp001836735,0,0,0,0,0,0,0,0,0,0,0,0,0,0,0,0,0,0,0,0,0,0,0,0,0,0,0.01,0,0,0,0,0,0,0,0,0,0,0,0,0,0,0,0,0,0,0,0,0,0,0,0,0,0,0,0,0,0,0,0,0,0,0,0,0,0,0,0,0,0,0,0,0,0,0,0,0,0,0,0,0,0,0,0,0,0
OTU918_Collinsella aerofaciens_AU,0,0,0,0,0,0,0,0,0,0,0,0,0,0,0,0,0,0,0,0,0,0,0,0,0,0,0.75,0,0,0,0,0,0,0,0,0,0,0,0,0,0,0,0,0,0,0,0,0,0,0,0,0,0,0,0,0,0,0,1.16,0,0,0,0,0,0,0,0,0,0,0,0,0,0,0,0,0,0,0,0,0,0,0,0,0,0
OTU919_Collinsella sp900765115,0,0,0,0,0,0,0,0,0,0,0,0,0,0,0,0,0,0,0,0,0,0,0,0,0,0,0.96,0,0,0,0,0,0,0,0,0,0,0,0,0,0,0,0,0,0,0,0,0,0,0,0,0,0,0,0,0,0,0,0,0,0,0,0,0,0,0,0,0,0,0,0,0,0,0,0,0,0,0,0,0,0,0,0,0,0
OTU920_Collinsella aerofaciens_BN,0,0,0,0,0,0,0,0,0,0,0,0,0,0,0,0,0,0,0,0,0,0,0,0,0,0,0,0.66,0,0,0,0,0,0,0,0,0,0,0,0,0,0,0,0,0,0,0,0,0,0,0,0,0,0,0,0,0,0,0,0,0,0,0,0,0,0,0,0,0,0,0,0,0,0,0,0,0,0,0,0,0,0,0,0,0
OTU921_Collinsella sp900541065,0,0,0,0,0,0,0,0,0,0,0,0,0,0,0,0,0,0,0,0,0,0,0,0,0,0,0,0.83,0,0,0,0,0,0,0,0,0,0,0,0,0,0,0,0,0,0,0,0,0,0,0,0,0,0,0,0,0,0,0,0,0,0,0,0,0,0,0,0,0,0,0,0,0,0,0,0,0,0,0,0,0,0,0,0,0
OTU922_Collinsella sp900545605,0,0,0,0,0,0,0,0,0,0,0,0,0,0,0,0,0,0,0,0,0,0,0,0,0,0,0,0.3,0,0,0,0,0,0,0,0,0,0,0,0,0,0,0,0,0,0,0,0,0,0,0,0,0,0,0,0,0,0,0,0,0,0,0,0,0,0,0,0,0,0,0,0,0,0,0,0,0,0,0,0,0,0,0,0,0
OTU923_Collinsella sp902478885,0,0,0,0,0,0,0,0,0,0,0,0,0,0,0,0,0,0,0,0,0,0,0,0,0,0,0,0.65,0,0,0,0,0,0,0,0,0,0,0,0,0,0,0,0,0,0,0,0,0,0,0,0,0,0,0,0,0,0,0,0,0,0,0,0,0,0,0,0,0,0,0,0,0,0,0,0,0,0,0,0,0,0,0,0,0
OTU924_Escherichia ruysiae,0,0,0,0,0,0,0,0,0,0,0,0,0,0,0,0,0,0,0,0,0,0,0,0,0,0,0,0.09,0,0,0,0,0,0,0,0.11,0,0,0.02,0,0,0,0,0,0,0,0,0,0,0,0,0,0,0,0,0,0,0,0,0,0,0,0,0,0,0,0,0,0,0.45,0,0,0,0,0,0,0,0,0,0,0,0,0,0,0
OTU925_Prevotella corporis,0,0,0,0,0,0,0,0,0,0,0,0,0,0,0,0,0,0,0,0,0,0,0,0,0,0,0,0.03,0,0,0,0,0,0,0,0,0,0,0,0,0,0,0,0,0,0,0,0,0,0,0,0,0,0,0,0.12,0,0,0,0,0,0,0.03,0,0,0,0,0,0,0,0,0,0,0,0,0,0,0,0,0,0,0,0,0,0
OTU926_CAG-1031 sp000431215,0,0,0,0,0,0,0,0,0,0,0,0,0,0,0,0,0,0,0,0,0,0,0,0,0,0,0,0.61,0,0,0,0,0,0,0,0,0,0,0,0,0,0,0,0,0,0,0,0,0,0,0,0,0,0,0,0,0,0,0,0,0,0,0,0,0,0,0,0,0,0,0,0,0,0,0,0,0,0,0,0,0,0,0,0,0
OTU927_Akkermansia sp021202525,0,0,0,0,0,0,0,0,0,0,0,0,0,0,0,0,0,0,0,0,0,0,0,0,0,0,0,0.08,0,0,0,0,0,0,0.08,0,0,0,0,0,0,0,0,0,0,0,0,0,0,0,0,0,0,0,0,0,0,0,0,0,0,0,0,0,0,0,0,0,0,0,0,0,0,0,0,0,0,0,0,0,0,0,0,0,0
OTU928_Hominicoprocola sp937884915,0,0,0,0,0,0,0,0,0,0,0,0,0,0,0,0,0,0,0,0,0,0,0,0,0,0,0,0,0.03,0,0,0,0,0,0,0,0,0,0,0,0,0,0,0,0,0,0,0,0,0,0,0,0,0,0,0,0,0,0,0,0,0,0,0,0,0,0,0,0,0,0,0,0,0,0,0,0,0,0,0,0,0,0,0,0
OTU929_Veillonella parvula_E,0,0,0,0,0,0,0,0,0,0,0,0,0,0,0,0,0,0,0,0,0,0,0,0,0,0,0,0,0.03,0,0,0,0,0,0,0,0,0,0,0,0,0,0.03,0,0,0,0,0,0,0,0,0,0,0,0,0,0,0,0,0,0,0,0,0,0,0,0,0,0,0,0,0,0,0,0,0,0,0,0,0,0,0,0,0,0
OTU930_Limosilactobacillus sp039955095,0,0,0,0,0,0,0,0,0,0,0,0,0,0,0,0,0,0,0,0,0,0,0,0,0,0,0,0,0.13,0,0,0,0,0,0,0,0,0,0,0,0,0,0,0,0,0,0,0,0,0,0,0,0,0,0,0,0,0,0,0,0,0,0,0,0,0,0,0,0,0,0,0,0,0,0,0,0,0,0,0,0,0,0,0,0
OTU931_Lacticaseibacillus paracasei,0,0,0,0,0,0,0,0,0,0,0,0,0,0,0,0,0,0,0,0,0,0,0,0,0,0,0,0,0.02,0,0,0.02,0,0,0,0,0,0,0,0,0,0,0,0,0,0,0,0,0,0,0,0,0,0,0,0,0,0,0,0,0,0,0,0,0,0,0.13,0,0,0,0,0,0,0,0,0,0.01,0,0,0,0,0,0,0,0
OTU932_Haemophilus_D parainfluenzae_Q,0,0,0,0,0,0,0,0,0,0,0,0,0,0,0,0,0,0,0,0,0,0,0,0,0,0,0,0,0.02,0,0,0,0,0,0,0,0,0,0,0,0,0,0,0,0,0,0,0,0,0,0,0,0,0,0,0,0,0.03,0,0,0,0.01,0,0,0,0,0,0.01,0,0,0,0,0,0,0,0,0,0,0,0,0,0,0,0,0
OTU933_Haemophilus_D parainfluenzae_Z,0,0,0,0,0,0,0,0,0,0,0,0,0,0,0,0,0,0,0,0,0,0,0,0,0,0,0,0,0.03,0,0,0,0,0,0,0,0,0,0,0,0,0,0,0,0,0,0,0,0,0,0,0,0,0,0,0,0,0,0,0,0,0,0,0,0,0,0,0,0,0,0,0,0.01,0,0,0,0,0,0,0,0,0,0,0,0
OTU934_Haemophilus_D parainfluenzae_N,0,0,0,0,0,0,0,0,0,0,0,0,0,0,0,0,0,0,0,0,0,0,0,0,0,0,0,0,0.01,0,0,0,0,0,0,0.03,0,0,0,0,0,0,0,0,0,0,0,0,0,0,0,0,0,0,0,0,0,0.05,0.09,0,0,0,0,0,0,0,0,0,0,0,0,0,0,0,0,0,0,0,0,0,0,0,0,0,0
OTU935_Haemophilus_D sp900756155,0,0,0,0,0,0,0,0,0,0,0,0,0,0,0,0,0,0,0,0,0,0,0,0,0,0,0,0,0.02,0,0,0,0,0,0,0,0,0,0,0,0,0,0,0,0,0,0,0,0,0,0,0,0,0,0,0,0,0,0,0,0,0,0,0,0,0,0,0,0,0,0,0,0.01,0,0,0,0,0,0,0,0,0,0,0,0
OTU936_Collinsella sp900547855,0,0,0,0,0,0,0,0,0,0,0,0,0,0,0,0,0,0,0,0,0,0,0,0,0,0,0,0,0.23,0,0,0,0,0,0,0,0,0,0,0,0,0,0,0,0,0,0,0,0,0,0,0,0,0,0,0,0,0,0,0,0,0,0,0,0,0,0,0,0,0,0,0,0,0,0,0,0,0,0,0,0,0,0,0,0
OTU937_Brotaphodocola sp003481825,0,0,0,0,0,0,0,0,0,0,0,0,0,0,0,0,0,0,0,0,0,0,0,0,0,0,0,0,0,0.03,0,0,0,0,0,0,0,0,0,0,0,0,0,0,0,0,0,0,0,0,0,0,0,0,0,0,0,0,0,0,0,0,0,0,0,0,0,0,0,0,0,0,0,0,0,0,0,0,0,0,0,0,0,0,0
OTU938_Blautia sp900541955,0,0,0,0,0,0,0,0,0,0,0,0,0,0,0,0,0,0,0,0,0,0,0,0,0,0,0,0,0,0.02,0,0,0,0,0,0,0,0,0,0,0,0,0.66,1.92,0,0,0,0,0,0,0.03,0,0,0,0,0,0.02,0,0,0,0,0,0,0,0,0,0,0,0,0,0,0,0,0,0,0,0,0,0,0,0,0,0,0,0
OTU939_Bifidobacterium breve,0,0,0,0,0,0,0,0,0,0,0,0,0,0,0,0,0,0,0,0,0,0,0,0,0,0,0,0,0,0.43,0,0,0,0,0,0,0,0,0,0,0,0,0,0,0,0,0,0,0,0,0,0,0,0,0.17,0,0,0,0,0,0,0,0,0,0,0,0,0,0,0,0,0,0,0,0,0,0,0,0,0,0,0,0,0,0
OTU940_Mesosutterella multiformis,0,0,0,0,0,0,0,0,0,0,0,0,0,0,0,0,0,0,0,0,0,0,0,0,0,0,0,0,0,0.61,0,0,0,0,0,0,0,0,0,0,0,0,0,0,0,0,0,0,0,0,0,0.01,0,0,0,0,0,0,0,0,0,0,0,0,0,0,0,0,0,0,0,0,0,0,0,0,0,0,0,0,0,0,0,0,0
OTU941_Alistipes sp001941065,0,0,0,0,0,0,0,0,0,0,0,0,0,0,0,0,0,0,0,0,0,0,0,0,0,0,0,0,0,0.32,0,0,0,0,0,0,0,0,0,0,0,0,0,0,0,0,0,0,0,0,0,0,0,0,0,0,0,0,0,0,0,0,0,0,0,0,0,0,0,0,0,0,0,0,0,0,0,0,0,0,0,0,0,0,0
OTU942_Klebsiella planticola,0,0,0,0,0,0,0,0,0,0,0,0,0,0,0,0,0,0,0,0,0,0,0,0,0,0,0,0,0,0,0.14,0,0,0,0,0,0,0,0,0,0,0,0,0,0,0,0,0,0,0,0,0,0,0,0,0,0,0,0,0,0,0,0,0,0,0,0,0,0,0,0,0,0,0,0,0,0,0,0,0,0,0,0,0,0
OTU943_Klebsiella ornithinolytica,0,0,0,0,0,0,0,0,0,0,0,0,0,0,0,0,0,0,0,0,0,0,0,0,0,0,0,0,0,0,0.65,0,0,0,0,0,0,0,0,0,0,0,0,0,0,0,0,0,0,0,0,0,0,0,0,0,0,0,0,0,0,0,0,0,0,0,0,0,0,0,0,0,0,0,0,0,0,0,0,0,0,0,0,0,0
OTU944_Enterobacter kobei,0,0,0,0,0,0,0,0,0,0,0,0,0,0,0,0,0,0,0,0,0,0,0,0,0,0,0,0,0,0,0.05,0,0,0,0,0,0,0,0,0,0,0,0,0,0,0,0,0,0,0,0,0,0,0,0,0,0,0,0,0,0,0,0,0,0,0,0,0,0,0,0,0,0,0,0,0,0,0,0,0,0,0,0,0,0
OTU945_Bifidobacterium sp959020145,0,0,0,0,0,0,0,0,0,0,0,0,0,0,0,0,0,0,0,0,0,0,0,0,0,0,0,0,0,0,0.05,0,0,0,0,0,0,0,0,0,0,0,0,0,0,0,0,0,0,0,0,0,0,0,0,0,0,0,0,0,0,0,0,0,0,0,0,0,0,0,0,0,0.19,0,0,0,0,0,0,0,0,0,0,0,0
OTU946_Pseudoflavonifractor_A sp018374635,0,0,0,0,0,0,0,0,0,0,0,0,0,0,0,0,0,0,0,0,0,0,0,0,0,0,0,0,0,0,0,0.05,0,0,0,0,0,0,0,0,0,0,0,0,0,0,0,0,0,0,0,0,0,0,0,0,0,0,0,0,0,0,0,0,0,0,0.01,0,0,0,0,0,0,0,0,0,0,0,0,0,0,0,0,0,0
OTU947_Eubacterium_R sp963661525,0,0,0,0,0,0,0,0,0,0,0,0,0,0,0,0,0,0,0,0,0,0,0,0,0,0,0,0,0,0,0,0.03,0.02,0,0,0,0,0,0,0,0,0,0,0,0,0,0,0,0,0,0,0,0,0,0,0,0,0,0,0,0,0,0,0,0,0,0,0,0,0,0,0,0,0,0,0,0,0,0,0,0,0,0,0,0
OTU948_Eubacterium_I sp934295145,0,0,0,0,0,0,0,0,0,0,0,0,0,0,0,0,0,0,0,0,0,0,0,0,0,0,0,0,0,0,0,0.01,0,0,0,0,0,0,0,0,0,0,0,0,0,0,0,0,0,0,0,0,0,0,0,0,0,0,0,0,0,0,0,0,0,0,0,0,0,0,0,0,0,0,0,0,0,0,0,0,0,0,0,0,0
OTU949_UBA9414 sp003458885,0,0,0,0,0,0,0,0,0,0,0,0,0,0,0,0,0,0,0,0,0,0,0,0,0,0,0,0,0,0,0,0.01,0,0,0,0,0,0,0,0,0,0,0,0,0,0,0,0,0,0,0,0,0,0,0,0,0,0,0,0,0,0,0,0,0,0,0,0.19,0.65,0,0,0,0,0,0,0,0,0,0,0,0,0,0,0,0
OTU950_Eubacterium_G sp900548465,0,0,0,0,0,0,0,0,0,0,0,0,0,0,0,0,0,0,0,0,0,0,0,0,0,0,0,0,0,0,0,0.7,0,0,0,0,0,0,0,0,0,0,0,0,0,0,0,0,0,0,0,0,0,0,0.09,0,0,0,0,0,0,0,0,0,0,0,0,0,0,0,0,0,0,0,0.34,0,0,0,0,0.03,0.5,0,0,0,0
OTU951_JAGZHZ01 sp018366495,0,0,0,0,0,0,0,0,0,0,0,0,0,0,0,0,0,0,0,0,0,0,0,0,0,0,0,0,0,0,0,0.01,0,0,0,0,0,0,0,0,0,0,0,0,0,0,0,0,0,0,0,0,0,0,0,0,0,0,0,0,0,0,0,0,0,0,0,0.01,0.11,0,0,0,0,0,0,0,0,0,0,0,0,0,0,0,0
OTU952_Ligilactobacillus animalis,0,0,0,0,0,0,0,0,0,0,0,0,0,0,0,0,0,0,0,0,0,0,0,0,0,0,0,0,0,0,0,0.05,0,0,0,0,0,0,0,0,0,0,0,0,0,0,0,0,0,0,0,0,0,0,0,0,0,0,0,0,0,0,0,0,0,0,0,0,0,0,0,0,0,0,0,0,0,0,0,0,0,0,0,0,0
OTU953_Lacticaseibacillus rhamnosus,0,0,0,0,0,0,0,0,0,0,0,0,0,0,0,0,0,0,0,0,0,0,0,0,0,0,0,0,0,0,0,0.04,0,0,0,0,0,0,0,0,0,0,0,0,0,0,0,0,0,0,0,0,0,0,0,0,0,0,0,0,0,0,0,0,0,0,0.36,0,0,0,0,0,0,0,0,0,0,0,0,0,0,0,0.11,0,0
OTU954_Collinsella sp900541855,0,0,0,0,0,0,0,0,0,0,0,0,0,0,0,0,0,0,0,0,0,0,0,0,0,0,0,0,0,0,0,0.23,0,0,0,0,0,0,0,0,0,0,0,0,0,0,0,0,0,0,0,0,0,0,0,0,0,0,0,0,0,0,0,0,0,0,0,0,0,0,0,0,0,0,0,0,0,0,0,0,0,0,0,0,0
OTU955_Collinsella sp902491935,0,0,0,0,0,0,0,0,0,0,0,0,0,0,0,0,0,0,0,0,0,0,0,0,0,0,0,0,0,0,0,0.44,0,0,0,0,0,0,0,0,0,0,0,0,0,0,0,0,0,0,0,0,0,0,0,0,0,0,0,0,0,0,0,0,0,0,0,0,0,0,0,0,0,0,0,0,0,0,0,0,0,0,0,0,0
OTU956_Phocaeicola sp019414725,0,0,0,0,0,0,0,0,0,0,0,0,0,0,0,0,0,0,0,0,0,0,0,0,0,0,0,0,0,0,0,2.41,0,0,0,0,0,0,0,0,0,0,0,0,0,0,0,0,0,0,0,0,0,0,0,0,0,0,0,0,0,0,0,0,0,0,0,0,0,0,0,0,0,0,0,0,0,0,0,0,0,0,0,0,0
OTU957_Collinsella sp018368055,0,0,0,0,0,0,0,0,0,0,0,0,0,0,0,0,0,0,0,0,0,0,0,0,0,0,0,0,0,0,0,0,1.88,0,0,0,0,0,0,0,0,0,0,0,0,0,0,0,0,0,0,0,0,0,0,0,0,0,0,0,0,0,0,0,0,0,0,0,0,0,0,0,0,0,0,0,0,0,0,0,0,0,0,0,0
OTU958_Paratractidigestivibacter sp003150175,0,0,0,0,0,0,0,0,0,0,0,0,0,0,0,0,0,0,0,0,0,0,0,0,0,0,0,0,0,0,0,0,2.66,0,0,0,0,0,0,0,0,0,0,0,0,0,0,0,0,0,0,0,0,0,0,0,0,0,0,0,0,0,0,0,0,0,0,0,0,0,0,0,0,0,0,0,0,0,0,0,0,0,0,0,0
OTU959_Paratractidigestivibacter faecalis,0,0,0,0,0,0,0,0,0,0,0,0,0,0,0,0,0,0,0,0,0,0,0,0,0,0,0,0,0,0,0,0,0.06,0,0,0,0,0,0,0,0,0,0,0,0,0,0,0,0,0,0,0,0,0,0,0,0,0,0,0,0,0,0,0,0,0,0,0,0,0,0,0,0,0,0,0,0,0,0,0,0,0,0,0,0
OTU960_QAMH01 sp003149935,0,0,0,0,0,0,0,0,0,0,0,0,0,0,0,0,0,0,0,0,0,0,0,0,0,0,0,0,0,0,0,0,0.01,0,0,0,0,0,0,0,0,0,0,0,0,0,0,0,0,0,0,0,0,0,0,0,0,0,0,0,0,0,0,0,0,0,0,0,0,0,0,0,0,0,0,0,0,0,0,0,0,0,0,0,0
OTU961_Dialister sp934193095,0,0,0,0,0,0,0,0,0,0,0,0,0,0,0,0,0,0,0,0,0,0,0,0,0,0,0,0,0,0,0,0,0.28,0,0,0,0,0,0,0,0,0,0,0,0,0,0,0,0,0,0,0,0,0,0,0,0,0,0,0,0,0,0,0,0,0,0,0,0,0,0,0,0,0,0,0,0,0,0,0,0,0,0,0,0
OTU962_Dialister sp021633965,0,0,0,0,0,0,0,0,0,0,0,0,0,0,0,0,0,0,0,0,0,0,0,0,0,0,0,0,0,0,0,0,0.75,0,0,0,0,0,0,0,0,0,0,0,0,0,0,0,0,0,0,0,0,0,0,0,0,0,0,0,0,0,0,0,0,0,0,0,0,0,0,0,0,0,0,0,0,0,0,0,0,0,0,0,0
OTU963_Dialister saccharivorans_A,0,0,0,0,0,0,0,0,0,0,0,0,0,0,0,0,0,0,0,0,0,0,0,0,0,0,0,0,0,0,0,0,0.25,0,0,0,0,0,0,0,0,0,0,0,0,0,0,0,0,0,0,0,0,0,0,0,0,0,0.39,0,0,0,0,0,0,0,0,0,0,0,0,0,0,0,0,0,0,0,0,0,0,0,0,0,0
OTU964_Megasphaera intestinihominis,0,0,0,0,0,0,0,0,0,0,0,0,0,0,0,0,0,0,0,0,0,0,0,0,0,0,0,0,0,0,0,0,1.46,0,0,0,0,0,0,0,0,0,0,0,0,0,0,0,0,0,0,0,0,0,0,0,0,0,0,0,0,0,0,0,0,0,0,0,0,0,0,0,0,0,0,0,0,0,0,0,0,0,0,0,0
OTU965_Mitsuokella jalaludinii,0,0,0,0,0,0,0,0,0,0,0,0,0,0,0,0,0,0,0,0,0,0,0,0,0,0,0,0,0,0,0,0,3.51,0,0,0,0,0,0,0,0,0,0.01,0,0,0,0,0,0,0,0,0,0,0,0,0,0,0,0,0,0,0,0,0,0,0,0,0,0,0,0,0,0,0,0,0,0,0,0,0,0,0,0,0,0
OTU966_Muricoprocola aceti,0,0,0,0,0,0,0,0,0,0,0,0,0,0,0,0,0,0,0,0,0,0,0,0,0,0,0,0,0,0,0,0,0.01,0,0,0,0,0.05,0,0,0,0,0,0,0,0,0,0,0,0,0,0,0.01,0,0.11,0.02,0,0,0,0,0,0,0,0,0,0,0,0,0,0,0,0,0,0,0,0,0,0,0,0,0,0,0,0,0
OTU967_Streptococcus parasanguinis_L,0,0,0,0,0,0,0,0,0,0,0,0,0,0,0,0,0,0,0,0,0,0,0,0,0,0,0,0,0,0,0,0,0.02,0,0,0,0,0,0,0,0,0,0,0,0,0,0,0,0,0,0,0,0,0,0,0,0,0,0,0,0,0,0,0,0,0,0,0,0,0,0,0,0,0,0,0,0,0,0,0,0,0,0,0,0
OTU968_Alloprevotella sp000437675,0,0,0,0,0,0,0,0,0,0,0,0,0,0,0,0,0,0,0,0,0,0,0,0,0,0,0,0,0,0,0,0,2.08,0,0,0,0,0,0,0,0,0,0,0,0,0,0.44,0,0,0,0,0,0,0,0,0,0,0,0.85,0,0,0,0,0,0,0,0,0,0,0,0,0,0,0,0,0,0,0,0,0,0,0,0,0,0
OTU969_Limisoma sp000437795,0,0,0,0,0,0,0,0,0,0,0,0,0,0,0,0,0,0,0,0,0,0,0,0,0,0,0,0,0,0,0,0,1.11,0,0,0,0,0,0,0,0,0,0,0,0,0,0.7,0,0,0,0,0,0,0,0,0,0,0,0.57,0,0,0,0,0,0,0,0,0,0,0,0,0,0,0,0,0,0,0,0,0,0,0,0,0,0
OTU970_Faecalibacterium intestinale,0,0,0,0,0,0,0,0,0,0,0,0,0,0,0,0,0,0,0,0,0,0,0,0,0,0,0,0,0,0,0,0,0,2.27,0,2.55,0,0,0,0,0,0,0,0,0,0,0,0,0,0,0.67,0,0,0,0,0,0,0,0,0,1.75,0,0,0,0,0,0,0,0,0,0,0,0,0,0,0,0,0,0,0,0,0,0,8.66,4.3
OTU971_CAG-349 sp003539515,0,0,0,0,0,0,0,0,0,0,0,0,0,0,0,0,0,0,0,0,0,0,0,0,0,0,0,0,0,0,0,0,0,0.27,0,0,0,0,0,0,0,0,0,0,0,0,0,0,0,0,0,0,0,0,0,0,0,0,0,0,0,0,0,0,0,0,0,0,0,0,0,0,0,0,0,0,0,0,0,0,0,0,0,0,0
OTU972_CAG-452 sp000434035,0,0,0,0,0,0,0,0,0,0,0,0,0,0,0,0,0,0,0,0,0,0,0,0,0,0,0,0,0,0,0,0,0,0.44,0,0,0,0,0,0,0,0,0,0,0,0,0,0,0,0,0,0,0,0,0,0,0,0,0,0,0,0,0,0,0,0,0,0,0,0,4.4,0,0,0,0,0,0,0,0,0,0,0,0,0,0
OTU973_Onthocola_B sp000437355,0,0,0,0,0,0,0,0,0,0,0,0,0,0,0,0,0,0,0,0,0,0,0,0,0,0,0,0,0,0,0,0,0,0.05,0,0,0,0,0,0,0,0,0,0,0,0,0,0.02,0,0,0,0,0,0,0,0,0,0,0,0,0,0,0,0,0,0,0,0,0,0,0,0,0,0,0,0,0,0,0,0,0,0,0,0,0
OTU974_URXU01 sp949285135,0,0,0,0,0,0,0,0,0,0,0,0,0,0,0,0,0,0,0,0,0,0,0,0,0,0,0,0,0,0,0,0,0,0.03,0,0,0,0,0,0,0,0,0,0,0,0,0,0,0,0,0,0,0,0,0,0,0,0,0,0,0,0,0,0,0,0,0,0,0,0,0,0,0,0,0,0,0,0,0,0,0,0,0,0,0
OTU975_URXU01 sp900541915,0,0,0,0,0,0,0,0,0,0,0,0,0,0,0,0,0,0,0,0,0,0,0,0,0,0,0,0,0,0,0,0,0,0.18,1.02,0,0,0,0,0,0,0,0,0,0,0,0,0,0,0,0,0,0,0,0,0,0,0,0,0,0,0,0,0,0,0,0,0,0,0,0,0,0,0,0,0,0,0,0,0,0,0,0,0,0
OTU976_URXU01 sp900552005,0,0,0,0,0,0,0,0,0,0,0,0,0,0,0,0,0,0,0,0,0,0,0,0,0,0,0,0,0,0,0,0,0,0.16,1.12,0,0,0,0,0,0,0,0,0,0,0,0,0,0,0,0,0,0,0,0,0,0,0,0,0,0,0,0,0,0,0,0,0,0,0,0,0,0,0,0,0,0,0,0,0,0,0,0,0,0
OTU977_URXU01 sp947629685,0,0,0,0,0,0,0,0,0,0,0,0,0,0,0,0,0,0,0,0,0,0,0,0,0,0,0,0,0,0,0,0,0,0.02,0,0,0,0,0,0,0,0,0,0,0,0,0,0,0,0,0,0,0,0,0,0,0,0,0,0,0,0,0,0,0,0,0,0,0,0,0,0,0,0,0,0,0,0,0,0,0,0,0,0,0
OTU978_Borkfalkia stercoripullorum,0,0,0,0,0,0,0,0,0,0,0,0,0,0,0,0,0,0,0,0,0,0,0,0,0,0,0,0,0,0,0,0,0,0,0.03,0,0,0,0,0,0,0,0,0,0,0,0,0,0,0,0,0,0,0,0,0,0,0,0,0,0,0,0,0,0,0,0,0,0,0,0,0,0,0,0,0,0,0,0,0,0,0,0,0,0
OTU979_Borkfalkia sp904419945,0,0,0,0,0,0,0,0,0,0,0,0,0,0,0,0,0,0,0,0,0,0,0,0,0,0,0,0,0,0,0,0,0,0,0.13,0,0,0,0,0,0,0,0,0,0,0,0,0,0,0,0,0,0,0,0,0,0,0,0,0,0,0,0,0,0,0,0,0,0,0,0,0,0,0,0,0,0,0,0,0,0,0,0,0,0
OTU980_UBA10677 sp900760475,0,0,0,0,0,0,0,0,0,0,0,0,0,0,0,0,0,0,0,0,0,0,0,0,0,0,0,0,0,0,0,0,0,0,0.03,0,0,0,0,0,0,0,0,0,0,0,0,0,0,0,0,0,0,0,0,0,0,0,0,0,0,0,0,0,0.03,0,0,0,0,0,0,0,0,0,0,0,0,0,0,0,0,0,0,0,0
OTU981_HGM11386 sp900761915,0,0,0,0,0,0,0,0,0,0,0,0,0,0,0,0,0,0,0,0,0,0,0,0,0,0,0,0,0,0,0,0,0,0,0.04,0,0,0,0,0,0,0,0,0,0,0,0,0,0,0,0,0,0,0,0,0,0,0,0,0,0,0,0,0,0,0,0,0,0,0,0,0,0,0,0,0,0,0,0,0,0,0,0,0,0
OTU982_UBA1428 sp002329335,0,0,0,0,0,0,0,0,0,0,0,0,0,0,0,0,0,0,0,0,0,0,0,0,0,0,0,0,0,0,0,0,0,0,0.04,0,0,0,0,0,0,0,0,0,0,0,0,0,0,0,0,0,0,0,0,0,0,0,0,0,0,0,0,0,0,0,0,0,0,0,0,0,0,0,0,0,0,0,0,0,0,0,0,0,0
OTU983_Christensenella massiliensis,0,0,0,0,0,0,0,0,0,0,0,0,0,0,0,0,0,0,0,0,0,0,0,0,0,0,0,0,0,0,0,0,0,0,0.02,0,0,0,0,0,0,0,0,0,0,0.02,0,0,0,0,0,0,0,0.01,0,0,0,0,0,0,0,0,0,0,0,0,0,0,0,0,0,0,0,0,0,0,0,0,0,0,0,0,0,0,0
OTU984_UMGS1783 sp905209135,0,0,0,0,0,0,0,0,0,0,0,0,0,0,0,0,0,0,0,0,0,0,0,0,0,0,0,0,0,0,0,0,0,0,0.05,0,0,0,0,0,0,0,0,0,0.05,0,0,0,0,0,0,0,0,0,0,0,0,0,0,0,0,0,0,0,0,0,0,0,0,0,0,0,0,0,0,0,0,0,0,0,0,0,0,0,0
OTU985_UMGS1591 sp905198295,0,0,0,0,0,0,0,0,0,0,0,0,0,0,0,0,0,0,0,0,0,0,0,0,0,0,0,0,0,0,0,0,0,0,0.07,0,0,0,0,0,0,0,0,0,0,0,0,0,0,0,0,0,0,0,0.06,0,0,0,0,0,0,0,0,0,0,0,0,0,0,0,0,0,0,0,0,0,0,0,0,0,0,0,0,0,0
OTU986_Oscillibacter sp018228705,0,0,0,0,0,0,0,0,0,0,0,0,0,0,0,0,0,0,0,0,0,0,0,0,0,0,0,0,0,0,0,0,0,0,0.16,0,0,0,0,0,0,0,0,0,0,0,0,0,0,0,0,0,0,0,0,0,0,0,0,0,0,0,0,0,0,0,0,0,0,0,0,0,0,0,0,0,0,0,0,0,0,0,0,0,0
OTU987_Scatomorpha sp900545405,0,0,0,0,0,0,0,0,0,0,0,0,0,0,0,0,0,0,0,0,0,0,0,0,0,0,0,0,0,0,0,0,0,0,0.05,0,0,0,0,0,0,0,0,0,0.01,0,0,0,0,0,0,0,0,0,0,0,0,0,0,0,0,0,0,0,0,0,0,0,0,0,0,0,0,0,0,0,0,0,0,0,0,0,0,0,0
OTU988_CAKTWY01 sp934630445,0,0,0,0,0,0,0,0,0,0,0,0,0,0,0,0,0,0,0,0,0,0,0,0,0,0,0,0,0,0,0,0,0,0,0.09,0,0,0,0,0,0,0,0,0,0,0,0,0.01,0,0,0,0,0,0,0,0,0,0,0,0,0,0,0,0,0,0,0,0,0,0,0,0,0,0,0,0,0,0,0,0,0,0,0,0,0
OTU989_HGM12669 sp900761935,0,0,0,0,0,0,0,0,0,0,0,0,0,0,0,0,0,0,0,0,0,0,0,0,0,0,0,0,0,0,0,0,0,0,0.03,0,0,0,0,0,0,0,0,0,0,0,0,0,0,0,0,0,0,0,0,0,0,0,0,0,0,0,0,0,0,0,0,0,0,0,0,0,0,0,0,0,0,0,0,0,0,0,0,0,0
OTU990_Gabonibacter massiliensis,0,0,0,0,0,0,0,0,0,0,0,0,0,0,0,0,0,0,0,0,0,0,0,0,0,0,0,0,0,0,0,0,0,0,0.01,0,0,0,0,0,0,0,0,0,0,0,0,0,0,0,0,0,0,0,0,0,0,0,0,0,0,0,0,0,0,0,0,0,0,0,0.07,0,0,0,0,0,0,0,0,0,0,0,0,0,0
OTU991_Streptococcus parasanguinis_X,0,0,0,0,0,0,0,0,0,0,0,0,0,0,0,0,0,0,0,0,0,0,0,0,0,0,0,0,0,0,0,0,0,0,0,0.01,0,0,0,0,0,0,0,0,0,0,0,0,0,0,0,0,0,0,0,0,0,0,0,0,0,0,0,0,0,0,0,0,0,0,0,0,0,0,0,0,0,0,0,0,0,0,0,0,0
OTU992_Klebsiella michiganensis,0,0,0,0,0,0,0,0,0,0,0,0,0,0,0,0,0,0,0,0,0,0,0,0,0,0,0,0,0,0,0,0,0,0,0,0.02,0,0,0,0,0,0,0,0,0,0,0,0,0,0,0,0,0,0,0,0,0,0,0,0,0,0,0,0,0,0,0,0,0,0,0,0,0,0,0,0,0,0,0,0,0,0,0,0,0
OTU993_Blautia_A sp003477525,0,0,0,0,0,0,0,0,0,0,0,0,0,0,0,0,0,0,0,0,0,0,0,0,0,0,0,0,0,0,0,0,0,0,0,0,0.08,0,0,0,0,0,0,0,0,0,0,0,0,0.08,0,0,0,0,0,0,0,0,0,0,0,0,0,0,0,0,0,0,0,0,0,0,0,0,0,0,0,0,0,0,0,0,0,0,0
OTU994_Terrisporobacter sp022782605,0,0,0,0,0,0,0,0,0,0,0,0,0,0,0,0,0,0,0,0,0,0,0,0,0,0,0,0,0,0,0,0,0,0,0,0,0.01,0,0,0,0,0.01,0,0,0,0,0,0,0,0,0,0,0,0,0,0,0,0,0.01,0,0,0,0,0,0,0,0,0,0,0,0,0,0,0,0,0,0,0,0,0,0,0,0,0,0
OTU995_Streptococcus sp963545685,0,0,0,0,0,0,0,0,0,0,0,0,0,0,0,0,0,0,0,0,0,0,0,0,0,0,0,0,0,0,0,0,0,0,0,0,0.04,0,0,0,0,0,0,0,0,0,0,0,0,0,0,0,0,0,0,0,0,0,0,0,0,0,0,0,0,0,0,0,0,0,0,0,0,0,0,0,0,0,0,0,0,0,0,0,0
OTU996_Mesosutterella massiliensis,0,0,0,0,0,0,0,0,0,0,0,0,0,0,0,0,0,0,0,0,0,0,0,0,0,0,0,0,0,0,0,0,0,0,0,0,1.37,0,0,0,0,0,0,0,0,0,0,0,0,0,0,0,0,0,0,0,0,0,0,0,0,0,0,0,0,0,0,0,0,0,0,0,0,0,0,0,0,0,0,0,0,0,0,0,0
OTU997_Mediterraneibacter_A sp934418295,0,0,0,0,0,0,0,0,0,0,0,0,0,0,0,0,0,0,0,0,0,0,0,0,0,0,0,0,0,0,0,0,0,0,0,0,0,0.01,0,0,0,0,0,0,0,0,0,0,0,0,0,0,0,0,0,0,0,0,0,0,0,0,0,0,0,0,0,0,0,0,0,0,0,0,0,0,0,0,0,0,0,0,0,0,0
OTU998_Borkfalkia sp949291725,0,0,0,0,0,0,0,0,0,0,0,0,0,0,0,0,0,0,0,0,0,0,0,0,0,0,0,0,0,0,0,0,0,0,0,0,0,0.06,0,0,0,0,0,0,0,0,0,0,0,0,0,0,0,0,0,0,0,0,0,0,0,0,0,0,0,0,0,0,0,0,0,0,0,0,0,0,0,0,0,0,0,0,0,0,0
OTU999_Protoclostridium sp944372345,0,0,0,0,0,0,0,0,0,0,0,0,0,0,0,0,0,0,0,0,0,0,0,0,0,0,0,0,0,0,0,0,0,0,0,0,0,0.07,0,0,0,0,0,0,0,0,0,0,0,0,0,0,0,0,0,0,0,0,0,0,0,0,0,0,0,0,0,0,0,0,0,0,0,0,0,0,0,0,0,0,0,0,0,0,0
OTU1000_Egerieisoma sp900552695,0,0,0,0,0,0,0,0,0,0,0,0,0,0,0,0,0,0,0,0,0,0,0,0,0,0,0,0,0,0,0,0,0,0,0,0,0,0.02,0,0,0,0,0,0,0,0,0,0.23,0,0,0,0.21,0,0,0,0,0,0,0,0,0,0,0,0,0,0,0,0,0,0,0,0,0,0,0,0,0,0,0,0,0,0,0,0,0
OTU1001_Pelethomonas sp963557105,0,0,0,0,0,0,0,0,0,0,0,0,0,0,0,0,0,0,0,0,0,0,0,0,0,0,0,0,0,0,0,0,0,0,0,0,0,0.01,0,0,0,0,0,0,0,0,0,0,0,0,0,0,0,0,0,0,0,0,0,0,0,0,0,0,0,0,0,0,0,0,0,0,0,0,0,0,0,0,0,0,0,0,0,0,0
OTU1002_Heritagella sp905215105,0,0,0,0,0,0,0,0,0,0,0,0,0,0,0,0,0,0,0,0,0,0,0,0,0,0,0,0,0,0,0,0,0,0,0,0,0,0.05,0,0,0,0,0,0,0,0,0.02,0,0,0,0,0,0,0,0,0,0,0,0,0,0,0,0,0,0,0,0,0,0,0,0,0,0,0,0,0,0,0,0,0,0,0,0,0,0
OTU1003_UMGS902 sp958352145,0,0,0,0,0,0,0,0,0,0,0,0,0,0,0,0,0,0,0,0,0,0,0,0,0,0,0,0,0,0,0,0,0,0,0,0,0,0.1,0,0,0,0,0,0,0,0,0,0,0,0,0,0,0,0,0,0,0,0,0,0,0,0,0,0,0,0,0,0,0,0,0,0,0,0,0,0,0,0,0,0,0,0,0,0,0
OTU1004_CAG-269 sp001916065,0,0,0,0,0,0,0,0,0,0,0,0,0,0,0,0,0,0,0,0,0,0,0,0,0,0,0,0,0,0,0,0,0,0,0,0,0,0.5,0,0,0,0,0,0,0,0,0,0,0,0,0,0,0,0,0,0,0,0,0,0,0,0,0,0,0,0,0,0,0,0,0,0,0,0,0,0,0,0,0,0,0,0,0,0,0
OTU1005_CAG-269 sp934120675,0,0,0,0,0,0,0,0,0,0,0,0,0,0,0,0,0,0,0,0,0,0,0,0,0,0,0,0,0,0,0,0,0,0,0,0,0,0.08,0,0,0,0,0,0,0,0,0,0,0,0,0,0,0,0,0,0,0,0,0,0,0,0,0,0,0,0,0,0,0,0,0,0,0,0,0,0,0,0,0,0,0,0,0,0,0
OTU1006_CAG-269 sp001916035,0,0,0,0,0,0,0,0,0,0,0,0,0,0,0,0,0,0,0,0,0,0,0,0,0,0,0,0,0,0,0,0,0,0,0,0,0,0.05,0,0,0,0,0,0,0,0,0,0,0,0,0,0,0,0,0,0,0,0,0,0,0,0,0,0.02,0.19,0,0,0,0,0,0,0,0,0,0,0,0,0,0,0,0,0,0,0,0
OTU1007_CAG-269 sp934177795,0,0,0,0,0,0,0,0,0,0,0,0,0,0,0,0,0,0,0,0,0,0,0,0,0,0,0,0,0,0,0,0,0,0,0,0,0,0.03,0,0,0,0,0,0,0,0,0,0,0,0,0,0,0,0,0,0,0,0,0,0,0,0,0,0,0,0,0,0,0,0,0,0,0,0,0,0,0,0,0,0,0,0,0,0,0
OTU1008_CAG-273 sp003507395,0,0,0,0,0,0,0,0,0,0,0,0,0,0,0,0,0,0,0,0,0,0,0,0,0,0,0,0,0,0,0,0,0,0,0,0,0,0.36,0,0,0,0,0,0,0,0,0,0,0,0,0,0,0,0,0,0,0,0,0,0,0,0,0,0,0,0,0,0,0,0,0,0,0,0,0,0,0,0,0,0,0,0,0,0,0
OTU1009_Clostridium sp900539375,0,0,0,0,0,0,0,0,0,0,0,0,0,0,0,0,0,0,0,0,0,0,0,0,0,0,0,0,0,0,0,0,0,0,0,0,0,0.02,0,0,0,0,0,0,0,0,0,0,0,0,0,0,0,0,0,0,0,0,0,0,0,0,0,0,0,0,0,0,0,0,0,0,0,0,0,0,0,0,0,0,0,0,0,0,0
OTU1010_Allisonella histaminiformans,0,0,0,0,0,0,0,0,0,0,0,0,0,0,0,0,0,0,0,0,0,0,0,0,0,0,0,0,0,0,0,0,0,0,0,0,0,0.02,0,0,0,0,0,0,0,0,0,0,0,0,0,0,0,0,0,0,0,0,0.09,0,0,0,0,0,0,0,0,0,0,0,0,0,0,0,0,0,0,0,0,0,0,0,0,0,0
OTU1011_Phascolarctobacterium_A sp900547415,0,0,0,0,0,0,0,0,0,0,0,0,0,0,0,0,0,0,0,0,0,0,0,0,0,0,0,0,0,0,0,0,0,0,0,0,0,0.88,0,0,0,0,0,0,0,0,0,0,0,0,0,0,0,0,0,0,0,0,0,0,0,0,0,0,0,0,0,0,0,0,0,0,0,0,0,0,0,0,0,0,0,0,0,0,0
OTU1012_Collinsella sp902464575,0,0,0,0,0,0,0,0,0,0,0,0,0,0,0,0,0,0,0,0,0,0,0,0,0,0,0,0,0,0,0,0,0,0,0,0,0,1.05,0,0,0,0,0,0,0,0,0,0,0,0,0,0,0,0,0,0,0,0,0,0,0,0,0,0,0,0,0,0,0,0,0,0,0,0,0,0,0,0,0,0,0,0,0,0,0
OTU1013_QAMH01 sp900544245,0,0,0,0,0,0,0,0,0,0,0,0,0,0,0,0,0,0,0,0,0,0,0,0,0,0,0,0,0,0,0,0,0,0,0,0,0,0.05,0,0,0,0,0,0,0,0,0,0,0,0,0,0,0,0,0,0,0,0,0,0,0,0,0,0,0,0,0,0,0,0,0,0,0,0,0,0,0,0,0,0,0,0,0,0,0
OTU1014_Pauljensenia turicensis_B,0,0,0,0,0,0,0,0,0,0,0,0,0,0,0,0,0,0,0,0,0,0,0,0,0,0,0,0,0,0,0,0,0,0,0,0,0,0,0.01,0,0,0,0,0,0,0,0,0,0,0,0,0,0,0,0,0,0,0,0,0,0,0,0,0,0,0.09,0,0,0,0,0,0,0,0,0,0,0,0,0,0,0,0,0,0,0
OTU1015_Parolsenella sp900544655,0,0,0,0,0,0,0,0,0,0,0,0,0,0,0,0,0,0,0,0,0,0,0,0,0,0,0,0,0,0,0,0,0,0,0,0,0,0,0.15,0,0,0,0,0,0,0,0,0,0,0,0,0,0,0,0,0,0,0,0.21,0,0,0,0,0,0,0,0,0,0,0,0,0,0,0,0,0,0,0,0,0,0,0,0,0,0
OTU1016_Parolsenella sp958406235,0,0,0,0,0,0,0,0,0,0,0,0,0,0,0,0,0,0,0,0,0,0,0,0,0,0,0,0,0,0,0,0,0,0,0,0,0,0,0.02,0,0,0,0,0,0,0,0,0,0,0,0,0,0,0,0,0,0,0,0.04,0,0,0,0,0,0,0,0,0,0,0,0,0,0,0,0,0,0,0,0,0,0,0,0,0,0
OTU1017_Collinsella sp902493835,0,0,0,0,0,0,0,0,0,0,0,0,0,0,0,0,0,0,0,0,0,0,0,0,0,0,0,0,0,0,0,0,0,0,0,0,0,0,0.7,0,0,0,0,0,0,0,0,0,0,0,0,0,0,0,0,0,0,0,0,0,0,0,0,0,0,0,0,0,0,0,0,0,0,0,0,0,0,0,0,0,0,0,0,0,0
OTU1018_JAGZEG01 sp018368455,0,0,0,0,0,0,0,0,0,0,0,0,0,0,0,0,0,0,0,0,0,0,0,0,0,0,0,0,0,0,0,0,0,0,0,0,0,0,0.13,0,0,0,0,0,0,0,0,0,0,0,0,0,0,0,0,0,0,0,0,0,0,0,0,0,0,0,0,0.02,0.09,0,0,0,0,0,0,0,0,0,0,0,0,0,0,0,0
OTU1019_Scatavimonas sp900540275,0,0,0,0,0,0,0,0,0,0,0,0,0,0,0,0,0,0,0,0,0,0,0,0,0,0,0,0,0,0,0,0,0,0,0,0,0,0,13.21,0,0,0,0.02,0,0,0,0,0,0,0,0,0,0,0,0,0,0,0,0,0,0,0,0,0,0,0,0.02,0,0,0,0,0,0,0.01,0,0,0,0,0,0,0,0,0,0,0
OTU1020_Murimonas intestini,0,0,0,0,0,0,0,0,0,0,0,0,0,0,0,0,0,0,0,0,0,0,0,0,0,0,0,0,0,0,0,0,0,0,0,0,0,0,0.01,0,0,0,0.09,0.13,0,0,0,0,0,0,0,0,0,0,0,0,0,0,0,0,0,0,0,0,0,0,0,0,0,0,0,0,0,0,0,0.05,0,0,0,0,0,0,0,0,0
OTU1021_Intestinibacter bartlettii_A,0,0,0,0,0,0,0,0,0,0,0,0,0,0,0,0,0,0,0,0,0,0,0,0,0,0,0,0,0,0,0,0,0,0,0,0,0,0,0.01,0,0,0,0,0,0,0,0,0,0,0,0,0,0,0,0,0,0,0,0,0,0,0,0,0,0,0,0,0,0,0,0,0,0,0,0,0,0,0,0,0,0,0,0,0,0
OTU1022_Peptococcus niger,0,0,0,0,0,0,0,0,0,0,0,0,0,0,0,0,0,0,0,0,0,0,0,0,0,0,0,0,0,0,0,0,0,0,0,0,0,0,0.03,0,0,0,0,0,0,0,0,0,0,0,0,0,0,0,0,0,0,0,0,0,0,0,0,0,0,0,0,0,0,0,0,0,0,0,0,0,0,0,0,0,0,0,0,0,0
OTU1023_Akkermansia massiliensis,0,0,0,0,0,0,0,0,0,0,0,0,0,0,0,0,0,0,0,0,0,0,0,0,0,0,0,0,0,0,0,0,0,0,0,0,0,0,5.06,0,0,0,0,0,0,0,0,0,0,0,0,0,0,0,0,0,0,0,0,0,0,0,0,0,0,0,0,0,0,0,0,0,0,0,0,0,0,0,0,0,0,0,0,0,0
OTU1024_Mailhella sp905187505,0,0,0,0,0,0,0,0,0,0,0,0,0,0,0,0,0,0,0,0,0,0,0,0,0,0,0,0,0,0,0,0,0,0,0,0,0,0,0.01,0,0,0,0,0,0,0,0,0,0,0,0,0,0,0,0,0,0,0,0,0,0,0,0,0,0,0,0,0,0,0,0,0,0,0,0,0,0,0,0,0,0,0,0,0,0
OTU1025_Mailhella sp037230945,0,0,0,0,0,0,0,0,0,0,0,0,0,0,0,0,0,0,0,0,0,0,0,0,0,0,0,0,0,0,0,0,0,0,0,0,0,0,0.03,0,0,0,0,0,0,0,0,0,0,0,0,0,0,0,0,0,0,0,0,0,0,0,0,0,0,0,0,0,0,0,0,0,0,0,0,0,0,0,0,0,0,0,0,0,0
OTU1026_Mailhella sp905192935,0,0,0,0,0,0,0,0,0,0,0,0,0,0,0,0,0,0,0,0,0,0,0,0,0,0,0,0,0,0,0,0,0,0,0,0,0,0,0.03,0,0,0,0,0,0,0,0,0,0,0,0,0,0,0,0,0,0,0,0,0,0,0,0,0,0,0,0,0,0,0,0,0,0,0,0,0,0,0,0,0,0,0,0,0,0
OTU1027_Limivivens sp934393555,0,0,0,0,0,0,0,0,0,0,0,0,0,0,0,0,0,0,0,0,0,0,0,0,0,0,0,0,0,0,0,0,0,0,0,0,0,0,0,0.05,0,0,0,0,0,0,0,0,0,0,0,0,0,0,0,0,0,0,0,0,0,0,0,0,0,0,0,0,0,0.06,0,0,0,0,0,0,0,0,0,0,0,0,0,0,0
OTU1028_Streptococcus mitis_CL,0,0,0,0,0,0,0,0,0,0,0,0,0,0,0,0,0,0,0,0,0,0,0,0,0,0,0,0,0,0,0,0,0,0,0,0,0,0,0,0,0,0,0,0,0,0,0,0,0,0,0,0,0,0,0,0,0,0,0,0,0,0,0,0,0,0,0,0,0,0,0,0,0,0,0,0,0,0,0,0,0,0,0,0,0
OTU1029_Collinsella sp003438495,0,0,0,0,0,0,0,0,0,0,0,0,0,0,0,0,0,0,0,0,0,0,0,0,0,0,0,0,0,0,0,0,0,0,0,0,0,0,0,0,0,0,0,0,0,0,0,0,0,0,0,0,0,0,0,0,0,0,0,0,0,0,0,0,0,0,0,0,0,0,0,0,0,0,0,0,0,0,0,0,0,0,0,0,0
OTU1030_Haemophilus_D sp001679485,0,0,0,0,0,0,0,0,0,0,0,0,0,0,0,0,0,0,0,0,0,0,0,0,0,0,0,0,0,0,0,0,0,0,0,0,0,0,0,0,0.01,0,0,0,0,0,0,0,0,0,0,0,0,0,0,0,0,0,0,0,0,0,0,0,0,0,0,0,0,0,0,0,0,0,0,0,0,0,0,0,0,0,0,0,0
OTU1031_Collinsella sp037237765,0,0,0,0,0,0,0,0,0,0,0,0,0,0,0,0,0,0,0,0,0,0,0,0,0,0,0,0,0,0,0,0,0,0,0,0,0,0,0,0,3.4,0.51,0,0,0,0,0,0,0,0,0,0,0,0,0,0,0,0,0,0,0,0,0,0,0,0,0,0,0,0,0,0,0,0,0,0,0,0,0,0,0,0,0,0,0
OTU1032_Collinsella sp905215445,0,0,0,0,0,0,0,0,0,0,0,0,0,0,0,0,0,0,0,0,0,0,0,0,0,0,0,0,0,0,0,0,0,0,0,0,0,0,0,0,5.98,0.9,0,0,0,0,0,0,0,0,0,0,0,0,0,0,0,0,0,0,0,0,0,0,0,0,0,0,0,0,0,0,0,0,0,0,0,0,0,0,0,0,0,0,0
OTU1033_Collinsella sp958415665,0,0,0,0,0,0,0,0,0,0,0,0,0,0,0,0,0,0,0,0,0,0,0,0,0,0,0,0,0,0,0,0,0,0,0,0,0,0,0,0,2.81,0.44,0,0,0,0,0,0,0,0,0,0,0,0,0,0,0,0,0,0,0,0,0,0,0,0,0,0,0,0,0,0,0,0,0,0,0,0,0,0,0,0,0,0,0
OTU1034_Lancefieldella rimae,0,0,0,0,0,0,0,0,0,0,0,0,0,0,0,0,0,0,0,0,0,0,0,0,0,0,0,0,0,0,0,0,0,0,0,0,0,0,0,0,0.04,0,0,0,0,0,0,0,0,0,0,0,0,0,0,0,0,0,0,0,0,0,0,0,0,0,0,0,0,0,0,0,0,0,0,0,0,0,0,0,0,0,0,0,0
OTU1035_Lancefieldella sp024691995,0,0,0,0,0,0,0,0,0,0,0,0,0,0,0,0,0,0,0,0,0,0,0,0,0,0,0,0,0,0,0,0,0,0,0,0,0,0,0,0,0.03,0,0,0,0,0,0,0,0,0,0,0,0,0,0,0,0,0,0,0,0,0,0,0,0,0,0,0,0,0,0,0,0,0,0,0,0,0,0,0,0,0,0,0,0
OTU1036_Mogibacterium timidum,0,0,0,0,0,0,0,0,0,0,0,0,0,0,0,0,0,0,0,0,0,0,0,0,0,0,0,0,0,0,0,0,0,0,0,0,0,0,0,0,0.01,0,0,0,0,0,0,0,0,0,0,0,0,0,0,0,0,0,0,0,0,0,0,0,0,0,0,0,0,0,0,0,0,0,0,0,0,0,0,0,0,0,0,0,0
OTU1037_Bulleidia moorei,0,0,0,0,0,0,0,0,0,0,0,0,0,0,0,0,0,0,0,0,0,0,0,0,0,0,0,0,0,0,0,0,0,0,0,0,0,0,0,0,0.04,0,0,0,0,0,0,0,0,0,0,0,0,0,0,0,0,0,0,0,0,0,0,0,0,0.09,0,0,0,0.01,0,0,0,0,0,0,0,0,0,0,0,0,0,0,0
OTU1038_Streptococcus hominis,0,0,0,0,0,0,0,0,0,0,0,0,0,0,0,0,0,0,0,0,0,0,0,0,0,0,0,0,0,0,0,0,0,0,0,0,0,0,0,0,0.04,0,0,0,0,0,0,0,0,0,0,0,0,0,0,0,0,0,0,0,0,0,0,0,0,0,0,0,0,0,0,0,0,0,0,0,0,0,0,0,0,0,0,0,0
OTU1039_Streptococcus vaginalis,0,0,0,0,0,0,0,0,0,0,0,0,0,0,0,0,0,0,0,0,0,0,0,0,0,0,0,0,0,0,0,0,0,0,0,0,0,0,0,0,0.02,0,0,0,0,0,0,0,0,0,0,0,0,0,0,0,0,0,0,0,0,0,0,0,0,0,0,0,0,0,0,0,0,0,0,0,0,0,0,0,0,0,0,0,0
OTU1040_Veillonella nakazawae,0,0,0,0,0,0,0,0,0,0,0,0,0,0,0,0,0,0,0,0,0,0,0,0,0,0,0,0,0,0,0,0,0,0,0,0,0,0,0,0,0.01,0,0,0,0,0,0,0,0,0,0,0,0,0,0,0,0,0,0.13,0,0,0,0,0,0,0.07,0.01,0,0,0,0,0,0,0,0,0,0,0.02,0,0,0,0,0,0,0
OTU1041_Prevotella oris,0,0,0,0,0,0,0,0,0,0,0,0,0,0,0,0,0,0,0,0,0,0,0,0,0,0,0,0,0,0,0,0,0,0,0,0,0,0,0,0,0.06,0,0,0,0,0,0,0,0,0,0,0,0,0,0,0,0,0,0,0,0,0,0,0,0,0,0,0,0,0.02,0,0,0,0,0,0,0,0,0,0,0,0,0,0,0
OTU1042_Prevotella nigrescens,0,0,0,0,0,0,0,0,0,0,0,0,0,0,0,0,0,0,0,0,0,0,0,0,0,0,0,0,0,0,0,0,0,0,0,0,0,0,0,0,0.02,0,0,0,0,0,0,0,0,0,0,0,0,0,0,0,0,0,0,0,0,0,0,0,0,0.01,0,0,0,0,0,0,0,0,0,0,0,0,0,0,0,0,0,0,0
OTU1043_Alloprevotella tannerae_A,0,0,0,0,0,0,0,0,0,0,0,0,0,0,0,0,0,0,0,0,0,0,0,0,0,0,0,0,0,0,0,0,0,0,0,0,0,0,0,0,0.03,0,0,0,0,0,0,0,0,0,0,0,0,0,0,0,0,0,0,0,0,0,0,0,0,0,0,0,0,0,0,0,0,0,0,0,0,0,0,0,0,0,0,0,0
OTU1044_Alloprevotella tannerae,0,0,0,0,0,0,0,0,0,0,0,0,0,0,0,0,0,0,0,0,0,0,0,0,0,0,0,0,0,0,0,0,0,0,0,0,0,0,0,0,0.19,0,0,0,0,0,0,0,0,0,0,0,0,0,0,0,0,0,0,0,0,0,0,0,0,0,0,0,0,0.04,0,0,0,0,0,0,0,0,0,0,0,0,0,0,0
OTU1045_Fusobacterium sp963524875,0,0,0,0,0,0,0,0,0,0,0,0,0,0,0,0,0,0,0,0,0,0,0,0,0,0,0,0,0,0,0,0,0,0,0,0,0,0,0,0,0.01,0,0,0,0,0,0,0,0,0,0,0,0,0,0,0,0,0,0,0,0,0,0,0,0,0,0,0,0,0,0,0,0,0,0,0,0,0,0,0,0,0,0,0,0
OTU1046_Fusobacterium animalis,0,0,0,0,0,0,0,0,0,0,0,0,0,0,0,0,0,0,0,0,0,0,0,0,0,0,0,0,0,0,0,0,0,0,0,0,0,0,0,0,0.01,0,0,0,0,0,0,0,0,0,0,0,0,0,0,0,0,0,0,0,0,0,0,0,0,0,0,0,0,0.02,0,0,0,0.03,0,0,0,0,0,0,0,0,0,0,0
OTU1047_Fusobacterium simiae,0,0,0,0,0,0,0,0,0,0,0,0,0,0,0,0,0,0,0,0,0,0,0,0,0,0,0,0,0,0,0,0,0,0,0,0,0,0,0,0,0.01,0,0,0,0,0,0,0,0,0,0,0,0,0,0,0,0,0,0,0,0,0,0,0,0,0,0,0,0,0,0,0,0,0,0,0,0,0,0,0,0,0,0,0,0
OTU1048_Cetobacterium_A somerae,0,0,0,0,0,0,0,0,0,0,0,0,0,0,0,0,0,0,0,0,0,0,0,0,0,0,0,0,0,0,0,0,0,0,0,0,0,0,0,0,2.97,0,0,0,0,0,0,0,0,0,0,0,0,0,0,0,0,0,0,0,0,0,0,0,0,0,0,0,0,0,0,0,0,0,0,0,0,0,0,0,0,0,0,0,0
OTU1049_Massiliimalia massiliensis,0,0,0,0,0,0,0,0,0,0,0,0,0,0,0,0,0,0,0,0,0,0,0,0,0,0,0,0,0,0,0,0,0,0,0,0,0,0,0,0,0,0.01,0,0,0,0,0,0,0,0,0,0,0,0,0,0,0,0,0,0,0,0,0,0,0,0,0,0,0,0,0,0,0,0,0,0,0,0,0,0,0,0,0,0,0
OTU1050_Hominicoprocola sp937915075,0,0,0,0,0,0,0,0,0,0,0,0,0,0,0,0,0,0,0,0,0,0,0,0,0,0,0,0,0,0,0,0,0,0,0,0,0,0,0,0,0,0.02,0,0,0,0,0,0.1,0,0,0,0,0,0,0,0,0,0,0,0,0,0,0,0.03,0.11,0,0,0,0,0,0,0,0,0,0,0,0.06,0,0,0,0,0,0,0,0
OTU1051_Streptococcus parasanguinis,0,0,0,0,0,0,0,0,0,0,0,0,0,0,0,0,0,0,0,0,0,0,0,0,0,0,0,0,0,0,0,0,0,0,0,0,0,0,0,0,0,0.02,0,0,0,0,0,0,0,0,0,0,0,0,0,0,0,0,0,0,0,0,0,0,0,0,0,0,0,0,0,0,0,0,0,0,0,0,0,0,0,0,0,0,0
OTU1052_Streptococcus raffinosi,0,0,0,0,0,0,0,0,0,0,0,0,0,0,0,0,0,0,0,0,0,0,0,0,0,0,0,0,0,0,0,0,0,0,0,0,0,0,0,0,0,0.02,0,0,0,0,0,0,0,0,0,0,0,0,0,0,0,0,0,0,0,0,0,0,0,0,0,0,0,0,0,0,0,0,0,0,0,0,0,0,0,0,0,0,0
OTU1053_QAMH01 sp025992705,0,0,0,0,0,0,0,0,0,0,0,0,0,0,0,0,0,0,0,0,0,0,0,0,0,0,0,0,0,0,0,0,0,0,0,0,0,0,0,0,0,0.01,0,0,0,0,0,0,0,0,0,0,0,0,0,0,0,0,0,0,0,0,0,0,0,0,0,0,0,0,0,0,0,0,0,0,0,0,0,0,0,0,0,0,0
OTU1054_QAMH01 sp900556425,0,0,0,0,0,0,0,0,0,0,0,0,0,0,0,0,0,0,0,0,0,0,0,0,0,0,0,0,0,0,0,0,0,0,0,0,0,0,0,0,0,0.01,0,0,0,0,0,0,0,0,0,0.02,0,0,0,0,0,0,0,0,0,0,0,0,0,0,0,0,0,0,0,0,0,0,0,0,0,0,0,0,0,0,0,0,0
OTU1055_Plesiomonas shigelloides,0,0,0,0,0,0,0,0,0,0,0,0,0,0,0,0,0,0,0,0,0,0,0,0,0,0,0,0,0,0,0,0,0,0,0,0,0,0,0,0,0,0.03,0,0,0,0,0,0,0,0,0,0,0,0,0,0,0,0,0,0,0,0,0,0,0,0,0,0,0,0,0,0,0,0,0,0,0,0,0,0,0,0,0,0,0
OTU1056_Beduini sp902363625,0,0,0,0,0,0,0,0,0,0,0,0,0,0,0,0,0,0,0,0,0,0,0,0,0,0,0,0,0,0,0,0,0,0,0,0,0,0,0,0,0,0,0.02,0.04,0,0,0,0,0,0,0,0,0,0,0,0,0,0,0,0,0,0,0,0,0,0,0,0,0,0,0,0,0,0,0,0,0,0,0,0,0,0,0,0,0
OTU1057_Beduini massiliensis,0,0,0,0,0,0,0,0,0,0,0,0,0,0,0,0,0,0,0,0,0,0,0,0,0,0,0,0,0,0,0,0,0,0,0,0,0,0,0,0,0,0,0.08,0.03,0,0,0,0,0,0,0,0,0,0,0,0,0,0,0,0,0,0,0,0,0,0,0,0,0,0,0,0,0,0,0,0,0,0,0,0,0,0,0,0,0
OTU1058_Longibaculum muris,0,0,0,0,0,0,0,0,0,0,0,0,0,0,0,0,0,0,0,0,0,0,0,0,0,0,0,0,0,0,0,0,0,0,0,0,0,0,0,0,0,0,0.47,0.9,0,0,0,0,0,0.01,0,0,0,0,0,0,0,0,0,0,0,0,0,0,0,0,0,0,0,0,0,0,0.01,0,0,0.49,0.5,0,0,0,0,0,0.01,0,0
OTU1059_Blautia hansenii,0,0,0,0,0,0,0,0,0,0,0,0,0,0,0,0,0,0,0,0,0,0,0,0,0,0,0,0,0,0,0,0,0,0,0,0,0,0,0,0,0,0,1.16,0,0,0,0,0,0,0,0,0,0,0,0,0,0,0,0,0,0,0,0,0,0,0,0,0.01,0.04,0,0,0,0,0,0,0,0,0,0,0,0,0,0,0,0
OTU1060_Enterocloster clostridioformis,0,0,0,0,0,0,0,0,0,0,0,0,0,0,0,0,0,0,0,0,0,0,0,0,0,0,0,0,0,0,0,0,0,0,0,0,0,0,0,0,0,0,0.08,0,0,0,0,0,0,0,0,0,0,0,0,0,0,0,0,0,0,0,0,0.12,0,0,0,0,0,0,0,0,0,0,0,0,0,0.12,0.16,0,0,0,0,0,0
OTU1061_Anaerobutyricum stercoris,0,0,0,0,0,0,0,0,0,0,0,0,0,0,0,0,0,0,0,0,0,0,0,0,0,0,0,0,0,0,0,0,0,0,0,0,0,0,0,0,0,0,0.48,0.04,0,0,0,0,0,0,0,0,0,0,0,0,0,0,0,0,0,0,0,0,0,0,0,0,0,0,0,0,0,0,0,0,0,0,0,0,0,0,0,0,0
OTU1062_Claveliimonas monacensis,0,0,0,0,0,0,0,0,0,0,0,0,0,0,0,0,0,0,0,0,0,0,0,0,0,0,0,0,0,0,0,0,0,0,0,0,0,0,0,0,0,0,0.04,0,0,0,0,0,0,0,0,0,0,0,0,0,0,0,0,0,0,0,0,0,0,0,0,0,0,0,0,0,0,0,0,0,0,0,0,0,0,0,0,0,0
OTU1063_Anaerostipes rhamnosivorans,0,0,0,0,0,0,0,0,0,0,0,0,0,0,0,0,0,0,0,0,0,0,0,0,0,0,0,0,0,0,0,0,0,0,0,0,0,0,0,0,0,0,0.03,0,0,0,0,0,0,0,0,0,0,0,0,0,0,0,0,0,0,0,0,0,0,0,0,0,0,0,0,0,0,0,0,0,0,0,0,0,0,0,0,0,0
OTU1064_An181 sp002160325,0,0,0,0,0,0,0,0,0,0,0,0,0,0,0,0,0,0,0,0,0,0,0,0,0,0,0,0,0,0,0,0,0,0,0,0,0,0,0,0,0,0,0.05,0,0,0,0,0,0,0,0,0,0,0,0,0,0,0,0,0,0,0,0,0,0,0,0,0,0,0,0,0,0,0,0,0,0,0,0,0,0,0,0,0,0
OTU1065_Lactonifactor sp009677585,0,0,0,0,0,0,0,0,0,0,0,0,0,0,0,0,0,0,0,0,0,0,0,0,0,0,0,0,0,0,0,0,0,0,0,0,0,0,0,0,0,0,0.03,0.04,0,0,0,0,0,0,0,0,0,0,0,0,0,0,0,0,0,0,0,0,0,0,0,0,0,0,0,0,0,0,0,0,0,0,0,0,0,0,0,0,0
OTU1066_Pseudoruminococcus_B merdavium,0,0,0,0,0,0,0,0,0,0,0,0,0,0,0,0,0,0,0,0,0,0,0,0,0,0,0,0,0,0,0,0,0,0,0,0,0,0,0,0,0,0,0.03,0.06,0,0,0,0,0,0,0,0,0,0,0,0,0,0,0,0,0,0,0,0,0,0,0,0,0,0,0,0,0,0,0,0,0,0,0,0,0,0,0,0,0
OTU1067_JAGZMM01 sp951801675,0,0,0,0,0,0,0,0,0,0,0,0,0,0,0,0,0,0,0,0,0,0,0,0,0,0,0,0,0,0,0,0,0,0,0,0,0,0,0,0,0,0,0.02,0.25,0,0,0,0,0,0,0,0,0,0,0,0,0,0,0,0,0,0,0,0,0,0,0,0,0,0,0,0,0,0,0,0,0,0,0,0,0,0,0,0,0
OTU1068_CAJFUH01 sp022799115,0,0,0,0,0,0,0,0,0,0,0,0,0,0,0,0,0,0,0,0,0,0,0,0,0,0,0,0,0,0,0,0,0,0,0,0,0,0,0,0,0,0,0.09,0,0,0,0,0,0,0,0,0,0,0,0,0,0,0,0,0,0,0,0,0,0,0,0,0,0,0,0,0,0,0,0,0,0,0,0,0,0,0,0,0,0
OTU1069_Clostridium tertium,0,0,0,0,0,0,0,0,0,0,0,0,0,0,0,0,0,0,0,0,0,0,0,0,0,0,0,0,0,0,0,0,0,0,0,0,0,0,0,0,0,0,0.02,0,0,0,0,0,0,0,0,0,0,0,0,0,0,0,0,0,0,0,0,0,0,0.31,0,0,0,0,0,0,0,0,0,0,0,0,0,0,0,0,0,0,0
OTU1070_Veillonella sp915066865,0,0,0,0,0,0,0,0,0,0,0,0,0,0,0,0,0,0,0,0,0,0,0,0,0,0,0,0,0,0,0,0,0,0,0,0,0,0,0,0,0,0,0.05,0.06,0,0,0,0,0,0,0,0,0,0,0.12,0,0,0,0,0,0,0,0,0,0,0,0,0,0,0,0,0,0,0,0,0,0,0,0,0,0,0,0,0,0
OTU1071_Veillonella parvula_K,0,0,0,0,0,0,0,0,0,0,0,0,0,0,0,0,0,0,0,0,0,0,0,0,0,0,0,0,0,0,0,0,0,0,0,0,0,0,0,0,0,0,0.04,0,0,0,0,0,0,0,0,0,0,0,0.18,0,0,0,0,0,0,0,0,0,0,0,0,0,0,0.13,0,0,0,0,0,0,0,0,0,0,0,0,0,0,0
OTU1072_Citrobacter youngae,0,0,0,0,0,0,0,0,0,0,0,0,0,0,0,0,0,0,0,0,0,0,0,0,0,0,0,0,0,0,0,0,0,0,0,0,0,0,0,0,0,0,0.01,0.01,0.03,0,0,0,0,0,0,0,0,0,0,0,0,0,0,0,0,0,0,0,0,0,0,0,0,0,0,0,0,0,0,0,0,0,0,0,0,0,0,0,0
OTU1073_Proteus sp003144505,0,0,0,0,0,0,0,0,0,0,0,0,0,0,0,0,0,0,0,0,0,0,0,0,0,0,0,0,0,0,0,0,0,0,0,0,0,0,0,0,0,0,0.14,0.04,0,0,0,0,0,0,0,0,0,0,0,0,0,0,0,0,0,0,0,0,0,0,0,0,0,0,0,0,0,0,0,0,0,0,0,0,0,0,0,0,0
OTU1074_UBA12018 sp003447595,0,0,0,0,0,0,0,0,0,0,0,0,0,0,0,0,0,0,0,0,0,0,0,0,0,0,0,0,0,0,0,0,0,0,0,0,0,0,0,0,0,0,5.22,0.82,0,0,0,0,0,0,0,0,0,0,0,0,0,0,0,0,0,0,0,0,0,0,0,0,0,0,0,0,0,0,0,0,0,0,0,0,0,0,0,0,0
OTU1075_Prevotella sp934191715,0,0,0,0,0,0,0,0,0,0,0,0,0,0,0,0,0,0,0,0,0,0,0,0,0,0,0,0,0,0,0,0,0,0,0,0,0,0,0,0,0,0,0.04,0,0,0,0,0,0,0.01,0,0,0,0,0,0,0,0,0,0.01,0,0,3.71,0,0,0,0,0,0,0,0,0,0,0,0,0,0,0,0,0,0,0,0,0,0
OTU1076_Dysgonomonas capnocytophagoides,0,0,0,0,0,0,0,0,0,0,0,0,0,0,0,0,0,0,0,0,0,0,0,0,0,0,0,0,0,0,0,0,0,0,0,0,0,0,0,0,0,0,0.12,0.85,0,0,0,0,0,0,0,0,0,0,0,0,0,0,0,0,0,0,0,0,0,0,0,0,0,0,0,0,0,0,0,0,0,0,0,0,0,0,0,0,0
OTU1077_Anaerostipes hominis,0,0,0,0,0,0,0,0,0,0,0,0,0,0,0,0,0,0,0,0,0,0,0,0,0,0,0,0,0,0,0,0,0,0,0,0,0,0,0,0,0,0,0,0.08,0,0,0,0,0,0,0,0,0,0,0,0,0,0,0,0,0,0,0,0,0,0,0,0,0,0,0,0,0,0,0,0,0,0,0,0,0,0,0,0,0
OTU1078_Blautia hominis,0,0,0,0,0,0,0,0,0,0,0,0,0,0,0,0,0,0,0,0,0,0,0,0,0,0,0,0,0,0,0,0,0,0,0,0,0,0,0,0,0,0,0,0.03,0,0,0,0,0,0,0,0,0,0,0,0,0,0,0,0,0,0,0,0,0,0,0,0,0,0,0,0,0,0,0,0,0,0,0,0,0,0,0,0,0
OTU1079_Eubacterium_G sp910574895,0,0,0,0,0,0,0,0,0,0,0,0,0,0,0,0,0,0,0,0,0,0,0,0,0,0,0,0,0,0,0,0,0,0,0,0,0,0,0,0,0,0,0,0.12,0,0,0,0,0,0,0,0,0,0,0,0,0,0,0,0,0,0,0,0,0,0,0,0,0,0,0,0,0,0,0,0,0.03,0,0,0,0,0,0,0,0
OTU1080_Blautia_A sp021771755,0,0,0,0,0,0,0,0,0,0,0,0,0,0,0,0,0,0,0,0,0,0,0,0,0,0,0,0,0,0,0,0,0,0,0,0,0,0,0,0,0,0,0,0.05,0,0,0,0,0,0,0,0,0,0,0,0,0,0,0,0,0,0,0,0,0,0,0,0,0,0,0,0,0,0,0,0,0,0,0,0,0,0,0,0,0
OTU1081_Massiliimalia sp900752435,0,0,0,0,0,0,0,0,0,0,0,0,0,0,0,0,0,0,0,0,0,0,0,0,0,0,0,0,0,0,0,0,0,0,0,0,0,0,0,0,0,0,0,0.08,0,0,0,0,0,0,0,0,0,0,0,0,0,0,0,0,0,0,0,0,0,0,0,0,0,0,0,0,0,0,0,0,0,0,0,0,0,0,0,0,0
OTU1082_JAGZMM01 sp018364155,0,0,0,0,0,0,0,0,0,0,0,0,0,0,0,0,0,0,0,0,0,0,0,0,0,0,0,0,0,0,0,0,0,0,0,0,0,0,0,0,0,0,0,0.01,0,0,0,0,0,0,0,0,0,0,0,0,0,0,0,0,0,0,0,0,0,0,0,0,0,0,0,0,0,0,0,0,0,0,0,0,0,0,0,0,0
OTU1083_Streptococcus parasanguinis_T,0,0,0,0,0,0,0,0,0,0,0,0,0,0,0,0,0,0,0,0,0,0,0,0,0,0,0,0,0,0,0,0,0,0,0,0,0,0,0,0,0,0,0,0.09,0,0,0,0,0,0,0,0,0,0,0,0,0,0,0,0,0,0,0,0,0,0,0,0,0,0,0,0,0,0,0,0,0,0,0,0,0,0,0,0,0
OTU1084_Granulicatella sp963552295,0,0,0,0,0,0,0,0,0,0,0,0,0,0,0,0,0,0,0,0,0,0,0,0,0,0,0,0,0,0,0,0,0,0,0,0,0,0,0,0,0,0,0,0.01,0,0,0,0,0,0,0,0,0,0,0,0,0,0,0,0,0,0,0,0,0,0,0,0,0,0.01,0,0,0,0,0,0,0,0,0,0,0,0,0,0,0
OTU1085_Veillonella parvula,0,0,0,0,0,0,0,0,0,0,0,0,0,0,0,0,0,0,0,0,0,0,0,0,0,0,0,0,0,0,0,0,0,0,0,0,0,0,0,0,0,0,0,0.03,0,0,0,0,0,0,0,0,0,0,0.12,0,0,0,0,0,0,0,0,0,0,0,0,0,0,0,0,0,0,0,0,0,0,0,0,0,0,0,0,0,0
OTU1086_Haemophilus_D parainfluenzae_V,0,0,0,0,0,0,0,0,0,0,0,0,0,0,0,0,0,0,0,0,0,0,0,0,0,0,0,0,0,0,0,0,0,0,0,0,0,0,0,0,0,0,0,0.22,0,0,0,0,0,0,0,0,0,0,0,0,0,0,0,0,0,0,0,0,0,0,0,0,0,0,0,0,0,0,0,0,0,0,0,0,0,0,0,0,0
OTU1087_Haemophilus_D parainfluenzae_L,0,0,0,0,0,0,0,0,0,0,0,0,0,0,0,0,0,0,0,0,0,0,0,0,0,0,0,0,0,0,0,0,0,0,0,0,0,0,0,0,0,0,0,0.31,0,0,0,0,0,0,0,0,0,0,0,0,0,0,0,0,0,0,0,0,0,0,0,0,0,0,0,0,0.01,0,0,0,0,0,0,0,0,0,0,0,0
OTU1088_Citrobacter pasteurii,0,0,0,0,0,0,0,0,0,0,0,0,0,0,0,0,0,0,0,0,0,0,0,0,0,0,0,0,0,0,0,0,0,0,0,0,0,0,0,0,0,0,0,0,0.01,0,0,0,0,0,0,0,0,0,0,0,0,0,0,0,0,0,0,0,0,0,0,0,0,0,0,0,0,0,0,0,0,0,0,0,0,0,0,0,0
OTU1089_Faecivicinus avistercoris,0,0,0,0,0,0,0,0,0,0,0,0,0,0,0,0,0,0,0,0,0,0,0,0,0,0,0,0,0,0,0,0,0,0,0,0,0,0,0,0,0,0,0,0,0.03,0,0,0,0,0,0,0,0,0,0,0,0,0,0,0,0,0,0,0,0,0,0,0,0,0,0,0,0,0,0,0,0,0,0,0,0,0,0,0,0
OTU1090_Pullichristensenella sp963930055,0,0,0,0,0,0,0,0,0,0,0,0,0,0,0,0,0,0,0,0,0,0,0,0,0,0,0,0,0,0,0,0,0,0,0,0,0,0,0,0,0,0,0,0,0.01,0,0,0,0,0,0,0,0,0,0,0,0,0,0,0,0,0,0,0,0,0,0,0,0,0,0,0,0,0,0,0,0,0,0,0,0,0,0,0,0
OTU1091_Borkfalkia excrementigallinarum,0,0,0,0,0,0,0,0,0,0,0,0,0,0,0,0,0,0,0,0,0,0,0,0,0,0,0,0,0,0,0,0,0,0,0,0,0,0,0,0,0,0,0,0,0.01,0,0,0,0,0,0,0,0,0,0,0,0,0,0,0,0,0,0,0,0,0,0,0,0,0,0,0,0,0,0,0,0,0,0,0,0,0,0,0,0
OTU1092_Scatomorpha merdavium,0,0,0,0,0,0,0,0,0,0,0,0,0,0,0,0,0,0,0,0,0,0,0,0,0,0,0,0,0,0,0,0,0,0,0,0,0,0,0,0,0,0,0,0,0.01,0,0,0.11,0,0,0,0,0,0,0,0,0,0,0,0,0,0,0,0,0,0,0,0,0,0,0,0,0,0,0,0,0,0,0,0,0,0,0,0,0
OTU1093_Pelethomonas sp944387775,0,0,0,0,0,0,0,0,0,0,0,0,0,0,0,0,0,0,0,0,0,0,0,0,0,0,0,0,0,0,0,0,0,0,0,0,0,0,0,0,0,0,0,0,0.02,0,0,0,0,0,0,0,0,0,0,0,0,0,0,0,0,0,0,0,0,0,0,0,0,0,0,0,0,0,0,0,0,0,0,0,0,0,0,0,0
OTU1094_Anaerotruncus rubiinfantis,0,0,0,0,0,0,0,0,0,0,0,0,0,0,0,0,0,0,0,0,0,0,0,0,0,0,0,0,0,0,0,0,0,0,0,0,0,0,0,0,0,0,0,0,0.01,0,0.01,0.02,0,0,0,0.02,0,0,0,0,0,0,0,0,0,0,0,0,0,0,0,0,0,0,0,0,0,0,0,0,0,0,0,0,0,0,0,0,0
OTU1095_Anaerotruncus excrementipullorum,0,0,0,0,0,0,0,0,0,0,0,0,0,0,0,0,0,0,0,0,0,0,0,0,0,0,0,0,0,0,0,0,0,0,0,0,0,0,0,0,0,0,0,0,0.03,0,0,0,0,0,0,0,0,0,0,0,0,0,0,0,0,0,0,0,0,0,0,0,0,0,0,0,0,0,0,0,0,0,0,0,0,0,0,0,0
OTU1096_CASGDD01 sp949300115,0,0,0,0,0,0,0,0,0,0,0,0,0,0,0,0,0,0,0,0,0,0,0,0,0,0,0,0,0,0,0,0,0,0,0,0,0,0,0,0,0,0,0,0,0.02,0,0,0,0,0,0,0,0,0,0,0,0,0,0,0,0,0,0,0,0,0,0,0,0,0,0,0,0,0,0,0,0,0,0,0,0,0,0,0,0
OTU1097_Ligaoa zhengdingensis,0,0,0,0,0,0,0,0,0,0,0,0,0,0,0,0,0,0,0,0,0,0,0,0,0,0,0,0,0,0,0,0,0,0,0,0,0,0,0,0,0,0,0,0,0.02,0,0.03,0,0,0,0,0,0,0,0,0,0,0,0,0,0,0,0,0,0,0,0,0,0,0,0,0,0,0,0,0,0,0,0,0,0,0,0,0,0
OTU1098_Copromonas avistercoris,0,0,0,0,0,0,0,0,0,0,0,0,0,0,0,0,0,0,0,0,0,0,0,0,0,0,0,0,0,0,0,0,0,0,0,0,0,0,0,0,0,0,0,0,0.02,0,0,0,0,0,0,0,0,0,0,0,0,0,0,0,0,0,0,0,0,0,0,0,0,0,0,0,0,0,0,0,0,0,0,0,0,0,0,0,0
OTU1099_UMGS1370 sp904395885,0,0,0,0,0,0,0,0,0,0,0,0,0,0,0,0,0,0,0,0,0,0,0,0,0,0,0,0,0,0,0,0,0,0,0,0,0,0,0,0,0,0,0,0,0.01,0,0,0,0,0,0,0,0,0,0,0,0,0,0,0,0,0,0,0,0,0,0,0,0,0,0,0,0,0,0,0,0,0,0,0,0,0,0,0,0
OTU1100_Hominicoprocola sp002437735,0,0,0,0,0,0,0,0,0,0,0,0,0,0,0,0,0,0,0,0,0,0,0,0,0,0,0,0,0,0,0,0,0,0,0,0,0,0,0,0,0,0,0,0,0,0.07,0,0,0,0,0,0,0,0,0,0,0,0,0,0,0,0,0,0,0,0,0,0,0,0,0,0,0,0,0.04,0,0,0,0,0,0,0,0,0,0
OTU1101_HGM13006 sp905202605,0,0,0,0,0,0,0,0,0,0,0,0,0,0,0,0,0,0,0,0,0,0,0,0,0,0,0,0,0,0,0,0,0,0,0,0,0,0,0,0,0,0,0,0,0,0.02,0,0,0,0,0,0,0,0,0,0,0,0,0,0,0,0,0,0,0,0,0,0,0,0,0,0,0,0,0,0,0,0,0,0,0,0,0,0,0
OTU1102_Allochristensenella sp019415425,0,0,0,0,0,0,0,0,0,0,0,0,0,0,0,0,0,0,0,0,0,0,0,0,0,0,0,0,0,0,0,0,0,0,0,0,0,0,0,0,0,0,0,0,0,0.03,0,0,0,0,0,0,0,0,0,0,0,0,0,0,0,0,0,0,0,0,0,0,0,0,0,0,0,0,0,0,0,0,0,0,0,0,0,0,0
OTU1103_Enteroscipio sp958454405,0,0,0,0,0,0,0,0,0,0,0,0,0,0,0,0,0,0,0,0,0,0,0,0,0,0,0,0,0,0,0,0,0,0,0,0,0,0,0,0,0,0,0,0,0,0.02,0,0,0,0,0,0,0,0,0,0,0,0,0,0,0,0,0,0,0,0,0,0,0,0,0,0,0,0,0,0,0,0,0,0,0.04,0,0,0,0
OTU1104_Collinsella sp937965595,0,0,0,0,0,0,0,0,0,0,0,0,0,0,0,0,0,0,0,0,0,0,0,0,0,0,0,0,0,0,0,0,0,0,0,0,0,0,0,0,0,0,0,0,0,0.44,0,0,0,0,0,0,0,0,0,0,0,0,0,0,0,0,0,0,0,0,0,0,0,0,0,0,0,0,0,0,0,0,0,0,0,0,0,0,0
OTU1105_Haemophilus_D sp905371285,0,0,0,0,0,0,0,0,0,0,0,0,0,0,0,0,0,0,0,0,0,0,0,0,0,0,0,0,0,0,0,0,0,0,0,0,0,0,0,0,0,0,0,0,0,0.01,0,0,0,0,0,0,0,0,0,0,0,0,0,0,0,0,0,0,0,0,0,0,0,0,0,0,0.01,0,0,0,0,0,0,0,0,0,0,0,0
OTU1106_Haemophilus_D parainfluenzae_S,0,0,0,0,0,0,0,0,0,0,0,0,0,0,0,0,0,0,0,0,0,0,0,0,0,0,0,0,0,0,0,0,0,0,0,0,0,0,0,0,0,0,0,0,0,0.01,0,0,0,0,0,0,0,0,0,0,0,0,0.09,0,0,0,0,0,0,0,0,0,0,0,0,0,0,0,0,0,0,0,0,0,0,0,0,0,0
OTU1107_Wujia sp900539705,0,0,0,0,0,0,0,0,0,0,0,0,0,0,0,0,0,0,0,0,0,0,0,0,0,0,0,0,0,0,0,0,0,0,0,0,0,0,0,0,0,0,0,0,0,0,0.02,0,0,0,0,0,0,0,0,0,0,0,0,0,0,0,0,0,0.01,0,0,0,0,0,0,0,0,0,0,0,0,0,0,0,0,0,0,0,0
OTU1108_Roseburia_D yibonii,0,0,0,0,0,0,0,0,0,0,0,0,0,0,0,0,0,0,0,0,0,0,0,0,0,0,0,0,0,0,0,0,0,0,0,0,0,0,0,0,0,0,0,0,0,0,0.04,0.02,0,0,0,0,0,0,0,0,0,0,0,0,0,0,0,0,0,0,0,0,0,0,0,0,0.2,0,0.03,0.52,0.02,0,0,0,0,0,0,0,0
OTU1109_Faecousia sp900546075,0,0,0,0,0,0,0,0,0,0,0,0,0,0,0,0,0,0,0,0,0,0,0,0,0,0,0,0,0,0,0,0,0,0,0,0,0,0,0,0,0,0,0,0,0,0,0.03,0,0,0,0,0,0,0,0.03,0,0,0,0,0,0,0,0,0,0,0,0,0,0,0,0,0,0,0,0,0,0,0,0,0,0,0,0,0,0
OTU1110_UBA737 sp900547305,0,0,0,0,0,0,0,0,0,0,0,0,0,0,0,0,0,0,0,0,0,0,0,0,0,0,0,0,0,0,0,0,0,0,0,0,0,0,0,0,0,0,0,0,0,0,0.03,0,0,0,0,0,0,0,0,0,0,0,0,0,0,0,0,0,0,0,0,0,0,0,0,0,0,0,0,0,0,0,0,0,0,0,0,0,0
OTU1111_UBA737 sp900549755,0,0,0,0,0,0,0,0,0,0,0,0,0,0,0,0,0,0,0,0,0,0,0,0,0,0,0,0,0,0,0,0,0,0,0,0,0,0,0,0,0,0,0,0,0,0,0.01,0,0,0,0,0,0,0,0,0,0,0,0,0,0,0,0,0,0,0,0,0,0,0,0,0,0,0,0,0,0,0,0,0,0,0,0,0,0
OTU1112_UMGS1338 sp900550805,0,0,0,0,0,0,0,0,0,0,0,0,0,0,0,0,0,0,0,0,0,0,0,0,0,0,0,0,0,0,0,0,0,0,0,0,0,0,0,0,0,0,0,0,0,0,0.14,0,0,0,0,0,0,0,0,0,0,0,0,0,0,0,0,0,0,0,0,0,0,0,0,0,0,0,0,0,0,0,0,0,0,0,0,0,0
OTU1113_UMGS1338 sp934465535,0,0,0,0,0,0,0,0,0,0,0,0,0,0,0,0,0,0,0,0,0,0,0,0,0,0,0,0,0,0,0,0,0,0,0,0,0,0,0,0,0,0,0,0,0,0,0.02,0,0,0,0,0,0,0,0,0,0,0,0,0,0,0,0,0,0,0,0,0,0,0,0,0,0,0,0,0,0,0,0,0,0,0,0,0,0
OTU1114_Hominibacterium sp019420305,0,0,0,0,0,0,0,0,0,0,0,0,0,0,0,0,0,0,0,0,0,0,0,0,0,0,0,0,0,0,0,0,0,0,0,0,0,0,0,0,0,0,0,0,0,0,0.01,0,0,0,0,0,0,0,0,0,0,0,0,0,0,0,0,0,0,0,0,0,0,0,0,0,0,0,0,0,0,0,0,0,0,0,0,0,0
OTU1115_Streptococcus sp004166885,0,0,0,0,0,0,0,0,0,0,0,0,0,0,0,0,0,0,0,0,0,0,0,0,0,0,0,0,0,0,0,0,0,0,0,0,0,0,0,0,0,0,0,0,0,0,0.02,0,0,0,0,0,0,0,0,0,0,0,0,0,0,0,0,0,0,0,0,0,0,0,0,0,0,0,0,0,0,0,0,0,0,0,0,0,0
OTU1116_Streptococcus parasanguinis_Q,0,0,0,0,0,0,0,0,0,0,0,0,0,0,0,0,0,0,0,0,0,0,0,0,0,0,0,0,0,0,0,0,0,0,0,0,0,0,0,0,0,0,0,0,0,0,0.03,0,0,0,0,0,0,0,0,0,0,0,0,0,0,0,0,0,0,0,0,0,0,0,0,0,0,0,0,0,0,0,0,0,0,0,0,0,0
OTU1117_CAG-302 sp934182615,0,0,0,0,0,0,0,0,0,0,0,0,0,0,0,0,0,0,0,0,0,0,0,0,0,0,0,0,0,0,0,0,0,0,0,0,0,0,0,0,0,0,0,0,0,0,0.09,0,0,0,0,0,0,0,0,0,0,0,0,0,0,0,0,0,0,0,0,0,0,0,0,0,0,0,0,0,0,0,0,0,0,0,0,0,0
OTU1118_Collinsella sp900758475,0,0,0,0,0,0,0,0,0,0,0,0,0,0,0,0,0,0,0,0,0,0,0,0,0,0,0,0,0,0,0,0,0,0,0,0,0,0,0,0,0,0,0,0,0,0,2.74,0,0,0,0,0,0,0,0,0,0,0,0,0,0,0,0,0,0,0,0,0,0,0,0,0,0,0,0,0,0,0,0,0,0,0,0,0,0
OTU1119_Citrobacter braakii,0,0,0,0,0,0,0,0,0,0,0,0,0,0,0,0,0,0,0,0,0,0,0,0,0,0,0,0,0,0,0,0,0,0,0,0,0,0,0,0,0,0,0,0,0,0,0,0.01,0,0,0,0.01,0,0,0,0,0,0,0,0,0,0,0,0,0,0,0,0,0,0,0,0,0,0,0,0,0,0,0,0,0,0,0,0,0
OTU1120_Citrobacter freundii,0,0,0,0,0,0,0,0,0,0,0,0,0,0,0,0,0,0,0,0,0,0,0,0,0,0,0,0,0,0,0,0,0,0,0,0,0,0,0,0,0,0,0,0,0,0,0,0.01,0,0,0,0,0,0,0,0,0,0,0,0,0,0,0,0,0,0,0,0,0,0,0,0,0,0,0,0,0,0,0,0,0,0,0,0,0
OTU1121_Scatomorpha sp944385765,0,0,0,0,0,0,0,0,0,0,0,0,0,0,0,0,0,0,0,0,0,0,0,0,0,0,0,0,0,0,0,0,0,0,0,0,0,0,0,0,0,0,0,0,0,0,0,0.01,0,0,0,0,0,0,0,0,0,0,0,0,0,0,0,0,0,0,0,0,0,0,0,0,0,0,0,0,0,0,0,0,0,0,0,0,0
OTU1122_CAJFPI01 sp904420435,0,0,0,0,0,0,0,0,0,0,0,0,0,0,0,0,0,0,0,0,0,0,0,0,0,0,0,0,0,0,0,0,0,0,0,0,0,0,0,0,0,0,0,0,0,0,0,0.01,0,0,0,0,0,0,0,0,0,0,0,0,0,0,0,0,0,0,0,0,0,0,0,0,0,0,0,0,0,0,0,0,0,0,0,0,0
OTU1123_Angelakisella sp023451415,0,0,0,0,0,0,0,0,0,0,0,0,0,0,0,0,0,0,0,0,0,0,0,0,0,0,0,0,0,0,0,0,0,0,0,0,0,0,0,0,0,0,0,0,0,0,0,0.01,0,0,0,0,0,0,0,0,0,0,0,0,0,0,0,0,0,0,0,0,0,0,0,0,0,0,0,0,0,0,0,0,0,0,0,0,0
OTU1124_Porcipelethomonas sp900538575,0,0,0,0,0,0,0,0,0,0,0,0,0,0,0,0,0,0,0,0,0,0,0,0,0,0,0,0,0,0,0,0,0,0,0,0,0,0,0,0,0,0,0,0,0,0,0,0.83,0,0,0,0,0,0,0,0,0,0,0,0,0,0,0,0,0,0,0,0,0,0,0,0,0,0,0,0,0,0,0,0,0,0,0,0,0
OTU1125_Galloscillospira_B sp902474785,0,0,0,0,0,0,0,0,0,0,0,0,0,0,0,0,0,0,0,0,0,0,0,0,0,0,0,0,0,0,0,0,0,0,0,0,0,0,0,0,0,0,0,0,0,0,0,0.07,0,0,0,0,0,0,0,0,0,0,0,0,0,0,0,0,0,0,0,0,0,0,0,0,0,0,0,0,0,0,0,0,0,0,0,0,0
OTU1126_Ventrousia excrementavium,0,0,0,0,0,0,0,0,0,0,0,0,0,0,0,0,0,0,0,0,0,0,0,0,0,0,0,0,0,0,0,0,0,0,0,0,0,0,0,0,0,0,0,0,0,0,0,0.01,0,0,0,0,0,0,0,0,0,0,0,0,0,0,0,0,0,0,0,0,0,0,0,0,0,0,0,0,0,0,0,0,0,0,0,0,0
OTU1127_Woodwardiibium gallinarum,0,0,0,0,0,0,0,0,0,0,0,0,0,0,0,0,0,0,0,0,0,0,0,0,0,0,0,0,0,0,0,0,0,0,0,0,0,0,0,0,0,0,0,0,0,0,0,0.1,0,0,0,0,0,0,0,0,0,0,0,0,0,0,0,0,0,0,0,0,0,0,0,0,0,0,0,0,0,0,0,0,0,0,0,0,0
OTU1128_Agathobacter sp000434275,0,0,0,0,0,0,0,0,0,0,0,0,0,0,0,0,0,0,0,0,0,0,0,0,0,0,0,0,0,0,0,0,0,0,0,0,0,0,0,0,0,0,0,0,0,0,0,0.09,0,0,0,0,0,0,0.93,0,0,0,0,0,0,0,0,0,0,0,0,0,0,0,0,0,0,0,0,0,0,0,0,0,0,0,0,0,0
OTU1129_CAG-475 sp000434435,0,0,0,0,0,0,0,0,0,0,0,0,0,0,0,0,0,0,0,0,0,0,0,0,0,0,0,0,0,0,0,0,0,0,0,0,0,0,0,0,0,0,0,0,0,0,0,2.87,0,0,0,0,0,0,0,0,0,0,0,0,0,0,0,0,0,0,0,0,0,0,0,0,0,0,0,0,0,0,0,0,0,0,0,0,0
OTU1130_CALWRM01 sp944383925,0,0,0,0,0,0,0,0,0,0,0,0,0,0,0,0,0,0,0,0,0,0,0,0,0,0,0,0,0,0,0,0,0,0,0,0,0,0,0,0,0,0,0,0,0,0,0,0.14,0,0,0,0,0,0,0,0,0,0,0,0,0,0,0,0,0,0,0,0,0,0,0,0,0,0,0,0,0,0,0,0,0,0,0,0,0
OTU1131_Pelethousia sp900542615,0,0,0,0,0,0,0,0,0,0,0,0,0,0,0,0,0,0,0,0,0,0,0,0,0,0,0,0,0,0,0,0,0,0,0,0,0,0,0,0,0,0,0,0,0,0,0,0.06,0,0,0,0,0,0,0,0,0,0,0,0,0,0,0,0,0,0,0,0,0,0,0,0,0,0,0,0,0,0,0,0,0,0,0,0,0
OTU1132_Pelethousia gallinarum,0,0,0,0,0,0,0,0,0,0,0,0,0,0,0,0,0,0,0,0,0,0,0,0,0,0,0,0,0,0,0,0,0,0,0,0,0,0,0,0,0,0,0,0,0,0,0,0.05,0,0,0,0,0,0,0,0,0,0,0,0,0,0,0,0,0,0,0,0,0,0,0,0,0,0,0,0,0,0,0,0,0,0,0,0,0
OTU1133_UBA1685 sp002320595,0,0,0,0,0,0,0,0,0,0,0,0,0,0,0,0,0,0,0,0,0,0,0,0,0,0,0,0,0,0,0,0,0,0,0,0,0,0,0,0,0,0,0,0,0,0,0,0.26,0,0,0,0,0,0,0,0,0,0,0,0,0,0,0,0,0,0,0,0,0,0,0,0,0,0,0,0,0,0,0,0,0,0,0,0,0
OTU1134_Limiplasma sp958448555,0,0,0,0,0,0,0,0,0,0,0,0,0,0,0,0,0,0,0,0,0,0,0,0,0,0,0,0,0,0,0,0,0,0,0,0,0,0,0,0,0,0,0,0,0,0,0,0.03,0,0,0,0,0,0,0,0,0,0,0,0,0,0,0,0,0,0,0,0,0,0,0,0,0,0,0,0,0,0,0,0,0,0,0,0,0
OTU1135_Limiplasma sp023411375,0,0,0,0,0,0,0,0,0,0,0,0,0,0,0,0,0,0,0,0,0,0,0,0,0,0,0,0,0,0,0,0,0,0,0,0,0,0,0,0,0,0,0,0,0,0,0,0.05,0,0,0,0,0,0,0,0,0,0,0,0,0,0,0,0,0,0,0,0,0,0,0,0,0,0,0,0,0,0,0,0,0,0,0,0,0
OTU1136_Alectryocaccomicrobium faecavium,0,0,0,0,0,0,0,0,0,0,0,0,0,0,0,0,0,0,0,0,0,0,0,0,0,0,0,0,0,0,0,0,0,0,0,0,0,0,0,0,0,0,0,0,0,0,0,0.09,0,0,0,0,0,0,0,0,0,0,0,0,0,0,0,0,0,0,0,0,0,0,0,0,0,0,0,0,0,0,0,0,0,0,0,0,0
OTU1137_QAND01 sp003150225,0,0,0,0,0,0,0,0,0,0,0,0,0,0,0,0,0,0,0,0,0,0,0,0,0,0,0,0,0,0,0,0,0,0,0,0,0,0,0,0,0,0,0,0,0,0,0,0.01,0,0,0,0,0,0,0,0,0,0,0,0,0,0,0,0,0,0,0,0,0,0,0,0,0,0,0,0,0.01,0,0,0,0,0,0,0,0
OTU1138_Scatosoma sp934871445,0,0,0,0,0,0,0,0,0,0,0,0,0,0,0,0,0,0,0,0,0,0,0,0,0,0,0,0,0,0,0,0,0,0,0,0,0,0,0,0,0,0,0,0,0,0,0,0.04,0,0,0,0,0,0,0,0,0,0,0,0,0,0,0,0,0,0,0,0,0,0,0,0,0,0,0,0,0,0,0,0,0,0,0,0,0
OTU1139_JAHZEH01 sp019421925,0,0,0,0,0,0,0,0,0,0,0,0,0,0,0,0,0,0,0,0,0,0,0,0,0,0,0,0,0,0,0,0,0,0,0,0,0,0,0,0,0,0,0,0,0,0,0,0.01,0,0,0,0,0,0,0,0,0,0,0,0,0,0,0,0,0,0,0,0,0,0,0,0,0,0,0,0,0,0,0,0,0,0,0,0,0
OTU1140_Onthocola_B sp900544625,0,0,0,0,0,0,0,0,0,0,0,0,0,0,0,0,0,0,0,0,0,0,0,0,0,0,0,0,0,0,0,0,0,0,0,0,0,0,0,0,0,0,0,0,0,0,0,0.25,0,0,0,0.03,0,0,0,0,0,0,0,0,0,0,0,0,0,0,0,0,0,0,0,0,0,0,0,0,0,0,0,0,0,0,0,0,0
OTU1141_Onthocola_B sp934096035,0,0,0,0,0,0,0,0,0,0,0,0,0,0,0,0,0,0,0,0,0,0,0,0,0,0,0,0,0,0,0,0,0,0,0,0,0,0,0,0,0,0,0,0,0,0,0,0.11,0,0,0,0,0,0,0,0,0,0,0,0,0,0,0,0,0,0,0,0,0,0,0,0,0,0,0,0,0,0,0,0,0,0,0,0,0
OTU1142_Bacteroides cellulosilyticus,0,0,0,0,0,0,0,0,0,0,0,0,0,0,0,0,0,0,0,0,0,0,0,0,0,0,0,0,0,0,0,0,0,0,0,0,0,0,0,0,0,0,0,0,0,0,0,2.58,0,0,0,0,0,0,1.63,0,0,0,0,0,0,0,0,0,0,0,0,0,0,0,0,0,0,0,0,2.56,0,0,0,0,0,0,0,0,0
OTU1143_Collinsella sp905209765,0,0,0,0,0,0,0,0,0,0,0,0,0,0,0,0,0,0,0,0,0,0,0,0,0,0,0,0,0,0,0,0,0,0,0,0,0,0,0,0,0,0,0,0,0,0,0,0,0.24,0,0,0,0,0,0,0,0,0,0,0,0,0,0,0,0,0,0,0,0,0,0,0,0,0,0,0,0,0,0,0,0,0,0,0,0
OTU1144_Leuconostoc mesenteroides,0,0,0,0,0,0,0,0,0,0,0,0,0,0,0,0,0,0,0,0,0,0,0,0,0,0,0,0,0,0,0,0,0,0,0,0,0,0,0,0,0,0,0,0,0,0,0,0,0,0.02,0,0,0,0,0,0,0,0,0,0,0,0,0,0,0,0,0,0,0,0,0,0,0,0,0,0,0,0,0,0,0,0,0,0,0
OTU1145_Eubacterium_R sp900539325,0,0,0,0,0,0,0,0,0,0,0,0,0,0,0,0,0,0,0,0,0,0,0,0,0,0,0,0,0,0,0,0,0,0,0,0,0,0,0,0,0,0,0,0,0,0,0,0,0,1.02,0,0,0,0,0,0,0,0,0,0,0,0,0,0,0,0,0,0,0,0,0,0,0,0,0,0,0,0,0,0,0,0,0,0,0
OTU1146_Faecalibacterium sp934514285,0,0,0,0,0,0,0,0,0,0,0,0,0,0,0,0,0,0,0,0,0,0,0,0,0,0,0,0,0,0,0,0,0,0,0,0,0,0,0,0,0,0,0,0,0,0,0,0,0,0.25,0,0,0,0,0,0,0,0,0,0,0,0,0,0,0,0,0,0,0,0,0,0,0,0,0,0,0,0,0.07,0,0,0,0,0,0
OTU1147_Novisyntrophococcus sp900539175,0,0,0,0,0,0,0,0,0,0,0,0,0,0,0,0,0,0,0,0,0,0,0,0,0,0,0,0,0,0,0,0,0,0,0,0,0,0,0,0,0,0,0,0,0,0,0,0,0,2.41,0,0,0,0,0,0,0,0,0,0,0,0,0,0,0,0,0,0,0,0,0,0,0,0,0,0,0,0,0,0,0,0,0,0,0
OTU1148_Butyribacter sp000436755,0,0,0,0,0,0,0,0,0,0,0,0,0,0,0,0,0,0,0,0,0,0,0,0,0,0,0,0,0,0,0,0,0,0,0,0,0,0,0,0,0,0,0,0,0,0,0,0,0,0.06,0,0,0,0,0,0,0,0,0,0,0,0,0,0,0,0,0,0,0,0,0,0,0,0,0,0,0,0,0,0,0,0,0,0,0
OTU1149_Butyribacter sp934320845,0,0,0,0,0,0,0,0,0,0,0,0,0,0,0,0,0,0,0,0,0,0,0,0,0,0,0,0,0,0,0,0,0,0,0,0,0,0,0,0,0,0,0,0,0,0,0,0,0,0.01,0,0,0,0,0,0,0,0,0,0,0,0,0,0,0,0,0,0,0,0,0,0,0,0,0,0,0,0,0,0,0,0,0,0,0
OTU1150_Sutterella sp900762445,0,0,0,0,0,0,0,0,0,0,0,0,0,0,0,0,0,0,0,0,0,0,0,0,0,0,0,0,0,0,0,0,0,0,0,0,0,0,0,0,0,0,0,0,0,0,0,0,0,0.4,0,0,0,0,0,0,0,0,0,0,0,0,0,0,0,0,0,0,0,0,0,0,0,0,0,0,0,0,0,0,0,0,0,0,0
OTU1151_Phocaeicola sp947574505,0,0,0,0,0,0,0,0,0,0,0,0,0,0,0,0,0,0,0,0,0,0,0,0,0,0,0,0,0,0,0,0,0,0,0,0,0,0,0,0,0,0,0,0,0,0,0,0,0,0.43,0,0,0,0,0,0,0,0,0,0,0,0,0,0,0,0,0,0,0,0,0,0,0,0,0,0,0,0,0,0,0,0,0,0,0
OTU1152_Phocaeicola sp902388365,0,0,0,0,0,0,0,0,0,0,0,0,0,0,0,0,0,0,0,0,0,0,0,0,0,0,0,0,0,0,0,0,0,0,0,0,0,0,0,0,0,0,0,0,0,0,0,0,0,0.11,0,0,0,0,0,0,0,0,0,0,0,0,0,0,0,0,0,0,0,0,0,0,0,0,0,0,0,0,0,0,0,0,0,0,0
OTU1153_Blautia coccoides,0,0,0,0,0,0,0,0,0,0,0,0,0,0,0,0,0,0,0,0,0,0,0,0,0,0,0,0,0,0,0,0,0,0,0,0,0,0,0,0,0,0,0,0,0,0,0,0,0,0,0.04,0,0,0,0,0,0.05,0,0,0,0,0,0,0,0,0,0,0,0,0,0,0,0,0,0,0.03,0,0,0,0,0,0,0,0,0
OTU1154_Catenibacillus sp900553975,0,0,0,0,0,0,0,0,0,0,0,0,0,0,0,0,0,0,0,0,0,0,0,0,0,0,0,0,0,0,0,0,0,0,0,0,0,0,0,0,0,0,0,0,0,0,0,0,0,0,0.01,0,0,0,0,0,0.02,0,0,0,0,0,0,0,0,0,0,0,0,0,0,0,0,0,0,0,0,0,0.07,0,0,0,0,0,0
OTU1155_Dorea_B phocaeensis,0,0,0,0,0,0,0,0,0,0,0,0,0,0,0,0,0,0,0,0,0,0,0,0,0,0,0,0,0,0,0,0,0,0,0,0,0,0,0,0,0,0,0,0,0,0,0,0,0,0,0.32,0,0,0,0,0.01,0.39,0,0,0,0,0,0,0,0.07,0,0,0,0.06,0,0,0,0,0,0,0,0,0,0,0,0,0,0,0,0
OTU1156_Hungatella_A hathewayi_A,0,0,0,0,0,0,0,0,0,0,0,0,0,0,0,0,0,0,0,0,0,0,0,0,0,0,0,0,0,0,0,0,0,0,0,0,0,0,0,0,0,0,0,0,0,0,0,0,0,0,0.01,0,0,0,0,0,0,0,0,0,0,0,0,0,0,0,0,0,0.02,0,0.01,0,0,0,0,0,0,0,0,0,0,0,0,0,0
OTU1157_Metaruminococcus_A sp003150405,0,0,0,0,0,0,0,0,0,0,0,0,0,0,0,0,0,0,0,0,0,0,0,0,0,0,0,0,0,0,0,0,0,0,0,0,0,0,0,0,0,0,0,0,0,0,0,0,0,0,0.03,0,0,0,0,0,0.04,0,0,0,0,0,0,0,0,0,0,0,0,0,0,0,0,0,0,0,0,0,0,0,0,0,0,0,0
OTU1158_Emergencia sp937894585,0,0,0,0,0,0,0,0,0,0,0,0,0,0,0,0,0,0,0,0,0,0,0,0,0,0,0,0,0,0,0,0,0,0,0,0,0,0,0,0,0,0,0,0,0,0,0,0,0,0,0.06,0,0,0,0,0,0.05,0,0,0,0,0,0,0,0,0,0,0,0,0,0,0,0,0,0,0,0,0,0,0,0,0,0,0,0
OTU1159_Egerieisoma sp902462635,0,0,0,0,0,0,0,0,0,0,0,0,0,0,0,0,0,0,0,0,0,0,0,0,0,0,0,0,0,0,0,0,0,0,0,0,0,0,0,0,0,0,0,0,0,0,0,0,0,0,0.04,0,0,0,0,0,0.03,0,0,0,0,0,0,0,0,0,0,0,0,0,0,0,0,0,0,0,0,0,0,0,0,0,0,0,0
OTU1160_Amedibacillus dolichus,0,0,0,0,0,0,0,0,0,0,0,0,0,0,0,0,0,0,0,0,0,0,0,0,0,0,0,0,0,0,0,0,0,0,0,0,0,0,0,0,0,0,0,0,0,0,0,0,0,0,0.02,0,0,0,0,0,0.03,0,0,0,0,0,0,0,0,0,0,0,0,0,0,0,0,0,0,0,0,0,0,0,0,0,0,0,0
OTU1161_Parabacteroides distasonis_A,0,0,0,0,0,0,0,0,0,0,0,0,0,0,0,0,0,0,0,0,0,0,0,0,0,0,0,0,0,0,0,0,0,0,0,0,0,0,0,0,0,0,0,0,0,0,0,0,0,0,0.08,0,0.02,0,0.15,0.15,0.07,0.09,0,0,0,0,0,0.08,0,0,0,0,0,0,0,0,0,0,0,0,0,0,0,0,0,0,0,0,0
OTU1162_Laedolimicola sp934373375,0,0,0,0,0,0,0,0,0,0,0,0,0,0,0,0,0,0,0,0,0,0,0,0,0,0,0,0,0,0,0,0,0,0,0,0,0,0,0,0,0,0,0,0,0,0,0,0,0,0,0,0.01,0,0,0,0,0,0.02,0,0,0,0,0,0,0,0,0,0,0,0,0,0,0,0,0,0,0,0,0,0,0,0,0,0,0
OTU1163_RGIG9041 sp017937065,0,0,0,0,0,0,0,0,0,0,0,0,0,0,0,0,0,0,0,0,0,0,0,0,0,0,0,0,0,0,0,0,0,0,0,0,0,0,0,0,0,0,0,0,0,0,0,0,0,0,0,0.04,0,0,0,0,0,0,0,0,0,0,0,0,0,0,0,0,0,0,0,0,0,0,0,0,0,0,0,0,0,0,0,0,0
OTU1164_CAJMQN01 sp905215695,0,0,0,0,0,0,0,0,0,0,0,0,0,0,0,0,0,0,0,0,0,0,0,0,0,0,0,0,0,0,0,0,0,0,0,0,0,0,0,0,0,0,0,0,0,0,0,0,0,0,0,0.03,0,0,0,0,0,0,0,0,0,0,0,0,0,0,0,0,0,0,0,0,0,0,0,0,0,0,0,0,0,0,0,0,0
OTU1165_HGM11417 sp900761895,0,0,0,0,0,0,0,0,0,0,0,0,0,0,0,0,0,0,0,0,0,0,0,0,0,0,0,0,0,0,0,0,0,0,0,0,0,0,0,0,0,0,0,0,0,0,0,0,0,0,0,0.01,0,0,0,0,0,0,0,0,0,0,0,0,0,0,0,0,0,0,0,0,0,0,0,0,0,0,0,0,0,0,0,0,0
OTU1166_CAG-238 sp900754805,0,0,0,0,0,0,0,0,0,0,0,0,0,0,0,0,0,0,0,0,0,0,0,0,0,0,0,0,0,0,0,0,0,0,0,0,0,0,0,0,0,0,0,0,0,0,0,0,0,0,0,0.07,0,0,0,0,0,0,0,0,0,0,0,0,0,0,0,0,0,0,0,0,0,0,0,0,0,0,0,0,0,0,0,0,0
OTU1167_UBA7185 sp002491065,0,0,0,0,0,0,0,0,0,0,0,0,0,0,0,0,0,0,0,0,0,0,0,0,0,0,0,0,0,0,0,0,0,0,0,0,0,0,0,0,0,0,0,0,0,0,0,0,0,0,0,0.02,0,0,0,0,0,0,0,0,0,0,0,0,0,0,0,0,0,0,0,0,0,0,0,0,0,0,0,0,0,0,0,0,0
OTU1168_Leuconostoc sp946222815,0,0,0,0,0,0,0,0,0,0,0,0,0,0,0,0,0,0,0,0,0,0,0,0,0,0,0,0,0,0,0,0,0,0,0,0,0,0,0,0,0,0,0,0,0,0,0,0,0,0,0,0,0.02,0,0,0,0,0,0,0,0,0,0,0,0,0,0,0,0,0,0,0,0,0,0,0,0,0,0,0,0,0,0,0,0
OTU1169_Gemmiger sp900540595,0,0,0,0,0,0,0,0,0,0,0,0,0,0,0,0,0,0,0,0,0,0,0,0,0,0,0,0,0,0,0,0,0,0,0,0,0,0,0,0,0,0,0,0,0,0,0,0,0,0,0,0,0,1.4,0,0,0,0,0,0,0,0,0,0,0,0,0,0,0,0,0,0,0,0,0,0,0,0,0,0,0,0.07,0.17,0,0
OTU1170_Phocaeicola plebeius_A,0,0,0,0,0,0,0,0,0,0,0,0,0,0,0,0,0,0,0,0,0,0,0,0,0,0,0,0,0,0,0,0,0,0,0,0,0,0,0,0,0,0,0,0,0,0,0,0,0,0,0,0,0,3.13,0,0,0,0,0,0,0,0,0,0,0,0,0,0,0,0,0,0,0,0,0,0,0,0,0,0,0,0,0,0,0
OTU1171_Butyribacter hominis,0,0,0,0,0,0,0,0,0,0,0,0,0,0,0,0,0,0,0,0,0,0,0,0,0,0,0,0,0,0,0,0,0,0,0,0,0,0,0,0,0,0,0,0,0,0,0,0,0,0,0,0,0,0,0.06,0,0,0,0,0,0.03,0,0,0,0,0,0,0,0,0,0,0,0,0,0,0,0,0,0,0,0,0,0,0,0
OTU1172_CAG-303 sp000437755,0,0,0,0,0,0,0,0,0,0,0,0,0,0,0,0,0,0,0,0,0,0,0,0,0,0,0,0,0,0,0,0,0,0,0,0,0,0,0,0,0,0,0,0,0,0,0,0,0,0,0,0,0,0,0.32,0,0,0,0,0,0,0,0,0,0,0,0,0,0,0,0,0,0,0,0,0,0,0,0,0,0,0,0,0,0
OTU1173_Fumia xinanensis,0,0,0,0,0,0,0,0,0,0,0,0,0,0,0,0,0,0,0,0,0,0,0,0,0,0,0,0,0,0,0,0,0,0,0,0,0,0,0,0,0,0,0,0,0,0,0,0,0,0,0,0,0,0,0.01,0.02,0,0,0,0,0,0,0,0,0,0,0,0,0,0,0,0,0,0,0,0,0,0,0,0,0,0,0,0,0
OTU1174_Ruminococcus_C sp902464115,0,0,0,0,0,0,0,0,0,0,0,0,0,0,0,0,0,0,0,0,0,0,0,0,0,0,0,0,0,0,0,0,0,0,0,0,0,0,0,0,0,0,0,0,0,0,0,0,0,0,0,0,0,0,0.04,0,0,0,0,0,0,0,0,0,0,0,0,0,0,0,0,0,0,0,0,0,0,0,0,0,0,0,0,0,0
OTU1175_HGM13006 sp900757695,0,0,0,0,0,0,0,0,0,0,0,0,0,0,0,0,0,0,0,0,0,0,0,0,0,0,0,0,0,0,0,0,0,0,0,0,0,0,0,0,0,0,0,0,0,0,0,0,0,0,0,0,0,0,0.09,0.01,0,0,0,0,0,0,0,0,0,0,0,0,0,0,0,0,0,0,0,0,0,0,0,0,0,0,0,0,0
OTU1176_Clostridium sp934754925,0,0,0,0,0,0,0,0,0,0,0,0,0,0,0,0,0,0,0,0,0,0,0,0,0,0,0,0,0,0,0,0,0,0,0,0,0,0,0,0,0,0,0,0,0,0,0,0,0,0,0,0,0,0,0.11,0,0,0,0.05,0,0,0,0,0,0,0,0,0,0,0,0,0,0,0,0,0,0,0,0,0,0,0,0,0,0
OTU1177_Veillonella sp032470285,0,0,0,0,0,0,0,0,0,0,0,0,0,0,0,0,0,0,0,0,0,0,0,0,0,0,0,0,0,0,0,0,0,0,0,0,0,0,0,0,0,0,0,0,0,0,0,0,0,0,0,0,0,0,0.26,0,0,0,0,0,0,0,0,0,0,0,0,0,0,0,0,0,0,0,0,0,0,0,0,0,0,0,0,0,0
OTU1178_Granulicatella sp916050055,0,0,0,0,0,0,0,0,0,0,0,0,0,0,0,0,0,0,0,0,0,0,0,0,0,0,0,0,0,0,0,0,0,0,0,0,0,0,0,0,0,0,0,0,0,0,0,0,0,0,0,0,0,0,0.01,0,0,0,0,0,0,0,0,0,0,0,0,0,0,0,0,0,0,0,0,0,0,0,0,0,0,0,0,0,0
OTU1179_HGM10766 sp900757295,0,0,0,0,0,0,0,0,0,0,0,0,0,0,0,0,0,0,0,0,0,0,0,0,0,0,0,0,0,0,0,0,0,0,0,0,0,0,0,0,0,0,0,0,0,0,0,0,0,0,0,0,0,0,0.05,0,0,0,0,0,0,0,0,0,0.09,0,0,0,0,0,0,0,0,0,0,0,0,0,0,0,0,0,0,0,0
OTU1180_Pseudomonas_E psychrophila,0,0,0,0,0,0,0,0,0,0,0,0,0,0,0,0,0,0,0,0,0,0,0,0,0,0,0,0,0,0,0,0,0,0,0,0,0,0,0,0,0,0,0,0,0,0,0,0,0,0,0,0,0,0,0.01,0,0,0,0,0,0,0,0,0,0,0,0,0,0,0,0,0,0,0,0,0,0,0,0,0,0,0,0,0,0
OTU1181_Pseudomonas_E bubulae,0,0,0,0,0,0,0,0,0,0,0,0,0,0,0,0,0,0,0,0,0,0,0,0,0,0,0,0,0,0,0,0,0,0,0,0,0,0,0,0,0,0,0,0,0,0,0,0,0,0,0,0,0,0,0.01,0,0,0,0,0,0,0,0,0,0,0,0,0,0,0,0,0,0,0,0,0,0,0,0,0,0,0,0,0,0
OTU1182_Pseudomonas_E fragi,0,0,0,0,0,0,0,0,0,0,0,0,0,0,0,0,0,0,0,0,0,0,0,0,0,0,0,0,0,0,0,0,0,0,0,0,0,0,0,0,0,0,0,0,0,0,0,0,0,0,0,0,0,0,0.02,0,0,0,0,0,0,0,0,0,0,0,0,0,0,0,0,0,0,0,0,0,0,0,0,0,0,0,0,0,0
OTU1183_Collinsella sp900548515,0,0,0,0,0,0,0,0,0,0,0,0,0,0,0,0,0,0,0,0,0,0,0,0,0,0,0,0,0,0,0,0,0,0,0,0,0,0,0,0,0,0,0,0,0,0,0,0,0,0,0,0,0,0,0.32,0.44,0,0,0,0,0,0,0,0,0,0,0,0,0,0,0,0,0,0,0,0,0,0,0,0,0,0,0,0,0
OTU1184_Collinsella sp905204735,0,0,0,0,0,0,0,0,0,0,0,0,0,0,0,0,0,0,0,0,0,0,0,0,0,0,0,0,0,0,0,0,0,0,0,0,0,0,0,0,0,0,0,0,0,0,0,0,0,0,0,0,0,0,0.27,0.44,0,0,0,0,0,0,0,0,0,0,0,0,0,0,0,0,0,0,0,0,0,0,0,0,0,0,0,0,0
OTU1185_Collinsella sp900541885,0,0,0,0,0,0,0,0,0,0,0,0,0,0,0,0,0,0,0,0,0,0,0,0,0,0,0,0,0,0,0,0,0,0,0,0,0,0,0,0,0,0,0,0,0,0,0,0,0,0,0,0,0,0,0.37,0.73,0,0,0,0,0,0,0,0,0,0,0,0,0,0,0,0,0,0,0,0,0,0,0,0,0,0,0,0,0
OTU1186_Anaerotardibacter sp000434775,0,0,0,0,0,0,0,0,0,0,0,0,0,0,0,0,0,0,0,0,0,0,0,0,0,0,0,0,0,0,0,0,0,0,0,0,0,0,0,0,0,0,0,0,0,0,0,0,0,0,0,0,0,0,0.13,0.04,0,0,0,0,0,0,0,0,0,0,0,0,0,0,0,0,0,0,0,0,0,0,0,0,0,0,0,0,0.03
OTU1187_Varibaculum sp902489465,0,0,0,0,0,0,0,0,0,0,0,0,0,0,0,0,0,0,0,0,0,0,0,0,0,0,0,0,0,0,0,0,0,0,0,0,0,0,0,0,0,0,0,0,0,0,0,0,0,0,0,0,0,0,0,0.01,0,0,0,0,0,0,0,0,0,0,0,0,0,0,0,0,0,0,0,0,0,0,0,0,0,0,0,0,0
OTU1188_Collinsella sp900549745,0,0,0,0,0,0,0,0,0,0,0,0,0,0,0,0,0,0,0,0,0,0,0,0,0,0,0,0,0,0,0,0,0,0,0,0,0,0,0,0,0,0,0,0,0,0,0,0,0,0,0,0,0,0,0,0.51,0,0,0,0,0,0,0,0,0,0,0,0,0,0,0,0,0,0,0,0,0,0,0,0,0,0,0,0,0
OTU1189_Lawsonibacter sp900754605,0,0,0,0,0,0,0,0,0,0,0,0,0,0,0,0,0,0,0,0,0,0,0,0,0,0,0,0,0,0,0,0,0,0,0,0,0,0,0,0,0,0,0,0,0,0,0,0,0,0,0,0,0,0,0,0.02,0,0,0,0,0,0,0,0,0,0,0,0,0,0,0,0,0,0,0,0,0,0,0,0,0,0,0,0,0
OTU1190_Pseudoscillospira sp937915065,0,0,0,0,0,0,0,0,0,0,0,0,0,0,0,0,0,0,0,0,0,0,0,0,0,0,0,0,0,0,0,0,0,0,0,0,0,0,0,0,0,0,0,0,0,0,0,0,0,0,0,0,0,0,0,0.02,0,0,0,0,0,0,0,0,0,0,0.07,0,0,0,0,0,0,0,0,0,0,0,0,0,0,0,0,0,0
OTU1191_Fournierella sp900543285,0,0,0,0,0,0,0,0,0,0,0,0,0,0,0,0,0,0,0,0,0,0,0,0,0,0,0,0,0,0,0,0,0,0,0,0,0,0,0,0,0,0,0,0,0,0,0,0,0,0,0,0,0,0,0,0.16,0,0,0,0,0,0,0,0,0,0,0,0.02,0,0,0,0,0,0,0,0,0,0,0,0,0,0,0,0,0
OTU1192_Acutalibacter sp900548545,0,0,0,0,0,0,0,0,0,0,0,0,0,0,0,0,0,0,0,0,0,0,0,0,0,0,0,0,0,0,0,0,0,0,0,0,0,0,0,0,0,0,0,0,0,0,0,0,0,0,0,0,0,0,0,0.26,0,0,0,0,0,0,0,0,0,0,0,0,0,0,0,0,0,0,0,0,0,0,0,0,0,0,0,0,0
OTU1193_RUG11130 sp934446485,0,0,0,0,0,0,0,0,0,0,0,0,0,0,0,0,0,0,0,0,0,0,0,0,0,0,0,0,0,0,0,0,0,0,0,0,0,0,0,0,0,0,0,0,0,0,0,0,0,0,0,0,0,0,0,0.02,0,0,0,0,0,0,0,0,0,0,0,0,0,0,0,0,0,0,0,0,0,0,0,0,0,0,0,0,0
OTU1194_Alterileibacterium massiliense,0,0,0,0,0,0,0,0,0,0,0,0,0,0,0,0,0,0,0,0,0,0,0,0,0,0,0,0,0,0,0,0,0,0,0,0,0,0,0,0,0,0,0,0,0,0,0,0,0,0,0,0,0,0,0,0.01,0,0,0,0,0,0,0,0,0,0,0,0,0,0,0,0,0,0,0,0,0,0,0,0,0,0,0,0,0
OTU1195_Fenollaria timonensis,0,0,0,0,0,0,0,0,0,0,0,0,0,0,0,0,0,0,0,0,0,0,0,0,0,0,0,0,0,0,0,0,0,0,0,0,0,0,0,0,0,0,0,0,0,0,0,0,0,0,0,0,0,0,0,0.06,0,0,0,0,0,0,0,0,0,0,0,0,0,0,0,0,0,0,0,0,0,0,0,0,0,0,0,0,0
OTU1196_Fenollaria sp900539725,0,0,0,0,0,0,0,0,0,0,0,0,0,0,0,0,0,0,0,0,0,0,0,0,0,0,0,0,0,0,0,0,0,0,0,0,0,0,0,0,0,0,0,0,0,0,0,0,0,0,0,0,0,0,0,0.01,0,0,0,0,0,0,0,0,0,0,0,0,0,0,0,0,0,0,0,0,0,0,0,0,0,0,0,0,0
OTU1197_Ezakiella sp900540185,0,0,0,0,0,0,0,0,0,0,0,0,0,0,0,0,0,0,0,0,0,0,0,0,0,0,0,0,0,0,0,0,0,0,0,0,0,0,0,0,0,0,0,0,0,0,0,0,0,0,0,0,0,0,0,0.02,0,0,0,0,0,0,0,0,0,0,0,0,0,0,0,0,0,0,0,0,0,0,0,0,0,0,0,0,0
OTU1198_Murdochiella sp902488755,0,0,0,0,0,0,0,0,0,0,0,0,0,0,0,0,0,0,0,0,0,0,0,0,0,0,0,0,0,0,0,0,0,0,0,0,0,0,0,0,0,0,0,0,0,0,0,0,0,0,0,0,0,0,0,0.05,0,0,0,0,0,0,0,0,0,0,0,0,0,0,0,0,0,0,0,0,0,0,0,0,0,0,0,0,0
OTU1199_Porphyromonas sp902489635,0,0,0,0,0,0,0,0,0,0,0,0,0,0,0,0,0,0,0,0,0,0,0,0,0,0,0,0,0,0,0,0,0,0,0,0,0,0,0,0,0,0,0,0,0,0,0,0,0,0,0,0,0,0,0,0.14,0,0,0,0,0,0,0,0,0,0,0,0,0,0,0,0,0,0,0,0,0,0,0,0,0,0,0,0,0
OTU1200_Porphyromonas sp947290775,0,0,0,0,0,0,0,0,0,0,0,0,0,0,0,0,0,0,0,0,0,0,0,0,0,0,0,0,0,0,0,0,0,0,0,0,0,0,0,0,0,0,0,0,0,0,0,0,0,0,0,0,0,0,0,0.04,0,0,0,0,0,0,0,0,0,0,0,0,0,0,0,0,0,0,0,0,0,0,0,0,0,0,0,0,0
OTU1201_Porphyromonas sp900546675,0,0,0,0,0,0,0,0,0,0,0,0,0,0,0,0,0,0,0,0,0,0,0,0,0,0,0,0,0,0,0,0,0,0,0,0,0,0,0,0,0,0,0,0,0,0,0,0,0,0,0,0,0,0,0,0.12,0,0,0,0,0,0,0,0,0,0,0,0,0,0,0,0,0,0,0,0,0,0,0,0,0,0,0,0,0
OTU1202_Porphyromonas sp902489445,0,0,0,0,0,0,0,0,0,0,0,0,0,0,0,0,0,0,0,0,0,0,0,0,0,0,0,0,0,0,0,0,0,0,0,0,0,0,0,0,0,0,0,0,0,0,0,0,0,0,0,0,0,0,0,0.06,0,0,0,0,0,0,0,0,0,0,0,0,0,0,0,0,0,0,0,0,0,0,0,0,0,0,0,0,0
OTU1203_Pullilachnospira_A sp949286525,0,0,0,0,0,0,0,0,0,0,0,0,0,0,0,0,0,0,0,0,0,0,0,0,0,0,0,0,0,0,0,0,0,0,0,0,0,0,0,0,0,0,0,0,0,0,0,0,0,0,0,0,0,0,0,0,0.01,0,0,0,0,0,0,0,0,0,0,0,0,0,0,0,0,0,0,0,0,0,0,0,0,0,0,0,0
OTU1204_Fimimorpha sp026169045,0,0,0,0,0,0,0,0,0,0,0,0,0,0,0,0,0,0,0,0,0,0,0,0,0,0,0,0,0,0,0,0,0,0,0,0,0,0,0,0,0,0,0,0,0,0,0,0,0,0,0,0,0,0,0,0,0.01,0,0,0,0,0,0,0,0,0,0,0,0,0,0,0,0,0,0,0,0,0,0,0,0,0,0,0,0
OTU1205_JAFBIO01 sp021531255,0,0,0,0,0,0,0,0,0,0,0,0,0,0,0,0,0,0,0,0,0,0,0,0,0,0,0,0,0,0,0,0,0,0,0,0,0,0,0,0,0,0,0,0,0,0,0,0,0,0,0,0,0,0,0,0,0,0.02,0,0,0,0,0,0,0,0,0,0,0,0,0,0,0,0,0,0,0,0,0,0,0,0,0,0,0
OTU1206_CABVBB01 sp902496505,0,0,0,0,0,0,0,0,0,0,0,0,0,0,0,0,0,0,0,0,0,0,0,0,0,0,0,0,0,0,0,0,0,0,0,0,0,0,0,0,0,0,0,0,0,0,0,0,0,0,0,0,0,0,0,0,0,0.01,0,0,0,0,0,0,0,0,0,0,0,0,0,0,0,0,0,0,0,0,0,0,0,0,0,0,0
OTU1207_Haemophilus_D parainfluenzae_R,0,0,0,0,0,0,0,0,0,0,0,0,0,0,0,0,0,0,0,0,0,0,0,0,0,0,0,0,0,0,0,0,0,0,0,0,0,0,0,0,0,0,0,0,0,0,0,0,0,0,0,0,0,0,0,0,0,0.02,0,0,0,0,0,0,0,0,0,0,0,0,0,0,0,0,0,0,0,0,0,0,0,0,0,0,0
OTU1208_Anaerotardibacter sp900539675,0,0,0,0,0,0,0,0,0,0,0,0,0,0,0,0,0,0,0,0,0,0,0,0,0,0,0,0,0,0,0,0,0,0,0,0,0,0,0,0,0,0,0,0,0,0,0,0,0,0,0,0,0,0,0,0,0,0.08,0,0,0,0,0,0,0,0,0,0,0,0,0,0,0,0,0,0,0,0,0,0,0,0,0,0,0
OTU1209_Collinsella sp900758845,0,0,0,0,0,0,0,0,0,0,0,0,0,0,0,0,0,0,0,0,0,0,0,0,0,0,0,0,0,0,0,0,0,0,0,0,0,0,0,0,0,0,0,0,0,0,0,0,0,0,0,0,0,0,0,0,0,0.08,0,0,0,0,0,0,0,0,0,0,0,0,0,0,0,0,0,0,0,0,0,0,0,0,0,0,0
OTU1210_Collinsella sp958413765,0,0,0,0,0,0,0,0,0,0,0,0,0,0,0,0,0,0,0,0,0,0,0,0,0,0,0,0,0,0,0,0,0,0,0,0,0,0,0,0,0,0,0,0,0,0,0,0,0,0,0,0,0,0,0,0,0,0.19,0,0,0,0,0,0,0,0,0,0,0,0,0,0,0,0,0,0,0,0,0,0,0,0,0,0,0
OTU1211_Collinsella sp937997605,0,0,0,0,0,0,0,0,0,0,0,0,0,0,0,0,0,0,0,0,0,0,0,0,0,0,0,0,0,0,0,0,0,0,0,0,0,0,0,0,0,0,0,0,0,0,0,0,0,0,0,0,0,0,0,0,0,0.09,0,0,0,0,0,0,0,0,0,0,0,0,0,0,0,0,0,0,0,0,0,0,0,0,0,0,0
OTU1212_Prevotella copri,0,0,0,0,0,0,0,0,0,0,0,0,0,0,0,0,0,0,0,0,0,0,0,0,0,0,0,0,0,0,0,0,0,0,0,0,0,0,0,0,0,0,0,0,0,0,0,0,0,0,0,0,0,0,0,0,0,4.32,0,0,0,0,0,0,0,0,0,0,0,0,0,0,0,0,0,0,0,0,0,0,0,0,0,0,0
OTU1213_Parabacteroides johnsonii,0,0,0,0,0,0,0,0,0,0,0,0,0,0,0,0,0,0,0,0,0,0,0,0,0,0,0,0,0,0,0,0,0,0,0,0,0,0,0,0,0,0,0,0,0,0,0,0,0,0,0,0,0,0,0,0,0,0.11,0,0,0,0,0,0,0,0,0,0,0,0,0,0,0,0,0,0,0,0,0,0,0,0,0,0,0
OTU1214_UBA4285 sp900545225,0,0,0,0,0,0,0,0,0,0,0,0,0,0,0,0,0,0,0,0,0,0,0,0,0,0,0,0,0,0,0,0,0,0,0,0,0,0,0,0,0,0,0,0,0,0,0,0,0,0,0,0,0,0,0,0,0,0,0.03,0,0,0,0,0,0,0,0,0,0,0,0,0,0,0,0,0,0,0,0,0,0,0,0,0.1,0.11
OTU1215_UBA10281 sp000437515,0,0,0,0,0,0,0,0,0,0,0,0,0,0,0,0,0,0,0,0,0,0,0,0,0,0,0,0,0,0,0,0,0,0,0,0,0,0,0,0,0,0,0,0,0,0,0,0,0,0,0,0,0,0,0,0,0,0,0.01,0,0,0,0,0,0,0,0,0,0,0,0,0,0,0,0,0,0,0,0,0,0,0,0,0,0
OTU1216_Veillonella dispar,0,0,0,0,0,0,0,0,0,0,0,0,0,0,0,0,0,0,0,0,0,0,0,0,0,0,0,0,0,0,0,0,0,0,0,0,0,0,0,0,0,0,0,0,0,0,0,0,0,0,0,0,0,0,0,0,0,0,0.06,0,0,0,0,0,0,0,0,0,0,0,0,0,0,0,0,0,0,0,0,0,0,0,0,0,0
OTU1217_Bifidobacterium dentium,0,0,0,0,0,0,0,0,0,0,0,0,0,0,0,0,0,0,0,0,0,0,0,0,0,0,0,0,0,0,0,0,0,0,0,0,0,0,0,0,0,0,0,0,0,0,0,0,0,0,0,0,0,0,0,0,0,0,0.08,0.01,0,0,0,0,0,0,0,0,0,0,0,0,0,0,0,0,0,0,0,0,0,0,0,0,0
OTU1218_Collinsella sp018381235,0,0,0,0,0,0,0,0,0,0,0,0,0,0,0,0,0,0,0,0,0,0,0,0,0,0,0,0,0,0,0,0,0,0,0,0,0,0,0,0,0,0,0,0,0,0,0,0,0,0,0,0,0,0,0,0,0,0,1.54,0,0,0,0,0,0,0,0,0,0,0,0,0,0,0,0,0,0,0,0,0,0,0,0,0,0
OTU1219_Haemophilus_D sp019423025,0,0,0,0,0,0,0,0,0,0,0,0,0,0,0,0,0,0,0,0,0,0,0,0,0,0,0,0,0,0,0,0,0,0,0,0,0,0,0,0,0,0,0,0,0,0,0,0,0,0,0,0,0,0,0,0,0,0,0.08,0,0,0,0,0,0,0.01,0,0,0,0,0,0,0,0,0,0,0,0,0,0,0,0,0,0,0
OTU1220_Prevotella sp945863825,0,0,0,0,0,0,0,0,0,0,0,0,0,0,0,0,0,0,0,0,0,0,0,0,0,0,0,0,0,0,0,0,0,0,0,0,0,0,0,0,0,0,0,0,0,0,0,0,0,0,0,0,0,0,0,0,0,0,0.6,0,0,0,0,0,0,0,0,0,0,0,0,0,0,0,0,0,0,0,0,0,0,0,0,0,0
OTU1221_Prevotella stercorea,0,0,0,0,0,0,0,0,0,0,0,0,0,0,0,0,0,0,0,0,0,0,0,0,0,0,0,0,0,0,0,0,0,0,0,0,0,0,0,0,0,0,0,0,0,0,0,0,0,0,0,0,0,0,0,0,0,0,4.11,0,0,0,0,0,0,0,0,0,0,0,0,0,0,0,0,0,0,0,0,0,0,0,0,0,0
OTU1222_Mailhella sp944324615,0,0,0,0,0,0,0,0,0,0,0,0,0,0,0,0,0,0,0,0,0,0,0,0,0,0,0,0,0,0,0,0,0,0,0,0,0,0,0,0,0,0,0,0,0,0,0,0,0,0,0,0,0,0,0,0,0,0,0.02,0,0,0,0,0,0,0,0,0,0,0,0,0,0,0,0,0,0,0,0,0,0,0,0,0,0
OTU1223_Intestinibacter sp945931665,0,0,0,0,0,0,0,0,0,0,0,0,0,0,0,0,0,0,0,0,0,0,0,0,0,0,0,0,0,0,0,0,0,0,0,0,0,0,0,0,0,0,0,0,0,0,0,0,0,0,0,0,0,0,0,0,0,0,0,0.01,0,0,0,0,0,0,0,0,0,0,0,0,0,0,0,0,0,0,0,0,0,0,0,0,0
OTU1224_Lentihominibacter sp934281605,0,0,0,0,0,0,0,0,0,0,0,0,0,0,0,0,0,0,0,0,0,0,0,0,0,0,0,0,0,0,0,0,0,0,0,0,0,0,0,0,0,0,0,0,0,0,0,0,0,0,0,0,0,0,0,0,0,0,0,0.01,0,0,0,0,0,0,0,0,0,0,0,0,0,0,0,0,0.01,0,0,0,0,0,0,0,0
OTU1225_Haemophilus_D parainfluenzae_AA,0,0,0,0,0,0,0,0,0,0,0,0,0,0,0,0,0,0,0,0,0,0,0,0,0,0,0,0,0,0,0,0,0,0,0,0,0,0,0,0,0,0,0,0,0,0,0,0,0,0,0,0,0,0,0,0,0,0,0,0.02,0,0,0,0,0,0,0,0,0,0,0,0,0,0,0,0,0,0,0,0,0,0,0,0,0
OTU1226_Haemophilus_D parainfluenzae_A,0,0,0,0,0,0,0,0,0,0,0,0,0,0,0,0,0,0,0,0,0,0,0,0,0,0,0,0,0,0,0,0,0,0,0,0,0,0,0,0,0,0,0,0,0,0,0,0,0,0,0,0,0,0,0,0,0,0,0,0.01,0,0,0,0,0,0,0,0,0,0,0,0,0,0,0,0,0,0,0,0,0,0,0,0,0
OTU1227_Enterocloster sp000155435,0,0,0,0,0,0,0,0,0,0,0,0,0,0,0,0,0,0,0,0,0,0,0,0,0,0,0,0,0,0,0,0,0,0,0,0,0,0,0,0,0,0,0,0,0,0,0,0,0,0,0,0,0,0,0,0,0,0,0,0,0.02,0,0,0,0,0,0,0,0,0,0,0,0,0,0,0,0,0,0.04,0,0,0,0,0,0
OTU1228_Hungatella_A sp034142505,0,0,0,0,0,0,0,0,0,0,0,0,0,0,0,0,0,0,0,0,0,0,0,0,0,0,0,0,0,0,0,0,0,0,0,0,0,0,0,0,0,0,0,0,0,0,0,0,0,0,0,0,0,0,0,0,0,0,0,0,0.08,0,0,0,0,0,0,0,0,0,0,0,0,0,0,0,0.01,0,0,0,0,0,0,0,0
OTU1229_Pauljensenia sp019425105,0,0,0,0,0,0,0,0,0,0,0,0,0,0,0,0,0,0,0,0,0,0,0,0,0,0,0,0,0,0,0,0,0,0,0,0,0,0,0,0,0,0,0,0,0,0,0,0,0,0,0,0,0,0,0,0,0,0,0,0,0.01,0,0,0,0,0,0,0,0,0,0,0,0,0,0,0,0,0.02,0,0,0,0,0.01,0,0
OTU1230_Granulicatella adiacens_A,0,0,0,0,0,0,0,0,0,0,0,0,0,0,0,0,0,0,0,0,0,0,0,0,0,0,0,0,0,0,0,0,0,0,0,0,0,0,0,0,0,0,0,0,0,0,0,0,0,0,0,0,0,0,0,0,0,0,0,0,0,0.01,0,0,0,0.01,0,0,0,0.06,0,0,0,0,0,0,0,0,0,0,0,0,0,0,0
OTU1231_Veillonella sp003463825,0,0,0,0,0,0,0,0,0,0,0,0,0,0,0,0,0,0,0,0,0,0,0,0,0,0,0,0,0,0,0,0,0,0,0,0,0,0,0,0,0,0,0,0,0,0,0,0,0,0,0,0,0,0,0,0,0,0,0,0,0,0.27,0,0,0,0,0,0,0,0,0,0,0,0,0,0,0,0,0,0,0,0,0,0,0
OTU1232_Pauljensenia pyogenes_B,0,0,0,0,0,0,0,0,0,0,0,0,0,0,0,0,0,0,0,0,0,0,0,0,0,0,0,0,0,0,0,0,0,0,0,0,0,0,0,0,0,0,0,0,0,0,0,0,0,0,0,0,0,0,0,0,0,0,0,0,0,0.02,0,0,0,0,0,0,0,0,0,0,0,0,0,0,0,0,0,0,0,0,0,0,0
OTU1233_Pauljensenia sp000308055,0,0,0,0,0,0,0,0,0,0,0,0,0,0,0,0,0,0,0,0,0,0,0,0,0,0,0,0,0,0,0,0,0,0,0,0,0,0,0,0,0,0,0,0,0,0,0,0,0,0,0,0,0,0,0,0,0,0,0,0,0,0.04,0,0,0,0,0,0,0,0,0,0,0,0,0,0,0,0,0,0,0,0,0,0,0
OTU1234_Rothia mucilaginosa_A,0,0,0,0,0,0,0,0,0,0,0,0,0,0,0,0,0,0,0,0,0,0,0,0,0,0,0,0,0,0,0,0,0,0,0,0,0,0,0,0,0,0,0,0,0,0,0,0,0,0,0,0,0,0,0,0,0,0,0,0,0,0.03,0,0,0,0,0.03,0,0,0,0,0,0,0,0,0,0,0,0,0,0,0,0,0,0
OTU1235_Collinsella sp036313175,0,0,0,0,0,0,0,0,0,0,0,0,0,0,0,0,0,0,0,0,0,0,0,0,0,0,0,0,0,0,0,0,0,0,0,0,0,0,0,0,0,0,0,0,0,0,0,0,0,0,0,0,0,0,0,0,0,0,0,0,0,3.88,0.89,0,0,0,0,0,0,0,0,0,0,0,0,0,0,0,0,0,0,0,0,0,0
OTU1236_Collinsella sp959026725,0,0,0,0,0,0,0,0,0,0,0,0,0,0,0,0,0,0,0,0,0,0,0,0,0,0,0,0,0,0,0,0,0,0,0,0,0,0,0,0,0,0,0,0,0,0,0,0,0,0,0,0,0,0,0,0,0,0,0,0,0,3.35,0.67,0,0,0,0,0,0,0,0,0,0,0,0,0,0,0,0,0,0,0,0,0,0
OTU1237_Lancefieldella sp015258705,0,0,0,0,0,0,0,0,0,0,0,0,0,0,0,0,0,0,0,0,0,0,0,0,0,0,0,0,0,0,0,0,0,0,0,0,0,0,0,0,0,0,0,0,0,0,0,0,0,0,0,0,0,0,0,0,0,0,0,0,0,0.01,0,0,0,0,0,0,0,0,0,0,0,0,0,0,0,0,0,0,0,0,0,0,0
OTU1238_Lancefieldella sp015258785,0,0,0,0,0,0,0,0,0,0,0,0,0,0,0,0,0,0,0,0,0,0,0,0,0,0,0,0,0,0,0,0,0,0,0,0,0,0,0,0,0,0,0,0,0,0,0,0,0,0,0,0,0,0,0,0,0,0,0,0,0,0.01,0,0,0,0.01,0,0,0,0,0,0,0,0,0,0,0,0,0,0,0,0,0,0,0
OTU1239_Mediterraneibacter hominis,0,0,0,0,0,0,0,0,0,0,0,0,0,0,0,0,0,0,0,0,0,0,0,0,0,0,0,0,0,0,0,0,0,0,0,0,0,0,0,0,0,0,0,0,0,0,0,0,0,0,0,0,0,0,0,0,0,0,0,0,0,0,0.01,0,0,0,0,0,0,0,0,0,0,0,0,0,0,0,0,0,0,0,0,0,0
OTU1240_Neoanaerotignum_A sp944377425,0,0,0,0,0,0,0,0,0,0,0,0,0,0,0,0,0,0,0,0,0,0,0,0,0,0,0,0,0,0,0,0,0,0,0,0,0,0,0,0,0,0,0,0,0,0,0,0,0,0,0,0,0,0,0,0,0,0,0,0,0,0,0.01,0,0,0,0,0,0,0,0,0,0,0,0,0,0.01,0,0,0,0.02,0,0,0,0.03
OTU1241_Veillonella dispar_B,0,0,0,0,0,0,0,0,0,0,0,0,0,0,0,0,0,0,0,0,0,0,0,0,0,0,0,0,0,0,0,0,0,0,0,0,0,0,0,0,0,0,0,0,0,0,0,0,0,0,0,0,0,0,0,0,0,0,0,0,0,0,0.01,0,0,0.02,0,0,0,0,0,0,0,0,0,0,0,0,0,0,0,0,0,0,0
OTU1242_Collinsella aerofaciens_AV,0,0,0,0,0,0,0,0,0,0,0,0,0,0,0,0,0,0,0,0,0,0,0,0,0,0,0,0,0,0,0,0,0,0,0,0,0,0,0,0,0,0,0,0,0,0,0,0,0,0,0,0,0,0,0,0,0,0,0,0,0,0,0.56,0,0,0,0,0,0,0,0,0,0,0,0,0,0,0,0,0.82,0,0,0,0,0
OTU1243_Pseudoflavonifractor capillosus,0,0,0,0,0,0,0,0,0,0,0,0,0,0,0,0,0,0,0,0,0,0,0,0,0,0,0,0,0,0,0,0,0,0,0,0,0,0,0,0,0,0,0,0,0,0,0,0,0,0,0,0,0,0,0,0,0,0,0,0,0,0,0,0.03,0,0,0,0,0,0,0,0,0,0,0,0,0,0,0,0,0,0,0,0,0
OTU1244_UMGS1202 sp900549565,0,0,0,0,0,0,0,0,0,0,0,0,0,0,0,0,0,0,0,0,0,0,0,0,0,0,0,0,0,0,0,0,0,0,0,0,0,0,0,0,0,0,0,0,0,0,0,0,0,0,0,0,0,0,0,0,0,0,0,0,0,0,0,0.01,0,0,0,0,0,0,0,0,0,0,0,0,0,0,0,0,0,0,0,0,0
OTU1245_Merdicola sp900552655,0,0,0,0,0,0,0,0,0,0,0,0,0,0,0,0,0,0,0,0,0,0,0,0,0,0,0,0,0,0,0,0,0,0,0,0,0,0,0,0,0,0,0,0,0,0,0,0,0,0,0,0,0,0,0,0,0,0,0,0,0,0,0,0.15,0,0,0,0,0,0,0,0,0,0,0,0,0,0,0,0,0,0,0,0,0
OTU1246_Merdicola sp958422985,0,0,0,0,0,0,0,0,0,0,0,0,0,0,0,0,0,0,0,0,0,0,0,0,0,0,0,0,0,0,0,0,0,0,0,0,0,0,0,0,0,0,0,0,0,0,0,0,0,0,0,0,0,0,0,0,0,0,0,0,0,0,0,0.01,0,0,0,0,0,0,0,0,0,0,0,0,0,0,0,0,0,0,0,0,0
OTU1247_UMGS1663 sp958417695,0,0,0,0,0,0,0,0,0,0,0,0,0,0,0,0,0,0,0,0,0,0,0,0,0,0,0,0,0,0,0,0,0,0,0,0,0,0,0,0,0,0,0,0,0,0,0,0,0,0,0,0,0,0,0,0,0,0,0,0,0,0,0,0.02,0,0,0,0,0,0,0,0,0,0,0,0,0,0,0,0,0,0,0,0,0
OTU1248_Streptococcus sp915066115,0,0,0,0,0,0,0,0,0,0,0,0,0,0,0,0,0,0,0,0,0,0,0,0,0,0,0,0,0,0,0,0,0,0,0,0,0,0,0,0,0,0,0,0,0,0,0,0,0,0,0,0,0,0,0,0,0,0,0,0,0,0,0,0.01,0,0,0,0,0,0,0,0,0,0,0,0,0,0,0,0,0,0,0,0,0
OTU1249_Streptococcus parasanguinis_U,0,0,0,0,0,0,0,0,0,0,0,0,0,0,0,0,0,0,0,0,0,0,0,0,0,0,0,0,0,0,0,0,0,0,0,0,0,0,0,0,0,0,0,0,0,0,0,0,0,0,0,0,0,0,0,0,0,0,0,0,0,0,0,0.02,0,0,0,0,0,0,0,0,0,0,0,0,0,0,0,0,0,0,0,0,0
OTU1250_Stoquefichus sp001244545,0,0,0,0,0,0,0,0,0,0,0,0,0,0,0,0,0,0,0,0,0,0,0,0,0,0,0,0,0,0,0,0,0,0,0,0,0,0,0,0,0,0,0,0,0,0,0,0,0,0,0,0,0,0,0,0,0,0,0,0,0,0,0,0.02,0,0,0,0,0,0,0,0,0,0,0,0,0,0,0,0,0,0,0,0,0
OTU1251_Haemophilus_D parainfluenzae_Y,0,0,0,0,0,0,0,0,0,0,0,0,0,0,0,0,0,0,0,0,0,0,0,0,0,0,0,0,0,0,0,0,0,0,0,0,0,0,0,0,0,0,0,0,0,0,0,0,0,0,0,0,0,0,0,0,0,0,0,0,0,0,0,0.01,0,0,0,0,0,0,0,0,0,0,0,0,0,0,0,0,0,0,0,0,0
OTU1252_Micrococcus luteus,0,0,0,0,0,0,0,0,0,0,0,0,0,0,0,0,0,0,0,0,0,0,0,0,0,0,0,0,0,0,0,0,0,0,0,0,0,0,0,0,0,0,0,0,0,0,0,0,0,0,0,0,0,0,0,0,0,0,0,0,0,0,0,0.04,0,0,0,0,0,0,0,0,0,0,0,0,0,0,0,0,0,0,0,0,0
OTU1253_Ruminococcus_C sp000437175,0,0,0,0,0,0,0,0,0,0,0,0,0,0,0,0,0,0,0,0,0,0,0,0,0,0,0,0,0,0,0,0,0,0,0,0,0,0,0,0,0,0,0,0,0,0,0,0,0,0,0,0,0,0,0,0,0,0,0,0,0,0,0,0,1.86,0,0,0,0,0,0,0,0,0,0,0,0,0,0,0,0,0,0,0,0
OTU1254_Beduinella massiliensis,0,0,0,0,0,0,0,0,0,0,0,0,0,0,0,0,0,0,0,0,0,0,0,0,0,0,0,0,0,0,0,0,0,0,0,0,0,0,0,0,0,0,0,0,0,0,0,0,0,0,0,0,0,0,0,0,0,0,0,0,0,0,0,0,0.01,0,0,0,0,0,0,0,0,0,0,0,0,0,0,0,0,0,0,0,0
OTU1255_CAG-273 sp000438355,0,0,0,0,0,0,0,0,0,0,0,0,0,0,0,0,0,0,0,0,0,0,0,0,0,0,0,0,0,0,0,0,0,0,0,0,0,0,0,0,0,0,0,0,0,0,0,0,0,0,0,0,0,0,0,0,0,0,0,0,0,0,0,0,0.06,0,0,0,0,0,0,0,0,0,0,0,0,0,0,0,0,0,0,0,0
OTU1256_Pauljensenia sp958349165,0,0,0,0,0,0,0,0,0,0,0,0,0,0,0,0,0,0,0,0,0,0,0,0,0,0,0,0,0,0,0,0,0,0,0,0,0,0,0,0,0,0,0,0,0,0,0,0,0,0,0,0,0,0,0,0,0,0,0,0,0,0,0,0,0.01,0,0,0,0,0,0,0,0,0,0,0,0,0,0,0,0,0,0,0,0
OTU1257_Scatenecus faecavium,0,0,0,0,0,0,0,0,0,0,0,0,0,0,0,0,0,0,0,0,0,0,0,0,0,0,0,0,0,0,0,0,0,0,0,0,0,0,0,0,0,0,0,0,0,0,0,0,0,0,0,0,0,0,0,0,0,0,0,0,0,0,0,0,0.16,0,0,0,0,0,0,0,0,0,0,0,0,0,0,0,0,0,0,0,0
OTU1258_Enterocloster alcoholdehydrogenati,0,0,0,0,0,0,0,0,0,0,0,0,0,0,0,0,0,0,0,0,0,0,0,0,0,0,0,0,0,0,0,0,0,0,0,0,0,0,0,0,0,0,0,0,0,0,0,0,0,0,0,0,0,0,0,0,0,0,0,0,0,0,0,0,0,0.49,0.14,0,0,0,0,0,0,0,0,0,0,0,0,0,0,0,0,0,0
OTU1259_Gallibacter brachus,0,0,0,0,0,0,0,0,0,0,0,0,0,0,0,0,0,0,0,0,0,0,0,0,0,0,0,0,0,0,0,0,0,0,0,0,0,0,0,0,0,0,0,0,0,0,0,0,0,0,0,0,0,0,0,0,0,0,0,0,0,0,0,0,0,0.02,0,0,0,0,0,0,0,0,0,0,0,0,0,0,0,0,0,0,0
OTU1260_Parvimonas sp000214475,0,0,0,0,0,0,0,0,0,0,0,0,0,0,0,0,0,0,0,0,0,0,0,0,0,0,0,0,0,0,0,0,0,0,0,0,0,0,0,0,0,0,0,0,0,0,0,0,0,0,0,0,0,0,0,0,0,0,0,0,0,0,0,0,0,0.03,0,0,0,0,0,0,0,0,0,0,0,0,0,0,0,0,0,0,0
OTU1261_Pauljensenia turicensis_A,0,0,0,0,0,0,0,0,0,0,0,0,0,0,0,0,0,0,0,0,0,0,0,0,0,0,0,0,0,0,0,0,0,0,0,0,0,0,0,0,0,0,0,0,0,0,0,0,0,0,0,0,0,0,0,0,0,0,0,0,0,0,0,0,0,0.02,0,0,0,0,0,0,0,0,0,0,0,0,0,0,0,0,0,0,0
OTU1262_Collinsella sp036304725,0,0,0,0,0,0,0,0,0,0,0,0,0,0,0,0,0,0,0,0,0,0,0,0,0,0,0,0,0,0,0,0,0,0,0,0,0,0,0,0,0,0,0,0,0,0,0,0,0,0,0,0,0,0,0,0,0,0,0,0,0,0,0,0,0,0.11,0,0,0,0,0,0,0,0,0,0,0,0,0,0,0,4.1,1.82,0,0
OTU1263_Haemophilus_D sp902461185,0,0,0,0,0,0,0,0,0,0,0,0,0,0,0,0,0,0,0,0,0,0,0,0,0,0,0,0,0,0,0,0,0,0,0,0,0,0,0,0,0,0,0,0,0,0,0,0,0,0,0,0,0,0,0,0,0,0,0,0,0,0,0,0,0,0.01,0,0,0,0,0,0,0,0,0,0,0,0,0,0,0,0,0,0,0
OTU1264_Eikenella corrodens,0,0,0,0,0,0,0,0,0,0,0,0,0,0,0,0,0,0,0,0,0,0,0,0,0,0,0,0,0,0,0,0,0,0,0,0,0,0,0,0,0,0,0,0,0,0,0,0,0,0,0,0,0,0,0,0,0,0,0,0,0,0,0,0,0,0.01,0,0,0,0,0,0,0,0,0,0,0,0,0,0,0,0,0,0,0
OTU1265_Fusobacterium_B sp019416805,0,0,0,0,0,0,0,0,0,0,0,0,0,0,0,0,0,0,0,0,0,0,0,0,0,0,0,0,0,0,0,0,0,0,0,0,0,0,0,0,0,0,0,0,0,0,0,0,0,0,0,0,0,0,0,0,0,0,0,0,0,0,0,0,0,2.19,0.74,0,0,0,0,0,0,0,0,0,0,0,0,0,0,0,0,0,0
OTU1266_Fusobacterium_B sp900541465,0,0,0,0,0,0,0,0,0,0,0,0,0,0,0,0,0,0,0,0,0,0,0,0,0,0,0,0,0,0,0,0,0,0,0,0,0,0,0,0,0,0,0,0,0,0,0,0,0,0,0,0,0,0,0,0,0,0,0,0,0,0,0,0,0,0.89,0.32,0,0,0,0,0,0,0,0,0,0,0,0,0,0,0,0,0,0
OTU1267_Bilophila sp900553145,0,0,0,0,0,0,0,0,0,0,0,0,0,0,0,0,0,0,0,0,0,0,0,0,0,0,0,0,0,0,0,0,0,0,0,0,0,0,0,0,0,0,0,0,0,0,0,0,0,0,0,0,0,0,0,0,0,0,0,0,0,0,0,0,0,0.02,0,0,0,0,0,0,0,0,0,0,0,0,0,0,0,0,0,0,0
OTU1268_Bifidobacterium animalis_B,0,0,0,0,0,0,0,0,0,0,0,0,0,0,0,0,0,0,0,0,0,0,0,0,0,0,0,0,0,0,0,0,0,0,0,0,0,0,0,0,0,0,0,0,0,0,0,0,0,0,0,0,0,0,0,0,0,0,0,0,0,0,0,0,0,0,0.03,0,0,0,0,0,0,0,0,0,0,0,0,0,0,0,0,0,0
OTU1269_Actinomyces oris,0,0,0,0,0,0,0,0,0,0,0,0,0,0,0,0,0,0,0,0,0,0,0,0,0,0,0,0,0,0,0,0,0,0,0,0,0,0,0,0,0,0,0,0,0,0,0,0,0,0,0,0,0,0,0,0,0,0,0,0,0,0,0,0,0,0,0.02,0,0,0.03,0,0,0,0,0,0,0,0,0,0,0,0,0,0,0
OTU1270_Actinomyces sp915069725,0,0,0,0,0,0,0,0,0,0,0,0,0,0,0,0,0,0,0,0,0,0,0,0,0,0,0,0,0,0,0,0,0,0,0,0,0,0,0,0,0,0,0,0,0,0,0,0,0,0,0,0,0,0,0,0,0,0,0,0,0,0,0,0,0,0,0.01,0,0,0,0,0,0,0,0,0,0,0,0,0,0,0,0,0,0
OTU1271_Actinomyces sp000195595,0,0,0,0,0,0,0,0,0,0,0,0,0,0,0,0,0,0,0,0,0,0,0,0,0,0,0,0,0,0,0,0,0,0,0,0,0,0,0,0,0,0,0,0,0,0,0,0,0,0,0,0,0,0,0,0,0,0,0,0,0,0,0,0,0,0,0.01,0,0,0,0,0,0,0,0,0,0,0,0,0,0,0,0,0,0
OTU1272_Egerieimonas sp900552095,0,0,0,0,0,0,0,0,0,0,0,0,0,0,0,0,0,0,0,0,0,0,0,0,0,0,0,0,0,0,0,0,0,0,0,0,0,0,0,0,0,0,0,0,0,0,0,0,0,0,0,0,0,0,0,0,0,0,0,0,0,0,0,0,0,0,0.02,0,0,0,0,0,0,0,0,0,0,0,0,0,0,0,0,0,0
OTU1273_Butyricicoccus sp900547195,0,0,0,0,0,0,0,0,0,0,0,0,0,0,0,0,0,0,0,0,0,0,0,0,0,0,0,0,0,0,0,0,0,0,0,0,0,0,0,0,0,0,0,0,0,0,0,0,0,0,0,0,0,0,0,0,0,0,0,0,0,0,0,0,0,0,0.01,0,0,0,0,0,0,0,0,0,0,0.01,0,0,0,0,0,0,0
OTU1274_Anaerofustis sp900549875,0,0,0,0,0,0,0,0,0,0,0,0,0,0,0,0,0,0,0,0,0,0,0,0,0,0,0,0,0,0,0,0,0,0,0,0,0,0,0,0,0,0,0,0,0,0,0,0,0,0,0,0,0,0,0,0,0,0,0,0,0,0,0,0,0,0,0.02,0,0,0,0,0,0,0,0,0,0,0,0,0,0,0,0,0,0
OTU1275_Lactiplantibacillus plantarum,0,0,0,0,0,0,0,0,0,0,0,0,0,0,0,0,0,0,0,0,0,0,0,0,0,0,0,0,0,0,0,0,0,0,0,0,0,0,0,0,0,0,0,0,0,0,0,0,0,0,0,0,0,0,0,0,0,0,0,0,0,0,0,0,0,0,0.02,0,0,0,0,0,0,0,0,0,0,0,0,0,0,0,0,0,0
OTU1276_Streptococcus mutans,0,0,0,0,0,0,0,0,0,0,0,0,0,0,0,0,0,0,0,0,0,0,0,0,0,0,0,0,0,0,0,0,0,0,0,0,0,0,0,0,0,0,0,0,0,0,0,0,0,0,0,0,0,0,0,0,0,0,0,0,0,0,0,0,0,0,0.36,0,0,0,0,0,0,0,0,0,0,0,0,0,0,0,0,0,0
OTU1277_Bacillus inaquosorum,0,0,0,0,0,0,0,0,0,0,0,0,0,0,0,0,0,0,0,0,0,0,0,0,0,0,0,0,0,0,0,0,0,0,0,0,0,0,0,0,0,0,0,0,0,0,0,0,0,0,0,0,0,0,0,0,0,0,0,0,0,0,0,0,0,0,0.02,0,0,0,0,0,0,0,0,0,0,0,0,0,0,0,0,0,0
OTU1278_Veillonella infantium,0,0,0,0,0,0,0,0,0,0,0,0,0,0,0,0,0,0,0,0,0,0,0,0,0,0,0,0,0,0,0,0,0,0,0,0,0,0,0,0,0,0,0,0,0,0,0,0,0,0,0,0,0,0,0,0,0,0,0,0,0,0,0,0,0,0,0.01,0,0,0,0,0,0,0,0,0,0,0,0,0,0,0,0,0,0
OTU1279_Alistipes dispar,0,0,0,0,0,0,0,0,0,0,0,0,0,0,0,0,0,0,0,0,0,0,0,0,0,0,0,0,0,0,0,0,0,0,0,0,0,0,0,0,0,0,0,0,0,0,0,0,0,0,0,0,0,0,0,0,0,0,0,0,0,0,0,0,0,0,0.31,0,0,0,0,0,0,0,0,0,0,0,0,0,0,0,0,0,0
OTU1280_Pseudomonas_E lundensis,0,0,0,0,0,0,0,0,0,0,0,0,0,0,0,0,0,0,0,0,0,0,0,0,0,0,0,0,0,0,0,0,0,0,0,0,0,0,0,0,0,0,0,0,0,0,0,0,0,0,0,0,0,0,0,0,0,0,0,0,0,0,0,0,0,0,0.01,0,0,0,0,0,0,0,0,0,0,0,0,0,0,0,0,0,0
OTU1281_Blautia sp900539145,0,0,0,0,0,0,0,0,0,0,0,0,0,0,0,0,0,0,0,0,0,0,0,0,0,0,0,0,0,0,0,0,0,0,0,0,0,0,0,0,0,0,0,0,0,0,0,0,0,0,0,0,0,0,0,0,0,0,0,0,0,0,0,0,0,0,0,0.05,0.11,0,0,0,0,0,0,0,0,0,0,0,0,0,0,0,0
OTU1282_UBA9414 sp958446945,0,0,0,0,0,0,0,0,0,0,0,0,0,0,0,0,0,0,0,0,0,0,0,0,0,0,0,0,0,0,0,0,0,0,0,0,0,0,0,0,0,0,0,0,0,0,0,0,0,0,0,0,0,0,0,0,0,0,0,0,0,0,0,0,0,0,0,0.06,0.19,0,0,0,0,0,0,0,0,0,0,0,0,0,0,0,0
OTU1283_Faecalimonas sp900556835,0,0,0,0,0,0,0,0,0,0,0,0,0,0,0,0,0,0,0,0,0,0,0,0,0,0,0,0,0,0,0,0,0,0,0,0,0,0,0,0,0,0,0,0,0,0,0,0,0,0,0,0,0,0,0,0,0,0,0,0,0,0,0,0,0,0,0,1.63,1.73,0,0,0,0,0,0,0,0,0,0,0,0,0,0,0,0
OTU1284_Faecalibacterium sp900540455,0,0,0,0,0,0,0,0,0,0,0,0,0,0,0,0,0,0,0,0,0,0,0,0,0,0,0,0,0,0,0,0,0,0,0,0,0,0,0,0,0,0,0,0,0,0,0,0,0,0,0,0,0,0,0,0,0,0,0,0,0,0,0,0,0,0,0,0.23,0.21,0,0,0,0,0,0,0,0,0,0,0,0,0,0,0,0
OTU1285_Absicoccus sp000434355,0,0,0,0,0,0,0,0,0,0,0,0,0,0,0,0,0,0,0,0,0,0,0,0,0,0,0,0,0,0,0,0,0,0,0,0,0,0,0,0,0,0,0,0,0,0,0,0,0,0,0,0,0,0,0,0,0,0,0,0,0,0,0,0,0,0,0,0.07,0.61,0,0,0,0,0,0,0,0,0,0,0,0,0,0,0,0
OTU1286_Streptococcus pseudopneumoniae,0,0,0,0,0,0,0,0,0,0,0,0,0,0,0,0,0,0,0,0,0,0,0,0,0,0,0,0,0,0,0,0,0,0,0,0,0,0,0,0,0,0,0,0,0,0,0,0,0,0,0,0,0,0,0,0,0,0,0,0,0,0,0,0,0,0,0,0.01,0,0,0,0,0,0,0,0,0,0,0,0,0,0,0,0,0
OTU1287_Megasphaera sp001546855,0,0,0,0,0,0,0,0,0,0,0,0,0,0,0,0,0,0,0,0,0,0,0,0,0,0,0,0,0,0,0,0,0,0,0,0,0,0,0,0,0,0,0,0,0,0,0,0,0,0,0,0,0,0,0,0,0,0,0,0,0,0,0,0,0,0,0,0.26,1.4,0,0,0,0,0,0,0,0,0,0,0,0,0,0,0,0
OTU1288_Enterobacter hormaechei_C,0,0,0,0,0,0,0,0,0,0,0,0,0,0,0,0,0,0,0,0,0,0,0,0,0,0,0,0,0,0,0,0,0,0,0,0,0,0,0,0,0,0,0,0,0,0,0,0,0,0,0,0,0,0,0,0,0,0,0,0,0,0,0,0,0,0,0,0.01,0,0,0,0,0,0,0,0,0,0,0,0,0,0,0,0,0
OTU1289_Enterobacter intestinihominis,0,0,0,0,0,0,0,0,0,0,0,0,0,0,0,0,0,0,0,0,0,0,0,0,0,0,0,0,0,0,0,0,0,0,0,0,0,0,0,0,0,0,0,0,0,0,0,0,0,0,0,0,0,0,0,0,0,0,0,0,0,0,0,0,0,0,0,0.03,0,0,0,0,0,0,0,0,0,0,0,0,0,0,0,0,0
OTU1290_Klebsiella pneumoniae,0,0,0,0,0,0,0,0,0,0,0,0,0,0,0,0,0,0,0,0,0,0,0,0,0,0,0,0,0,0,0,0,0,0,0,0,0,0,0,0,0,0,0,0,0,0,0,0,0,0,0,0,0,0,0,0,0,0,0,0,0,0,0,0,0,0,0,0.01,0,0,0,0.19,0,0,0,0,0,0.07,0.08,0,0,0,0,0,0
OTU1291_Haemophilus_D parainfluenzae_AI,0,0,0,0,0,0,0,0,0,0,0,0,0,0,0,0,0,0,0,0,0,0,0,0,0,0,0,0,0,0,0,0,0,0,0,0,0,0,0,0,0,0,0,0,0,0,0,0,0,0,0,0,0,0,0,0,0,0,0,0,0,0,0,0,0,0,0,0.01,0,0,0,0,0,0,0,0,0,0,0,0,0,0,0,0,0
OTU1292_Collinsella sp014871665,0,0,0,0,0,0,0,0,0,0,0,0,0,0,0,0,0,0,0,0,0,0,0,0,0,0,0,0,0,0,0,0,0,0,0,0,0,0,0,0,0,0,0,0,0,0,0,0,0,0,0,0,0,0,0,0,0,0,0,0,0,0,0,0,0,0,0,0.97,0,0,0,0,0,0,0,0,0,0,0,0,0,0,0,0,0
OTU1293_Dorea_D sp900543415,0,0,0,0,0,0,0,0,0,0,0,0,0,0,0,0,0,0,0,0,0,0,0,0,0,0,0,0,0,0,0,0,0,0,0,0,0,0,0,0,0,0,0,0,0,0,0,0,0,0,0,0,0,0,0,0,0,0,0,0,0,0,0,0,0,0,0,0,0.12,0,0,0,0,0,0,0,0,0.04,0.17,0,0,0,0,0,0
OTU1294_Otoolea sp018377235,0,0,0,0,0,0,0,0,0,0,0,0,0,0,0,0,0,0,0,0,0,0,0,0,0,0,0,0,0,0,0,0,0,0,0,0,0,0,0,0,0,0,0,0,0,0,0,0,0,0,0,0,0,0,0,0,0,0,0,0,0,0,0,0,0,0,0,0,0.3,0,0,0,0,0,0,0,0,0,0,0,0,0,0,0,0
OTU1295_Choladousia sp900757145,0,0,0,0,0,0,0,0,0,0,0,0,0,0,0,0,0,0,0,0,0,0,0,0,0,0,0,0,0,0,0,0,0,0,0,0,0,0,0,0,0,0,0,0,0,0,0,0,0,0,0,0,0,0,0,0,0,0,0,0,0,0,0,0,0,0,0,0,0.03,0,0,0,0,0,0,0,0,0,0,0,0,0,0,0,0
OTU1296_Blautia_A sp900066205,0,0,0,0,0,0,0,0,0,0,0,0,0,0,0,0,0,0,0,0,0,0,0,0,0,0,0,0,0,0,0,0,0,0,0,0,0,0,0,0,0,0,0,0,0,0,0,0,0,0,0,0,0,0,0,0,0,0,0,0,0,0,0,0,0,0,0,0,1.23,0,0,0,0,0,0,0,0,0,0,0,0,0,0,0,0
OTU1297_Clostridium sp900766315,0,0,0,0,0,0,0,0,0,0,0,0,0,0,0,0,0,0,0,0,0,0,0,0,0,0,0,0,0,0,0,0,0,0,0,0,0,0,0,0,0,0,0,0,0,0,0,0,0,0,0,0,0,0,0,0,0,0,0,0,0,0,0,0,0,0,0,0,0.01,0,0,0,0,0,0,0,0,0,0,0,0,0,0,0,0
OTU1298_Varibaculum cambriense_A,0,0,0,0,0,0,0,0,0,0,0,0,0,0,0,0,0,0,0,0,0,0,0,0,0,0,0,0,0,0,0,0,0,0,0,0,0,0,0,0,0,0,0,0,0,0,0,0,0,0,0,0,0,0,0,0,0,0,0,0,0,0,0,0,0,0,0,0,0.02,0,0,0,0,0,0,0,0,0,0,0,0,0,0,0,0
OTU1299_Schaedlerella sp934435195,0,0,0,0,0,0,0,0,0,0,0,0,0,0,0,0,0,0,0,0,0,0,0,0,0,0,0,0,0,0,0,0,0,0,0,0,0,0,0,0,0,0,0,0,0,0,0,0,0,0,0,0,0,0,0,0,0,0,0,0,0,0,0,0,0,0,0,0,0,0.03,0,0,0,0,0,0,0,0,0,0,0,0,0,0,0
OTU1300_Acetatifactor sp900760705,0,0,0,0,0,0,0,0,0,0,0,0,0,0,0,0,0,0,0,0,0,0,0,0,0,0,0,0,0,0,0,0,0,0,0,0,0,0,0,0,0,0,0,0,0,0,0,0,0,0,0,0,0,0,0,0,0,0,0,0,0,0,0,0,0,0,0,0,0,0.02,0,0,0,0,0,0,0,0,0,0,0,0,0,0,0
OTU1301_Peptoniphilus_A grossensis,0,0,0,0,0,0,0,0,0,0,0,0,0,0,0,0,0,0,0,0,0,0,0,0,0,0,0,0,0,0,0,0,0,0,0,0,0,0,0,0,0,0,0,0,0,0,0,0,0,0,0,0,0,0,0,0,0,0,0,0,0,0,0,0,0,0,0,0,0,0.02,0,0,0,0,0,0,0,0,0,0,0,0,0,0,0
OTU1302_Granulicatella adiacens,0,0,0,0,0,0,0,0,0,0,0,0,0,0,0,0,0,0,0,0,0,0,0,0,0,0,0,0,0,0,0,0,0,0,0,0,0,0,0,0,0,0,0,0,0,0,0,0,0,0,0,0,0,0,0,0,0,0,0,0,0,0,0,0,0,0,0,0,0,0.01,0,0,0,0,0,0,0,0,0,0,0,0,0,0,0
OTU1303_Veillonella sp018376995,0,0,0,0,0,0,0,0,0,0,0,0,0,0,0,0,0,0,0,0,0,0,0,0,0,0,0,0,0,0,0,0,0,0,0,0,0,0,0,0,0,0,0,0,0,0,0,0,0,0,0,0,0,0,0,0,0,0,0,0,0,0,0,0,0,0,0,0,0,0.14,0,0,0,0,0,0,0,0,0,0,0,0,0,0,0
OTU1304_Escherichia coli_E,0,0,0,0,0,0,0,0,0,0,0,0,0,0,0,0,0,0,0,0,0,0,0,0,0,0,0,0,0,0,0,0,0,0,0,0,0,0,0,0,0,0,0,0,0,0,0,0,0,0,0,0,0,0,0,0,0,0,0,0,0,0,0,0,0,0,0,0,0,0.6,0,0,0,0,0,0,0,0,0,0,0,0,0,0,0
OTU1305_Pauljensenia sp905370305,0,0,0,0,0,0,0,0,0,0,0,0,0,0,0,0,0,0,0,0,0,0,0,0,0,0,0,0,0,0,0,0,0,0,0,0,0,0,0,0,0,0,0,0,0,0,0,0,0,0,0,0,0,0,0,0,0,0,0,0,0,0,0,0,0,0,0,0,0,0.04,0,0,0,0,0,0,0,0,0,0,0,0,0,0,0
OTU1306_Actinomyces acetigenes,0,0,0,0,0,0,0,0,0,0,0,0,0,0,0,0,0,0,0,0,0,0,0,0,0,0,0,0,0,0,0,0,0,0,0,0,0,0,0,0,0,0,0,0,0,0,0,0,0,0,0,0,0,0,0,0,0,0,0,0,0,0,0,0,0,0,0,0,0,0.1,0,0,0,0,0,0,0,0,0,0,0,0,0,0,0
OTU1307_Rothia sp029850875,0,0,0,0,0,0,0,0,0,0,0,0,0,0,0,0,0,0,0,0,0,0,0,0,0,0,0,0,0,0,0,0,0,0,0,0,0,0,0,0,0,0,0,0,0,0,0,0,0,0,0,0,0,0,0,0,0,0,0,0,0,0,0,0,0,0,0,0,0,0.04,0,0,0,0,0,0,0,0,0,0,0,0,0,0,0
OTU1308_Collinsella sp036426035,0,0,0,0,0,0,0,0,0,0,0,0,0,0,0,0,0,0,0,0,0,0,0,0,0,0,0,0,0,0,0,0,0,0,0,0,0,0,0,0,0,0,0,0,0,0,0,0,0,0,0,0,0,0,0,0,0,0,0,0,0,0,0,0,0,0,0,0,0,0.43,0,0,0,0,0,0,0,0,0,0,0,0,0,0,0
OTU1309_Collinsella sp900550515,0,0,0,0,0,0,0,0,0,0,0,0,0,0,0,0,0,0,0,0,0,0,0,0,0,0,0,0,0,0,0,0,0,0,0,0,0,0,0,0,0,0,0,0,0,0,0,0,0,0,0,0,0,0,0,0,0,0,0,0,0,0,0,0,0,0,0,0,0,0.68,0,0,0,0,0,0,0,0,0,0,0,0,0,0,0
OTU1310_Collinsella sp900760905,0,0,0,0,0,0,0,0,0,0,0,0,0,0,0,0,0,0,0,0,0,0,0,0,0,0,0,0,0,0,0,0,0,0,0,0,0,0,0,0,0,0,0,0,0,0,0,0,0,0,0,0,0,0,0,0,0,0,0,0,0,0,0,0,0,0,0,0,0,0.42,0,0,0,0,0,0,0,0,0,0,0,0,0,0,0.31
OTU1311_Collinsella sp902470895,0,0,0,0,0,0,0,0,0,0,0,0,0,0,0,0,0,0,0,0,0,0,0,0,0,0,0,0,0,0,0,0,0,0,0,0,0,0,0,0,0,0,0,0,0,0,0,0,0,0,0,0,0,0,0,0,0,0,0,0,0,0,0,0,0,0,0,0,0,0.31,0,0,0,0,0,0,0,0,0,0,0,0,0,0,0
OTU1312_Phocaeicola faecicola,0,0,0,0,0,0,0,0,0,0,0,0,0,0,0,0,0,0,0,0,0,0,0,0,0,0,0,0,0,0,0,0,0,0,0,0,0,0,0,0,0,0,0,0,0,0,0,0,0,0,0,0,0,0,0,0,0,0,0,0,0,0,0,0,0,0,0,0,0,2.79,0.23,0,0,0,0,0,0,0,0,0,0,0,0,0,0
OTU1313_Prevotella pleuritidis,0,0,0,0,0,0,0,0,0,0,0,0,0,0,0,0,0,0,0,0,0,0,0,0,0,0,0,0,0,0,0,0,0,0,0,0,0,0,0,0,0,0,0,0,0,0,0,0,0,0,0,0,0,0,0,0,0,0,0,0,0,0,0,0,0,0,0,0,0,0.03,0,0,0,0,0,0,0,0,0,0,0,0,0,0,0
OTU1314_Alloprevotella sp900541335,0,0,0,0,0,0,0,0,0,0,0,0,0,0,0,0,0,0,0,0,0,0,0,0,0,0,0,0,0,0,0,0,0,0,0,0,0,0,0,0,0,0,0,0,0,0,0,0,0,0,0,0,0,0,0,0,0,0,0,0,0,0,0,0,0,0,0,0,0,1.03,0.22,0,0,0,0,0,0,0,0,0,0,0,0,0,0
OTU1315_Fusobacterium vincentii,0,0,0,0,0,0,0,0,0,0,0,0,0,0,0,0,0,0,0,0,0,0,0,0,0,0,0,0,0,0,0,0,0,0,0,0,0,0,0,0,0,0,0,0,0,0,0,0,0,0,0,0,0,0,0,0,0,0,0,0,0,0,0,0,0,0,0,0,0,0.04,0,0,0,0.08,0,0,0,0,0,0,0,0,0,0,0
OTU1316_Fusobacterium sp963526615,0,0,0,0,0,0,0,0,0,0,0,0,0,0,0,0,0,0,0,0,0,0,0,0,0,0,0,0,0,0,0,0,0,0,0,0,0,0,0,0,0,0,0,0,0,0,0,0,0,0,0,0,0,0,0,0,0,0,0,0,0,0,0,0,0,0,0,0,0,0.02,0,0,0,0.13,0,0,0,0,0,0,0,0,0,0,0
OTU1317_Neoclostridium sp934247335,0,0,0,0,0,0,0,0,0,0,0,0,0,0,0,0,0,0,0,0,0,0,0,0,0,0,0,0,0,0,0,0,0,0,0,0,0,0,0,0,0,0,0,0,0,0,0,0,0,0,0,0,0,0,0,0,0,0,0,0,0,0,0,0,0,0,0,0,0,0,0.03,0,0,0,0,0,0,0,0,0,0,0,0,0,0
OTU1318_Neoclostridium sp900555125,0,0,0,0,0,0,0,0,0,0,0,0,0,0,0,0,0,0,0,0,0,0,0,0,0,0,0,0,0,0,0,0,0,0,0,0,0,0,0,0,0,0,0,0,0,0,0,0,0,0,0,0,0,0,0,0,0,0,0,0,0,0,0,0,0,0,0,0,0,0,0.04,0,0,0,0,0,0,0,0,0,0,0,0,0,0
OTU1319_Limiplasma sp004556545,0,0,0,0,0,0,0,0,0,0,0,0,0,0,0,0,0,0,0,0,0,0,0,0,0,0,0,0,0,0,0,0,0,0,0,0,0,0,0,0,0,0,0,0,0,0,0,0,0,0,0,0,0,0,0,0,0,0,0,0,0,0,0,0,0,0,0,0,0,0,0.03,0,0,0,0,0,0,0,0,0,0,0,0,0,0
OTU1320_RUG11247 sp902767315,0,0,0,0,0,0,0,0,0,0,0,0,0,0,0,0,0,0,0,0,0,0,0,0,0,0,0,0,0,0,0,0,0,0,0,0,0,0,0,0,0,0,0,0,0,0,0,0,0,0,0,0,0,0,0,0,0,0,0,0,0,0,0,0,0,0,0,0,0,0,0.01,0,0,0,0,0,0,0,0,0,0,0,0,0,0
OTU1321_Faecivicinus sp934663595,0,0,0,0,0,0,0,0,0,0,0,0,0,0,0,0,0,0,0,0,0,0,0,0,0,0,0,0,0,0,0,0,0,0,0,0,0,0,0,0,0,0,0,0,0,0,0,0,0,0,0,0,0,0,0,0,0,0,0,0,0,0,0,0,0,0,0,0,0,0,0.02,0,0,0,0,0,0,0,0,0,0,0,0,0,0
OTU1322_Borkfalkia sp003343765,0,0,0,0,0,0,0,0,0,0,0,0,0,0,0,0,0,0,0,0,0,0,0,0,0,0,0,0,0,0,0,0,0,0,0,0,0,0,0,0,0,0,0,0,0,0,0,0,0,0,0,0,0,0,0,0,0,0,0,0,0,0,0,0,0,0,0,0,0,0,0.02,0,0,0,0,0,0,0,0,0,0,0,0,0,0
OTU1323_CAG-448 sp963643175,0,0,0,0,0,0,0,0,0,0,0,0,0,0,0,0,0,0,0,0,0,0,0,0,0,0,0,0,0,0,0,0,0,0,0,0,0,0,0,0,0,0,0,0,0,0,0,0,0,0,0,0,0,0,0,0,0,0,0,0,0,0,0,0,0,0,0,0,0,0,0.06,0,0,0,0,0,0,0,0,0,0,0,0,0,0
OTU1324_UMGS1901 sp900553755,0,0,0,0,0,0,0,0,0,0,0,0,0,0,0,0,0,0,0,0,0,0,0,0,0,0,0,0,0,0,0,0,0,0,0,0,0,0,0,0,0,0,0,0,0,0,0,0,0,0,0,0,0,0,0,0,0,0,0,0,0,0,0,0,0,0,0,0,0,0,0.15,0,0,0,0,0,0,0,0,0,0,0,0,0,0
OTU1325_UMGS1901 sp934122115,0,0,0,0,0,0,0,0,0,0,0,0,0,0,0,0,0,0,0,0,0,0,0,0,0,0,0,0,0,0,0,0,0,0,0,0,0,0,0,0,0,0,0,0,0,0,0,0,0,0,0,0,0,0,0,0,0,0,0,0,0,0,0,0,0,0,0,0,0,0,0.34,0,0,0,0,0,0,0,0,0,0,0,0,0,0
OTU1326_Catenibacterium sp900540685,0,0,0,0,0,0,0,0,0,0,0,0,0,0,0,0,0,0,0,0,0,0,0,0,0,0,0,0,0,0,0,0,0,0,0,0,0,0,0,0,0,0,0,0,0,0,0,0,0,0,0,0,0,0,0,0,0,0,0,0,0,0,0,0,0,0,0,0,0,0,0.01,0,0,0,0,0,0,0,0,0,0,0,0,0,0
OTU1327_CAG-1193 sp900550145,0,0,0,0,0,0,0,0,0,0,0,0,0,0,0,0,0,0,0,0,0,0,0,0,0,0,0,0,0,0,0,0,0,0,0,0,0,0,0,0,0,0,0,0,0,0,0,0,0,0,0,0,0,0,0,0,0,0,0,0,0,0,0,0,0,0,0,0,0,0,0.56,0,0,0,0,0,0,0,0,0,0,0,0,0,0
OTU1328_CAG-345 sp000433315,0,0,0,0,0,0,0,0,0,0,0,0,0,0,0,0,0,0,0,0,0,0,0,0,0,0,0,0,0,0,0,0,0,0,0,0,0,0,0,0,0,0,0,0,0,0,0,0,0,0,0,0,0,0,0,0,0,0,0,0,0,0,0,0,0,0,0,0,0,0,0.46,0,0,0,0,0,0,0,0,0,0,0,0,0,0
OTU1329_Anaerotardibacter sp959607715,0,0,0,0,0,0,0,0,0,0,0,0,0,0,0,0,0,0,0,0,0,0,0,0,0,0,0,0,0,0,0,0,0,0,0,0,0,0,0,0,0,0,0,0,0,0,0,0,0,0,0,0,0,0,0,0,0,0,0,0,0,0,0,0,0,0,0,0,0,0,0.06,0,0,0,0,0,0,0,0,0,0,0,0,0,0
OTU1330_Oxalobacter sp934270705,0,0,0,0,0,0,0,0,0,0,0,0,0,0,0,0,0,0,0,0,0,0,0,0,0,0,0,0,0,0,0,0,0,0,0,0,0,0,0,0,0,0,0,0,0,0,0,0,0,0,0,0,0,0,0,0,0,0,0,0,0,0,0,0,0,0,0,0,0,0,0.04,0,0,0,0,0,0,0,0,0,0,0,0,0,0
OTU1331_Klebsiella africana,0,0,0,0,0,0,0,0,0,0,0,0,0,0,0,0,0,0,0,0,0,0,0,0,0,0,0,0,0,0,0,0,0,0,0,0,0,0,0,0,0,0,0,0,0,0,0,0,0,0,0,0,0,0,0,0,0,0,0,0,0,0,0,0,0,0,0,0,0,0,0,0.03,0,0,0,0,0,0,0,0,0,0,0,0,0
OTU1332_Enterocloster asparagiformis,0,0,0,0,0,0,0,0,0,0,0,0,0,0,0,0,0,0,0,0,0,0,0,0,0,0,0,0,0,0,0,0,0,0,0,0,0,0,0,0,0,0,0,0,0,0,0,0,0,0,0,0,0,0,0,0,0,0,0,0,0,0,0,0,0,0,0,0,0,0,0,0,0.04,0,0,0,0,0,0,0,0,0,0,0,0
OTU1333_Veillonella hominis,0,0,0,0,0,0,0,0,0,0,0,0,0,0,0,0,0,0,0,0,0,0,0,0,0,0,0,0,0,0,0,0,0,0,0,0,0,0,0,0,0,0,0,0,0,0,0,0,0,0,0,0,0,0,0,0,0,0,0,0,0,0,0,0,0,0,0,0,0,0,0,0,0.04,0,0,0,0,0,0,0,0,0,0,0,0
OTU1334_Veillonella parvula_D,0,0,0,0,0,0,0,0,0,0,0,0,0,0,0,0,0,0,0,0,0,0,0,0,0,0,0,0,0,0,0,0,0,0,0,0,0,0,0,0,0,0,0,0,0,0,0,0,0,0,0,0,0,0,0,0,0,0,0,0,0,0,0,0,0,0,0,0,0,0,0,0,0.05,0,0,0,0,0,0,0,0,0,0,0,0
OTU1335_Prevotella intermedia,0,0,0,0,0,0,0,0,0,0,0,0,0,0,0,0,0,0,0,0,0,0,0,0,0,0,0,0,0,0,0,0,0,0,0,0,0,0,0,0,0,0,0,0,0,0,0,0,0,0,0,0,0,0,0,0,0,0,0,0,0,0,0,0,0,0,0,0,0,0,0,0,0,0.15,0,0,0,0,0,0,0,0,0,0,0
OTU1336_Nanogingivalis sp963526415,0,0,0,0,0,0,0,0,0,0,0,0,0,0,0,0,0,0,0,0,0,0,0,0,0,0,0,0,0,0,0,0,0,0,0,0,0,0,0,0,0,0,0,0,0,0,0,0,0,0,0,0,0,0,0,0,0,0,0,0,0,0,0,0,0,0,0,0,0,0,0,0,0,0.02,0,0,0,0,0,0,0,0,0,0,0
OTU1337_Collinsella aerofaciens_AK,0,0,0,0,0,0,0,0,0,0,0,0,0,0,0,0,0,0,0,0,0,0,0,0,0,0,0,0,0,0,0,0,0,0,0,0,0,0,0,0,0,0,0,0,0,0,0,0,0,0,0,0,0,0,0,0,0,0,0,0,0,0,0,0,0,0,0,0,0,0,0,0,0,0,0.58,0,0,0,0,0,0,0,0,0,0
OTU1338_Pseudoflavonifractor_A sp002159175,0,0,0,0,0,0,0,0,0,0,0,0,0,0,0,0,0,0,0,0,0,0,0,0,0,0,0,0,0,0,0,0,0,0,0,0,0,0,0,0,0,0,0,0,0,0,0,0,0,0,0,0,0,0,0,0,0,0,0,0,0,0,0,0,0,0,0,0,0,0,0,0,0,0,0,0.02,0,0,0,0,0,0,0,0,0
OTU1339_Heritagella caecorum,0,0,0,0,0,0,0,0,0,0,0,0,0,0,0,0,0,0,0,0,0,0,0,0,0,0,0,0,0,0,0,0,0,0,0,0,0,0,0,0,0,0,0,0,0,0,0,0,0,0,0,0,0,0,0,0,0,0,0,0,0,0,0,0,0,0,0,0,0,0,0,0,0,0,0,0.07,0.13,0,0,0,0,0,0,0,0
OTU1340_Acutalibacter ornithocaccae,0,0,0,0,0,0,0,0,0,0,0,0,0,0,0,0,0,0,0,0,0,0,0,0,0,0,0,0,0,0,0,0,0,0,0,0,0,0,0,0,0,0,0,0,0,0,0,0,0,0,0,0,0,0,0,0,0,0,0,0,0,0,0,0,0,0,0,0,0,0,0,0,0,0,0,0.13,0.11,0,0,0,0,0,0,0,0
OTU1341_Acutalibacter sp905215055,0,0,0,0,0,0,0,0,0,0,0,0,0,0,0,0,0,0,0,0,0,0,0,0,0,0,0,0,0,0,0,0,0,0,0,0,0,0,0,0,0,0,0,0,0,0,0,0,0,0,0,0,0,0,0,0,0,0,0,0,0,0,0,0,0,0,0,0,0,0,0,0,0,0,0,0.04,0.03,0,0,0,0,0,0,0,0
OTU1342_Ruthenibacterium sp905212515,0,0,0,0,0,0,0,0,0,0,0,0,0,0,0,0,0,0,0,0,0,0,0,0,0,0,0,0,0,0,0,0,0,0,0,0,0,0,0,0,0,0,0,0,0,0,0,0,0,0,0,0,0,0,0,0,0,0,0,0,0,0,0,0,0,0,0,0,0,0,0,0,0,0,0,0.03,0,0,0,0,0,0,0,0,0
OTU1343_Lachnospira sp002394205,0,0,0,0,0,0,0,0,0,0,0,0,0,0,0,0,0,0,0,0,0,0,0,0,0,0,0,0,0,0,0,0,0,0,0,0,0,0,0,0,0,0,0,0,0,0,0,0,0,0,0,0,0,0,0,0,0,0,0,0,0,0,0,0,0,0,0,0,0,0,0,0,0,0,0,0.08,0.11,0,0,0,0,0,0,0,0
OTU1344_Lachnospira sp900551945,0,0,0,0,0,0,0,0,0,0,0,0,0,0,0,0,0,0,0,0,0,0,0,0,0,0,0,0,0,0,0,0,0,0,0,0,0,0,0,0,0,0,0,0,0,0,0,0,0,0,0,0,0,0,0,0,0,0,0,0,0,0,0,0,0,0,0,0,0,0,0,0,0,0,0,0.18,0.31,0,0,0,0,0,0,0,0
OTU1345_Gallintestinimicrobium sp900539715,0,0,0,0,0,0,0,0,0,0,0,0,0,0,0,0,0,0,0,0,0,0,0,0,0,0,0,0,0,0,0,0,0,0,0,0,0,0,0,0,0,0,0,0,0,0,0,0,0,0,0,0,0,0,0,0,0,0,0,0,0,0,0,0,0,0,0,0,0,0,0,0,0,0,0,0.02,0,0,0,0,0,0,0,0,0
OTU1346_Gallintestinimicrobium sp900550285,0,0,0,0,0,0,0,0,0,0,0,0,0,0,0,0,0,0,0,0,0,0,0,0,0,0,0,0,0,0,0,0,0,0,0,0,0,0,0,0,0,0,0,0,0,0,0,0,0,0,0,0,0,0,0,0,0,0,0,0,0,0,0,0,0,0,0,0,0,0,0,0,0,0,0,0.02,0.02,0,0,0,0,0,0,0,0
OTU1347_Otoolea sp937885015,0,0,0,0,0,0,0,0,0,0,0,0,0,0,0,0,0,0,0,0,0,0,0,0,0,0,0,0,0,0,0,0,0,0,0,0,0,0,0,0,0,0,0,0,0,0,0,0,0,0,0,0,0,0,0,0,0,0,0,0,0,0,0,0,0,0,0,0,0,0,0,0,0,0,0,0.06,0.08,0,0,0,0,0,0,0,0
OTU1348_Laedolimicola faecalis,0,0,0,0,0,0,0,0,0,0,0,0,0,0,0,0,0,0,0,0,0,0,0,0,0,0,0,0,0,0,0,0,0,0,0,0,0,0,0,0,0,0,0,0,0,0,0,0,0,0,0,0,0,0,0,0,0,0,0,0,0,0,0,0,0,0,0,0,0,0,0,0,0,0,0,0.05,0.03,0,0,0,0,0,0,0,0
OTU1349_Cuneatibacter caecimuris,0,0,0,0,0,0,0,0,0,0,0,0,0,0,0,0,0,0,0,0,0,0,0,0,0,0,0,0,0,0,0,0,0,0,0,0,0,0,0,0,0,0,0,0,0,0,0,0,0,0,0,0,0,0,0,0,0,0,0,0,0,0,0,0,0,0,0,0,0,0,0,0,0,0,0,0.03,0,0,0,0,0,0,0,0,0
OTU1350_Emergencia sp937997955,0,0,0,0,0,0,0,0,0,0,0,0,0,0,0,0,0,0,0,0,0,0,0,0,0,0,0,0,0,0,0,0,0,0,0,0,0,0,0,0,0,0,0,0,0,0,0,0,0,0,0,0,0,0,0,0,0,0,0,0,0,0,0,0,0,0,0,0,0,0,0,0,0,0,0,0.03,0.03,0,0,0,0,0,0,0,0
OTU1351_Allocoprobacillus sp002160865,0,0,0,0,0,0,0,0,0,0,0,0,0,0,0,0,0,0,0,0,0,0,0,0,0,0,0,0,0,0,0,0,0,0,0,0,0,0,0,0,0,0,0,0,0,0,0,0,0,0,0,0,0,0,0,0,0,0,0,0,0,0,0,0,0,0,0,0,0,0,0,0,0,0,0,0.08,0,0,0,0,0,0,0,0,0
OTU1352_Negativibacillus faecipullorum,0,0,0,0,0,0,0,0,0,0,0,0,0,0,0,0,0,0,0,0,0,0,0,0,0,0,0,0,0,0,0,0,0,0,0,0,0,0,0,0,0,0,0,0,0,0,0,0,0,0,0,0,0,0,0,0,0,0,0,0,0,0,0,0,0,0,0,0,0,0,0,0,0,0,0,0,0.02,0,0,0,0,0,0,0,0
OTU1353_Angelakisella sp004557855,0,0,0,0,0,0,0,0,0,0,0,0,0,0,0,0,0,0,0,0,0,0,0,0,0,0,0,0,0,0,0,0,0,0,0,0,0,0,0,0,0,0,0,0,0,0,0,0,0,0,0,0,0,0,0,0,0,0,0,0,0,0,0,0,0,0,0,0,0,0,0,0,0,0,0,0,0.12,0,0,0,0,0,0,0,0
OTU1354_Lachnospira sp900545725,0,0,0,0,0,0,0,0,0,0,0,0,0,0,0,0,0,0,0,0,0,0,0,0,0,0,0,0,0,0,0,0,0,0,0,0,0,0,0,0,0,0,0,0,0,0,0,0,0,0,0,0,0,0,0,0,0,0,0,0,0,0,0,0,0,0,0,0,0,0,0,0,0,0,0,0,0.02,0,0,0,0,0,0,0,0
OTU1355_UBA10677 sp944363615,0,0,0,0,0,0,0,0,0,0,0,0,0,0,0,0,0,0,0,0,0,0,0,0,0,0,0,0,0,0,0,0,0,0,0,0,0,0,0,0,0,0,0,0,0,0,0,0,0,0,0,0,0,0,0,0,0,0,0,0,0,0,0,0,0,0,0,0,0,0,0,0,0,0,0,0,0.04,0,0,0,0,0,0,0,0
OTU1356_Anaerotardibacter sp900542525,0,0,0,0,0,0,0,0,0,0,0,0,0,0,0,0,0,0,0,0,0,0,0,0,0,0,0,0,0,0,0,0,0,0,0,0,0,0,0,0,0,0,0,0,0,0,0,0,0,0,0,0,0,0,0,0,0,0,0,0,0,0,0,0,0,0,0,0,0,0,0,0,0,0,0,0,0.02,0,0,0,0,0,0,0,0
OTU1357_Haemophilus_D parainfluenzae_AB,0,0,0,0,0,0,0,0,0,0,0,0,0,0,0,0,0,0,0,0,0,0,0,0,0,0,0,0,0,0,0,0,0,0,0,0,0,0,0,0,0,0,0,0,0,0,0,0,0,0,0,0,0,0,0,0,0,0,0,0,0,0,0,0,0,0,0,0,0,0,0,0,0,0,0,0,0.01,0,0,0,0,0,0,0,0
OTU1358_Collinsella sp947002045,0,0,0,0,0,0,0,0,0,0,0,0,0,0,0,0,0,0,0,0,0,0,0,0,0,0,0,0,0,0,0,0,0,0,0,0,0,0,0,0,0,0,0,0,0,0,0,0,0,0,0,0,0,0,0,0,0,0,0,0,0,0,0,0,0,0,0,0,0,0,0,0,0,0,0,0,0,2.24,0,0,0,0,0,0,0
OTU1359_Pauljensenia sp963537175,0,0,0,0,0,0,0,0,0,0,0,0,0,0,0,0,0,0,0,0,0,0,0,0,0,0,0,0,0,0,0,0,0,0,0,0,0,0,0,0,0,0,0,0,0,0,0,0,0,0,0,0,0,0,0,0,0,0,0,0,0,0,0,0,0,0,0,0,0,0,0,0,0,0,0,0,0,0.04,0,0,0,0,0,0,0
OTU1360_JAHZIE01 sp019419895,0,0,0,0,0,0,0,0,0,0,0,0,0,0,0,0,0,0,0,0,0,0,0,0,0,0,0,0,0,0,0,0,0,0,0,0,0,0,0,0,0,0,0,0,0,0,0,0,0,0,0,0,0,0,0,0,0,0,0,0,0,0,0,0,0,0,0,0,0,0,0,0,0,0,0,0,0,0,0.02,0,0,0,0,0,0
OTU1361_Allocoprobacillus merdigallinarum,0,0,0,0,0,0,0,0,0,0,0,0,0,0,0,0,0,0,0,0,0,0,0,0,0,0,0,0,0,0,0,0,0,0,0,0,0,0,0,0,0,0,0,0,0,0,0,0,0,0,0,0,0,0,0,0,0,0,0,0,0,0,0,0,0,0,0,0,0,0,0,0,0,0,0,0,0,0,0.23,0,0,0,0,0,0
OTU1362_Collinsella sp900541205,0,0,0,0,0,0,0,0,0,0,0,0,0,0,0,0,0,0,0,0,0,0,0,0,0,0,0,0,0,0,0,0,0,0,0,0,0,0,0,0,0,0,0,0,0,0,0,0,0,0,0,0,0,0,0,0,0,0,0,0,0,0,0,0,0,0,0,0,0,0,0,0,0,0,0,0,0,0,0.89,0,0,0,0,0,0
OTU1363_Collinsella sp902469055,0,0,0,0,0,0,0,0,0,0,0,0,0,0,0,0,0,0,0,0,0,0,0,0,0,0,0,0,0,0,0,0,0,0,0,0,0,0,0,0,0,0,0,0,0,0,0,0,0,0,0,0,0,0,0,0,0,0,0,0,0,0,0,0,0,0,0,0,0,0,0,0,0,0,0,0,0,0,1.4,0,0,0,0,0,0
OTU1364_Collinsella sp958354105,0,0,0,0,0,0,0,0,0,0,0,0,0,0,0,0,0,0,0,0,0,0,0,0,0,0,0,0,0,0,0,0,0,0,0,0,0,0,0,0,0,0,0,0,0,0,0,0,0,0,0,0,0,0,0,0,0,0,0,0,0,0,0,0,0,0,0,0,0,0,0,0,0,0,0,0,0,0,2.45,0,0,0,0,0,0
OTU1365_Parabacteroides chongii,0,0,0,0,0,0,0,0,0,0,0,0,0,0,0,0,0,0,0,0,0,0,0,0,0,0,0,0,0,0,0,0,0,0,0,0,0,0,0,0,0,0,0,0,0,0,0,0,0,0,0,0,0,0,0,0,0,0,0,0,0,0,0,0,0,0,0,0,0,0,0,0,0,0,0,0,0,0,0.03,0,0,0,0,0,0
OTU1366_Enterobacter roggenkampii,0,0,0,0,0,0,0,0,0,0,0,0,0,0,0,0,0,0,0,0,0,0,0,0,0,0,0,0,0,0,0,0,0,0,0,0,0,0,0,0,0,0,0,0,0,0,0,0,0,0,0,0,0,0,0,0,0,0,0,0,0,0,0,0,0,0,0,0,0,0,0,0,0,0,0,0,0,0,0.03,0,0,0,0,0,0
OTU1367_Streptococcus sp900766505,0,0,0,0,0,0,0,0,0,0,0,0,0,0,0,0,0,0,0,0,0,0,0,0,0,0,0,0,0,0,0,0,0,0,0,0,0,0,0,0,0,0,0,0,0,0,0,0,0,0,0,0,0,0,0,0,0,0,0,0,0,0,0,0,0,0,0,0,0,0,0,0,0,0,0,0,0,0,0,0.03,0,0,0,0,0
OTU1368_Collinsella sp900545905,0,0,0,0,0,0,0,0,0,0,0,0,0,0,0,0,0,0,0,0,0,0,0,0,0,0,0,0,0,0,0,0,0,0,0,0,0,0,0,0,0,0,0,0,0,0,0,0,0,0,0,0,0,0,0,0,0,0,0,0,0,0,0,0,0,0,0,0,0,0,0,0,0,0,0,0,0,0,0,0.95,0.03,0,0,0,0
OTU1369_Streptococcus parasanguinis_V,0,0,0,0,0,0,0,0,0,0,0,0,0,0,0,0,0,0,0,0,0,0,0,0,0,0,0,0,0,0,0,0,0,0,0,0,0,0,0,0,0,0,0,0,0,0,0,0,0,0,0,0,0,0,0,0,0,0,0,0,0,0,0,0,0,0,0,0,0,0,0,0,0,0,0,0,0,0,0,0,0.02,0,0,0,0
OTU1370_UMGS1071 sp900548305,0,0,0,0,0,0,0,0,0,0,0,0,0,0,0,0,0,0,0,0,0,0,0,0,0,0,0,0,0,0,0,0,0,0,0,0,0,0,0,0,0,0,0,0,0,0,0,0,0,0,0,0,0,0,0,0,0,0,0,0,0,0,0,0,0,0,0,0,0,0,0,0,0,0,0,0,0,0,0,0,0,0.07,0.01,0,0
OTU1371_Allisonella pneumosinta,0,0,0,0,0,0,0,0,0,0,0,0,0,0,0,0,0,0,0,0,0,0,0,0,0,0,0,0,0,0,0,0,0,0,0,0,0,0,0,0,0,0,0,0,0,0,0,0,0,0,0,0,0,0,0,0,0,0,0,0,0,0,0,0,0,0,0,0,0,0,0,0,0,0,0,0,0,0,0,0,0,0.04,0,0,0
OTU1372_Oscillibacter sp000436875,0,0,0,0,0,0,0,0,0,0,0,0,0,0,0,0,0,0,0,0,0,0,0,0,0,0,0,0,0,0,0,0,0,0,0,0,0,0,0,0,0,0,0,0,0,0,0,0,0,0,0,0,0,0,0,0,0,0,0,0,0,0,0,0,0,0,0,0,0,0,0,0,0,0,0,0,0,0,0,0,0,0,0.05,0,0
OTU1373_Oscillibacter sp944387015,0,0,0,0,0,0,0,0,0,0,0,0,0,0,0,0,0,0,0,0,0,0,0,0,0,0,0,0,0,0,0,0,0,0,0,0,0,0,0,0,0,0,0,0,0,0,0,0,0,0,0,0,0,0,0,0,0,0,0,0,0,0,0,0,0,0,0,0,0,0,0,0,0,0,0,0,0,0,0,0,0,0,0.04,0,0
OTU1374_Lactobacillus sp027681045,0,0,0,0,0,0,0,0,0,0,0,0,0,0,0,0,0,0,0,0,0,0,0,0,0,0,0,0,0,0,0,0,0,0,0,0,0,0,0,0,0,0,0,0,0,0,0,0,0,0,0,0,0,0,0,0,0,0,0,0,0,0,0,0,0,0,0,0,0,0,0,0,0,0,0,0,0,0,0,0,0,0,0.02,0,0
OTU1375_Lactobacillus delbrueckii,0,0,0,0,0,0,0,0,0,0,0,0,0,0,0,0,0,0,0,0,0,0,0,0,0,0,0,0,0,0,0,0,0,0,0,0,0,0,0,0,0,0,0,0,0,0,0,0,0,0,0,0,0,0,0,0,0,0,0,0,0,0,0,0,0,0,0,0,0,0,0,0,0,0,0,0,0,0,0,0,0,0,0.1,0,0
OTU1376_Holdemanella sp003436425,0,0,0,0,0,0,0,0,0,0,0,0,0,0,0,0,0,0,0,0,0,0,0,0,0,0,0,0,0,0,0,0,0,0,0,0,0,0,0,0,0,0,0,0,0,0,0,0,0,0,0,0,0,0,0,0,0,0,0,0,0,0,0,0,0,0,0,0,0,0,0,0,0,0,0,0,0,0,0,0,0,0,0,0.61,0.27
OTU1377_Holdemanella porci,0,0,0,0,0,0,0,0,0,0,0,0,0,0,0,0,0,0,0,0,0,0,0,0,0,0,0,0,0,0,0,0,0,0,0,0,0,0,0,0,0,0,0,0,0,0,0,0,0,0,0,0,0,0,0,0,0,0,0,0,0,0,0,0,0,0,0,0,0,0,0,0,0,0,0,0,0,0,0,0,0,0,0,0.76,0.21
OTU1378_Phascolarctobacterium_A sp902463975,0,0,0,0,0,0,0,0,0,0,0,0,0,0,0,0,0,0,0,0,0,0,0,0,0,0,0,0,0,0,0,0,0,0,0,0,0,0,0,0,0,0,0,0,0,0,0,0,0,0,0,0,0,0,0,0,0,0,0,0,0,0,0,0,0,0,0,0,0,0,0,0,0,0,0,0,0,0,0,0,0,0,0,0.07,0
OTU1379_Senegalimassilia sp905215325,0,0,0,0,0,0,0,0,0,0,0,0,0,0,0,0,0,0,0,0,0,0,0,0,0,0,0,0,0,0,0,0,0,0,0,0,0,0,0,0,0,0,0,0,0,0,0,0,0,0,0,0,0,0,0,0,0,0,0,0,0,0,0,0,0,0,0,0,0,0,0,0,0,0,0,0,0,0,0,0,0,0,0,0.04,0.02
OTU1380_Senegalimassilia sp934636665,0,0,0,0,0,0,0,0,0,0,0,0,0,0,0,0,0,0,0,0,0,0,0,0,0,0,0,0,0,0,0,0,0,0,0,0,0,0,0,0,0,0,0,0,0,0,0,0,0,0,0,0,0,0,0,0,0,0,0,0,0,0,0,0,0,0,0,0,0,0,0,0,0,0,0,0,0,0,0,0,0,0,0,0.02,0
OTU1381_Phoenicibacter congonensis,0,0,0,0,0,0,0,0,0,0,0,0,0,0,0,0,0,0,0,0,0,0,0,0,0,0,0,0,0,0,0,0,0,0,0,0,0,0,0,0,0,0,0,0,0,0,0,0,0,0,0,0,0,0,0,0,0,0,0,0,0,0,0,0,0,0,0,0,0,0,0,0,0,0,0,0,0,0,0,0,0,0,0,0.2,0.32
OTU1382_Scybalocola_A sp900557175,0,0,0,0,0,0,0,0,0,0,0,0,0,0,0,0,0,0,0,0,0,0,0,0,0,0,0,0,0,0,0,0,0,0,0,0,0,0,0,0,0,0,0,0,0,0,0,0,0,0,0,0,0,0,0,0,0,0,0,0,0,0,0,0,0,0,0,0,0,0,0,0,0,0,0,0,0,0,0,0,0,0,0,0,0.07
OTU1383_CAKRJP01 sp934351835,0,0,0,0,0,0,0,0,0,0,0,0,0,0,0,0,0,0,0,0,0,0,0,0,0,0,0,0,0,0,0,0,0,0,0,0,0,0,0,0,0,0,0,0,0,0,0,0,0,0,0,0,0,0,0,0,0,0,0,0,0,0,0,0,0,0,0,0,0,0,0,0,0,0,0,0,0,0,0,0,0,0,0,0,0.02
OTU1384_Alangreenwoodia sp019420525,0,0,0,0,0,0,0,0,0,0,0,0,0,0,0,0,0,0,0,0,0,0,0,0,0,0,0,0,0,0,0,0,0,0,0,0,0,0,0,0,0,0,0,0,0,0,0,0,0,0,0,0,0,0,0,0,0,0,0,0,0,0,0,0,0,0,0,0,0,0,0,0,0,0,0,0,0,0,0,0,0,0,0,0,0.02
OTU1385_Emergencia sp904420065,0,0,0,0,0,0,0,0,0,0,0,0,0,0,0,0,0,0,0,0,0,0,0,0,0,0,0,0,0,0,0,0,0,0,0,0,0,0,0,0,0,0,0,0,0,0,0,0,0,0,0,0,0,0,0,0,0,0,0,0,0,0,0,0,0,0,0,0,0,0,0,0,0,0,0,0,0,0,0,0,0,0,0,0,0.02
OTU1386_Ellagibacter isourolithinifaciens,0,0,0,0,0,0,0,0,0,0,0,0,0,0,0,0,0,0,0,0,0,0,0,0,0,0,0,0,0,0,0,0,0,0,0,0,0,0,0,0,0,0,0,0,0,0,0,0,0,0,0,0,0,0,0,0,0,0,0,0,0,0,0,0,0,0,0,0,0,0,0,0,0,0,0,0,0,0,0,0,0,0,0,0,0.05
OTU1387_Collinsella sp900754445,0,0,0,0,0,0,0,0,0,0,0,0,0,0,0,0,0,0,0,0,0,0,0,0,0,0,0,0,0,0,0,0,0,0,0,0,0,0,0,0,0,0,0,0,0,0,0,0,0,0,0,0,0,0,0,0,0,0,0,0,0,0,0,0,0,0,0,0,0,0,0,0,0,0,0,0,0,0,0,0,0,0,0,0,0.23
OTU1388_Prevotella copri_P,0,0,0,0,0,0,0,0,0,0,0,0,0,0,0,0,0,0,0,0,0,0,0,0,0,0,0,0,0,0,0,0,0,0,0,0,0,0,0,0,0,0,0,0,0,0,0,0,0,0,0,0,0,0,0,0,0,0,0,0,0,0,0,0,0,0,0,0,0,0,0,0,0,0,0,0,0,0,0,0,0,0,0,0,0.81
