OTUID,taxonomy,phylum,class,order,family,genus,species
OTU01_unclassified,Unclassified,Unclassified_phylum,Unclassified_class,Unclassified_order,Unclassified_family,Unclassified_genus,Unclassified_species
OTU02_Bifidobacterium adolescentis,Bacteria,Actinomycetota,Actinomycetes,Actinomycetales,Bifidobacteriaceae,Bifidobacterium,Bifidobacterium adolescentis
OTU03_Bifidobacterium sp959020155,Bacteria,Actinomycetota,Actinomycetes,Actinomycetales,Bifidobacteriaceae,Bifidobacterium,Bifidobacterium sp959020155
OTU04_Bifidobacterium angulatum,Bacteria,Actinomycetota,Actinomycetes,Actinomycetales,Bifidobacteriaceae,Bifidobacterium,Bifidobacterium angulatum
OTU05_Bifidobacterium longum,Bacteria,Actinomycetota,Actinomycetes,Actinomycetales,Bifidobacteriaceae,Bifidobacterium,Bifidobacterium longum
OTU06_Lawsonella sp018376445,Bacteria,Actinomycetota,Actinomycetes,Mycobacteriales,Mycobacteriaceae,Lawsonella,Lawsonella sp018376445
OTU07_Collinsella sp902362275,Bacteria,Actinomycetota,Coriobacteriia,Coriobacteriales,Coriobacteriaceae,Collinsella,Collinsella sp902362275
OTU08_Collinsella sp902475595,Bacteria,Actinomycetota,Coriobacteriia,Coriobacteriales,Coriobacteriaceae,Collinsella,Collinsella sp902475595
OTU09_Adlercreutzia rubneri,Bacteria,Actinomycetota,Coriobacteriia,Coriobacteriales,Eggerthellaceae,Adlercreutzia,Adlercreutzia rubneri
OTU10_Adlercreutzia equolifaciens,Bacteria,Actinomycetota,Coriobacteriia,Coriobacteriales,Eggerthellaceae,Adlercreutzia,Adlercreutzia equolifaciens
OTU11_Eggerthella lenta,Bacteria,Actinomycetota,Coriobacteriia,Coriobacteriales,Eggerthellaceae,Eggerthella,Eggerthella lenta
OTU12_Sutterella wadsworthensis,Bacteria,Pseudomonadota,Gammaproteobacteria,Burkholderiales,Burkholderiaceae,Sutterella,Sutterella wadsworthensis
OTU13_Escherichia coli,Bacteria,Pseudomonadota,Gammaproteobacteria,Enterobacterales,Enterobacteriaceae,Escherichia,Escherichia coli
OTU14_Pseudomonas aeruginosa,Bacteria,Pseudomonadota,Gammaproteobacteria,Pseudomonadales,Pseudomonadaceae,Pseudomonas,Pseudomonas aeruginosa
OTU15_Pseudomonas paraeruginosa,Bacteria,Pseudomonadota,Gammaproteobacteria,Pseudomonadales,Pseudomonadaceae,Pseudomonas,Pseudomonas paraeruginosa
OTU16_CAZU01 sp000432275,Bacteria,Pseudomonadota,Alphaproteobacteria,RF32,CAG-239,CAZU01,CAZU01 sp000432275
OTU17_Scatocola faecipullorum,Bacteria,Pseudomonadota,Alphaproteobacteria,RF32,CAG-239,Scatocola,Scatocola faecipullorum
OTU18_Agathobacter rectalis,Bacteria,Bacillota,Clostridia,Lachnospirales,Lachnospiraceae,Agathobacter,Agathobacter rectalis
OTU19_Agathobacter sp900546625,Bacteria,Bacillota,Clostridia,Lachnospirales,Lachnospiraceae,Agathobacter,Agathobacter sp900546625
OTU20_Roseburia inulinivorans,Bacteria,Bacillota,Clostridia,Lachnospirales,Lachnospiraceae,Roseburia,Roseburia inulinivorans
OTU21_Roseburia sp900542495,Bacteria,Bacillota,Clostridia,Lachnospirales,Lachnospiraceae,Roseburia,Roseburia sp900542495
OTU22_Blautia_A wexlerae,Bacteria,Bacillota,Clostridia,Lachnospirales,Lachnospiraceae,Blautia_A,Blautia_A wexlerae
OTU23_Blautia_A obeum,Bacteria,Bacillota,Clostridia,Lachnospirales,Lachnospiraceae,Blautia_A,Blautia_A obeum
OTU24_Blautia_A faecis,Bacteria,Bacillota,Clostridia,Lachnospirales,Lachnospiraceae,Blautia_A,Blautia_A faecis
OTU25_Dorea_A longicatena,Bacteria,Bacillota,Clostridia,Lachnospirales,Lachnospiraceae,Dorea_A,Dorea_A longicatena
OTU26_Frisingicoccus sp900549105,Bacteria,Bacillota,Clostridia,Lachnospirales,Lachnospiraceae,Frisingicoccus,Frisingicoccus sp900549105
OTU27_Anthropogastromicrobium sp934292725,Bacteria,Bacillota,Clostridia,Lachnospirales,Lachnospiraceae,Anthropogastromicrobium,Anthropogastromicrobium sp934292725
OTU28_Anthropogastromicrobium aceti,Bacteria,Bacillota,Clostridia,Lachnospirales,Lachnospiraceae,Anthropogastromicrobium,Anthropogastromicrobium aceti
OTU29_Hungatella hathewayi,Bacteria,Bacillota,Clostridia,Lachnospirales,Lachnospiraceae,Hungatella,Hungatella hathewayi
OTU30_Fusicatenibacter saccharivorans,Bacteria,Bacillota,Clostridia,Lachnospirales,Lachnospiraceae,Fusicatenibacter,Fusicatenibacter saccharivorans
OTU31_Enterocloster aldenensis,Bacteria,Bacillota,Clostridia,Lachnospirales,Lachnospiraceae,Enterocloster,Enterocloster aldenensis
OTU32_Acetatifactor acetigignens,Bacteria,Bacillota,Clostridia,Lachnospirales,Lachnospiraceae,Acetatifactor,Acetatifactor acetigignens
OTU33_Brotaphodocola sp003480315,Bacteria,Bacillota,Clostridia,Lachnospirales,Lachnospiraceae,Brotaphodocola,Brotaphodocola sp003480315
OTU34_Mediterraneibacter faecis,Bacteria,Bacillota,Clostridia,Lachnospirales,Lachnospiraceae,Mediterraneibacter,Mediterraneibacter faecis
OTU35_Mediterraneibacter lactaris,Bacteria,Bacillota,Clostridia,Lachnospirales,Lachnospiraceae,Mediterraneibacter,Mediterraneibacter lactaris
OTU36_Mediterraneibacter torques,Bacteria,Bacillota,Clostridia,Lachnospirales,Lachnospiraceae,Mediterraneibacter,Mediterraneibacter torques
OTU37_Coprococcus_A intestinihominis,Bacteria,Bacillota,Clostridia,Lachnospirales,Lachnospiraceae,Coprococcus_A,Coprococcus_A intestinihominis
OTU38_Anaerobutyricum hallii,Bacteria,Bacillota,Clostridia,Lachnospirales,Lachnospiraceae,Anaerobutyricum,Anaerobutyricum hallii
OTU39_Anaerostipes hadrus,Bacteria,Bacillota,Clostridia,Lachnospirales,Lachnospiraceae,Anaerostipes,Anaerostipes hadrus
OTU40_Dorea formicigenerans,Bacteria,Bacillota,Clostridia,Lachnospirales,Lachnospiraceae,Dorea,Dorea formicigenerans
OTU41_Laedolimicola ammoniilytica,Bacteria,Bacillota,Clostridia,Lachnospirales,Lachnospiraceae,Laedolimicola,Laedolimicola ammoniilytica
OTU42_Schaedlerella glycyrrhizinilytica_A,Bacteria,Bacillota,Clostridia,Lachnospirales,Lachnospiraceae,Schaedlerella,Schaedlerella glycyrrhizinilytica_A
OTU43_Bariatricus comes_A,Bacteria,Bacillota,Clostridia,Lachnospirales,Lachnospiraceae,Bariatricus,Bariatricus comes_A
OTU44_Bariatricus comes,Bacteria,Bacillota,Clostridia,Lachnospirales,Lachnospiraceae,Bariatricus,Bariatricus comes
OTU45_Hominiventricola filiformis,Bacteria,Bacillota,Clostridia,Lachnospirales,Lachnospiraceae,Hominiventricola,Hominiventricola filiformis
OTU46_Hominiventricola aquisgranensis,Bacteria,Bacillota,Clostridia,Lachnospirales,Lachnospiraceae,Hominiventricola,Hominiventricola aquisgranensis
OTU47_Dorea_D hominis,Bacteria,Bacillota,Clostridia,Lachnospirales,Lachnospiraceae,Dorea_D,Dorea_D hominis
OTU48_Dorea_D sp000433535,Bacteria,Bacillota,Clostridia,Lachnospirales,Lachnospiraceae,Dorea_D,Dorea_D sp000433535
OTU49_Eubacterium_I ramulus,Bacteria,Bacillota,Clostridia,Lachnospirales,Lachnospiraceae,Eubacterium_I,Eubacterium_I ramulus
OTU50_Ruminococcus_B gnavus,Bacteria,Bacillota,Clostridia,Lachnospirales,Lachnospiraceae,Ruminococcus_B,Ruminococcus_B gnavus
OTU51_Gallintestinimicrobium propionicum,Bacteria,Bacillota,Clostridia,Lachnospirales,Lachnospiraceae,Gallintestinimicrobium,Gallintestinimicrobium propionicum
OTU52_Extibacter hylemonae,Bacteria,Bacillota,Clostridia,Lachnospirales,Lachnospiraceae,Extibacter,Extibacter hylemonae
OTU53_Otoolea fessa,Bacteria,Bacillota,Clostridia,Lachnospirales,Lachnospiraceae,Otoolea,Otoolea fessa
OTU54_Otoolea symbiosa,Bacteria,Bacillota,Clostridia,Lachnospirales,Lachnospiraceae,Otoolea,Otoolea symbiosa
OTU55_Oliverpabstia tarda,Bacteria,Bacillota,Clostridia,Lachnospirales,Lachnospiraceae,Oliverpabstia,Oliverpabstia tarda
OTU56_Oliverpabstia intestinalis,Bacteria,Bacillota,Clostridia,Lachnospirales,Lachnospiraceae,Oliverpabstia,Oliverpabstia intestinalis
OTU57_Anaerotignum_A faecicola,Bacteria,Bacillota,Clostridia,Lachnospirales,Anaerotignaceae,Anaerotignum_A,Anaerotignum_A faecicola
OTU58_Faecalibacterium prausnitzii_I,Bacteria,Bacillota,Clostridia,Oscillospirales,Ruminococcaceae,Faecalibacterium,Faecalibacterium prausnitzii_I
OTU59_Faecalibacterium duncaniae,Bacteria,Bacillota,Clostridia,Oscillospirales,Ruminococcaceae,Faecalibacterium,Faecalibacterium duncaniae
OTU60_Faecalibacterium wellingii,Bacteria,Bacillota,Clostridia,Oscillospirales,Ruminococcaceae,Faecalibacterium,Faecalibacterium wellingii
OTU61_Faecalibacterium butyricigenerans,Bacteria,Bacillota,Clostridia,Oscillospirales,Ruminococcaceae,Faecalibacterium,Faecalibacterium butyricigenerans
OTU62_Gemmiger qucibialis,Bacteria,Bacillota,Clostridia,Oscillospirales,Ruminococcaceae,Gemmiger,Gemmiger qucibialis
OTU63_Ruthenibacterium lactatiformans,Bacteria,Bacillota,Clostridia,Oscillospirales,Ruminococcaceae,Ruthenibacterium,Ruthenibacterium lactatiformans
OTU64_Scatomorpha intestinigallinarum,Bacteria,Bacillota,Clostridia,Oscillospirales,Oscillospiraceae,Scatomorpha,Scatomorpha intestinigallinarum
OTU65_Vescimonas coprocola,Bacteria,Bacillota,Clostridia,Oscillospirales,Oscillospiraceae,Vescimonas,Vescimonas coprocola
OTU66_Hominicoprocola sp900317525,Bacteria,Bacillota,Clostridia,Oscillospirales,Oscillospiraceae,Hominicoprocola,Hominicoprocola sp900317525
OTU67_Oscillibacter segnis,Bacteria,Bacillota,Clostridia,Oscillospirales,Oscillospiraceae,Oscillibacter,Oscillibacter segnis
OTU68_Faecousia intestinalis,Bacteria,Bacillota,Clostridia,Oscillospirales,Oscillospiraceae,Faecousia,Faecousia intestinalis
OTU69_CAG-170 sp000432135,Bacteria,Bacillota,Clostridia,Oscillospirales,Oscillospiraceae,CAG-170,CAG-170 sp000432135
OTU70_CAG-103 sp000432375,Bacteria,Bacillota,Clostridia,Oscillospirales,Oscillospiraceae,CAG-103,CAG-103 sp000432375
OTU71_CAG-103 sp900317855,Bacteria,Bacillota,Clostridia,Oscillospirales,Oscillospiraceae,CAG-103,CAG-103 sp900317855
OTU72_Lawsonibacter sp000177015,Bacteria,Bacillota,Clostridia,Oscillospirales,Oscillospiraceae,Lawsonibacter,Lawsonibacter sp000177015
OTU73_Evtepia gabavorous,Bacteria,Bacillota,Clostridia,Oscillospirales,Oscillospiraceae,Evtepia,Evtepia gabavorous
OTU74_Flavonifractor plautii,Bacteria,Bacillota,Clostridia,Oscillospirales,Oscillospiraceae,Flavonifractor,Flavonifractor plautii
OTU75_Ruminococcoides sp905215855,Bacteria,Bacillota,Clostridia,Oscillospirales,Acutalibacteraceae,Ruminococcoides,Ruminococcoides sp905215855
OTU76_Ruminococcoides bromii,Bacteria,Bacillota,Clostridia,Oscillospirales,Acutalibacteraceae,Ruminococcoides,Ruminococcoides bromii
OTU77_Ruminococcoides intestinale,Bacteria,Bacillota,Clostridia,Oscillospirales,Acutalibacteraceae,Ruminococcoides,Ruminococcoides intestinale
OTU78_Fimivicinus sp900544375,Bacteria,Bacillota,Clostridia,Oscillospirales,Acutalibacteraceae,Fimivicinus,Fimivicinus sp900544375
OTU79_UMGS1071 sp900541905,Bacteria,Bacillota,Clostridia,Oscillospirales,Acutalibacteraceae,UMGS1071,UMGS1071 sp900541905
OTU80_UMGS1071 sp900542375,Bacteria,Bacillota,Clostridia,Oscillospirales,Acutalibacteraceae,UMGS1071,UMGS1071 sp900542375
OTU81_Hominenteromicrobium mulieris,Bacteria,Bacillota,Clostridia,Oscillospirales,Acutalibacteraceae,Hominenteromicrobium,Hominenteromicrobium mulieris
OTU82_Phil1 sp001940855,Bacteria,Bacillota,Clostridia,Christensenellales,CAG-138,Phil1,Phil1 sp001940855
OTU83_UMGS946 sp900544965,Bacteria,Bacillota,Clostridia,Christensenellales,CAG-138,UMGS946,UMGS946 sp900544965
OTU84_UBA11524 sp000437595,Bacteria,Bacillota,Clostridia,Christensenellales,Aristaeellaceae,UBA11524,UBA11524 sp000437595
OTU85_JAAZPT01 sp034180455,Bacteria,Bacillota,Clostridia,Christensenellales,Aristaeellaceae,JAAZPT01,JAAZPT01 sp034180455
OTU86_S5-A14a sp028725765,Bacteria,Bacillota,Clostridia,Peptostreptococcales,Anaerovoracaceae,S5-A14a,S5-A14a sp028725765
OTU87_S5-A14a sp900553025,Bacteria,Bacillota,Clostridia,Peptostreptococcales,Anaerovoracaceae,S5-A14a,S5-A14a sp900553025
OTU88_Lentihominibacter faecis,Bacteria,Bacillota,Clostridia,Peptostreptococcales,Anaerovoracaceae,Lentihominibacter,Lentihominibacter faecis
OTU89_Eubacterium callanderi,Bacteria,Bacillota,Clostridia,Eubacteriales,Eubacteriaceae,Eubacterium,Eubacterium callanderi
OTU90_Dialister invisus,Bacteria,Bacillota,Negativicutes,Veillonellales,Dialisteraceae,Dialister,Dialister invisus
OTU91_Faecalibacillus intestinalis,Bacteria,Bacillota,Bacilli,Erysipelotrichales,Coprobacillaceae,Faecalibacillus,Faecalibacillus intestinalis
OTU92_Clostridium_AQ innocuum,Bacteria,Bacillota,Bacilli,Erysipelotrichales,Erysipelotrichaceae,Clostridium_AQ,Clostridium_AQ innocuum
OTU93_Bacteroides fragilis,Bacteria,Bacteroidota,Bacteroidia,Bacteroidales,Bacteroidaceae,Bacteroides,Bacteroides fragilis
OTU94_Bacteroides uniformis,Bacteria,Bacteroidota,Bacteroidia,Bacteroidales,Bacteroidaceae,Bacteroides,Bacteroides uniformis
OTU95_Bacteroides faecis,Bacteria,Bacteroidota,Bacteroidia,Bacteroidales,Bacteroidaceae,Bacteroides,Bacteroides faecis
OTU96_Bacteroides caccae,Bacteria,Bacteroidota,Bacteroidia,Bacteroidales,Bacteroidaceae,Bacteroides,Bacteroides caccae
OTU97_Prevotella sp015074785,Bacteria,Bacteroidota,Bacteroidia,Bacteroidales,Bacteroidaceae,Prevotella,Prevotella sp015074785
OTU98_Prevotella copri_B,Bacteria,Bacteroidota,Bacteroidia,Bacteroidales,Bacteroidaceae,Prevotella,Prevotella copri_B
OTU99_Prevotella copri_E,Bacteria,Bacteroidota,Bacteroidia,Bacteroidales,Bacteroidaceae,Prevotella,Prevotella copri_E
OTU100_Phocaeicola vulgatus,Bacteria,Bacteroidota,Bacteroidia,Bacteroidales,Bacteroidaceae,Phocaeicola,Phocaeicola vulgatus
OTU101_Phocaeicola massiliensis,Bacteria,Bacteroidota,Bacteroidia,Bacteroidales,Bacteroidaceae,Phocaeicola,Phocaeicola massiliensis
OTU102_Alistipes onderdonkii,Bacteria,Bacteroidota,Bacteroidia,Bacteroidales,Rikenellaceae,Alistipes,Alistipes onderdonkii
OTU103_Alistipes finegoldii,Bacteria,Bacteroidota,Bacteroidia,Bacteroidales,Rikenellaceae,Alistipes,Alistipes finegoldii
OTU104_Alistipes putredinis,Bacteria,Bacteroidota,Bacteroidia,Bacteroidales,Rikenellaceae,Alistipes,Alistipes putredinis
OTU105_Alistipes shahii,Bacteria,Bacteroidota,Bacteroidia,Bacteroidales,Rikenellaceae,Alistipes,Alistipes shahii
OTU106_Parabacteroides merdae,Bacteria,Bacteroidota,Bacteroidia,Bacteroidales,Tannerellaceae,Parabacteroides,Parabacteroides merdae
OTU107_Parabacteroides distasonis,Bacteria,Bacteroidota,Bacteroidia,Bacteroidales,Tannerellaceae,Parabacteroides,Parabacteroides distasonis
OTU108_Odoribacter splanchnicus,Bacteria,Bacteroidota,Bacteroidia,Bacteroidales,Marinifilaceae,Odoribacter,Odoribacter splanchnicus
OTU109_Butyricimonas virosa,Bacteria,Bacteroidota,Bacteroidia,Bacteroidales,Marinifilaceae,Butyricimonas,Butyricimonas virosa
OTU110_Porphyromonas sp900538385,Bacteria,Bacteroidota,Bacteroidia,Bacteroidales,Porphyromonadaceae,Porphyromonas,Porphyromonas sp900538385
OTU111_Porphyromonas sp900539765,Bacteria,Bacteroidota,Bacteroidia,Bacteroidales,Porphyromonadaceae,Porphyromonas,Porphyromonas sp900539765
OTU112_Barnesiella intestinihominis,Bacteria,Bacteroidota,Bacteroidia,Bacteroidales,Barnesiellaceae,Barnesiella,Barnesiella intestinihominis
OTU113_Pyramidobacter sp902489135,Bacteria,Synergistota,Synergistia,Synergistales,Dethiosulfovibrionaceae,Pyramidobacter,Pyramidobacter sp902489135
OTU114_Bilophila wadsworthia,Bacteria,Desulfobacterota_I,Desulfovibrionia,Desulfovibrionales,Desulfovibrionaceae,Bilophila,Bilophila wadsworthia
OTU115_Akkermansia sp004167605,Bacteria,Verrucomicrobiota,Verrucomicrobiia,Verrucomicrobiales,Akkermansiaceae,Akkermansia,Akkermansia sp004167605
OTU116_Thomasclavelia spiroformis_A,Bacteria,Bacillota,Bacilli,Erysipelotrichales,Coprobacillaceae,Thomasclavelia,Thomasclavelia spiroformis_A
OTU117_Thomasclavelia ramosa,Bacteria,Bacillota,Bacilli,Erysipelotrichales,Coprobacillaceae,Thomasclavelia,Thomasclavelia ramosa
OTU118_Bulleidia sp015256455,Bacteria,Bacillota,Bacilli,Erysipelotrichales,Erysipelotrichaceae,Bulleidia,Bulleidia sp015256455
OTU119_Granulicatella sp001058355,Bacteria,Bacillota,Bacilli,Lactobacillales,Aerococcaceae,Granulicatella,Granulicatella sp001058355
OTU120_Granulicatella sp902479935,Bacteria,Bacillota,Bacilli,Lactobacillales,Aerococcaceae,Granulicatella,Granulicatella sp902479935
OTU121_Granulicatella sp015264955,Bacteria,Bacillota,Bacilli,Lactobacillales,Aerococcaceae,Granulicatella,Granulicatella sp015264955
OTU122_Abiotrophia defectiva_A,Bacteria,Bacillota,Bacilli,Lactobacillales,Aerococcaceae,Abiotrophia,Abiotrophia defectiva_A
OTU123_Abiotrophia sp001815865,Bacteria,Bacillota,Bacilli,Lactobacillales,Aerococcaceae,Abiotrophia,Abiotrophia sp001815865
OTU124_Abiotrophia defectiva,Bacteria,Bacillota,Bacilli,Lactobacillales,Aerococcaceae,Abiotrophia,Abiotrophia defectiva
OTU125_Enterococcus_B faecium,Bacteria,Bacillota,Bacilli,Lactobacillales,Enterococcaceae,Enterococcus_B,Enterococcus_B faecium
OTU126_Gemella sp938038035,Bacteria,Bacillota,Bacilli,Staphylococcales,Gemellaceae,Gemella,Gemella sp938038035
OTU127_Gemella morbillorum,Bacteria,Bacillota,Bacilli,Staphylococcales,Gemellaceae,Gemella,Gemella morbillorum
OTU128_Gemella sanguinis,Bacteria,Bacillota,Bacilli,Staphylococcales,Gemellaceae,Gemella,Gemella sanguinis
OTU129_Faecalibacterium prausnitzii,Bacteria,Bacillota,Clostridia,Oscillospirales,Ruminococcaceae,Faecalibacterium,Faecalibacterium prausnitzii
OTU130_Faecalibacterium longum,Bacteria,Bacillota,Clostridia,Oscillospirales,Ruminococcaceae,Faecalibacterium,Faecalibacterium longum
OTU131_Hominimerdicola sp934435205,Bacteria,Bacillota,Clostridia,Oscillospirales,Ruminococcaceae,Hominimerdicola,Hominimerdicola sp934435205
OTU132_Hominimerdicola aceti,Bacteria,Bacillota,Clostridia,Oscillospirales,Ruminococcaceae,Hominimerdicola,Hominimerdicola aceti
OTU133_Ruminococcus_C callidus,Bacteria,Bacillota,Clostridia,Oscillospirales,Ruminococcaceae,Ruminococcus_C,Ruminococcus_C callidus
OTU134_Pseudoruminococcus massiliensis,Bacteria,Bacillota,Clostridia,Oscillospirales,Acutalibacteraceae,Pseudoruminococcus,Pseudoruminococcus massiliensis
OTU135_Intestinibacillus massiliensis,Bacteria,Bacillota,Clostridia,Oscillospirales,Butyricicoccaceae,Intestinibacillus,Intestinibacillus massiliensis
OTU136_Enterocloster bolteae,Bacteria,Bacillota,Clostridia,Lachnospirales,Lachnospiraceae,Enterocloster,Enterocloster bolteae
OTU137_Enterocloster sp005845215,Bacteria,Bacillota,Clostridia,Lachnospirales,Lachnospiraceae,Enterocloster,Enterocloster sp005845215
OTU138_Oribacterium sinus,Bacteria,Bacillota,Clostridia,Lachnospirales,Lachnospiraceae,Oribacterium,Oribacterium sinus
OTU139_Faecalicatena contorta,Bacteria,Bacillota,Clostridia,Lachnospirales,Lachnospiraceae,Faecalicatena,Faecalicatena contorta
OTU140_Moryella longum_A,Bacteria,Bacillota,Clostridia,Lachnospirales,Lachnospiraceae,Moryella,Moryella longum_A
OTU141_Roseburia intestinalis,Bacteria,Bacillota,Clostridia,Lachnospirales,Lachnospiraceae,Roseburia,Roseburia intestinalis
OTU142_Agathobacter sp934365945,Bacteria,Bacillota,Clostridia,Lachnospirales,Lachnospiraceae,Agathobacter,Agathobacter sp934365945
OTU143_Alitiscatomonas aceti,Bacteria,Bacillota,Clostridia,Lachnospirales,Lachnospiraceae,Alitiscatomonas,Alitiscatomonas aceti
OTU144_Anaerostipes caccae,Bacteria,Bacillota,Clostridia,Lachnospirales,Lachnospiraceae,Anaerostipes,Anaerostipes caccae
OTU145_Lachnoanaerobaculum orale,Bacteria,Bacillota,Clostridia,Lachnospirales,Lachnospiraceae,Lachnoanaerobaculum,Lachnoanaerobaculum orale
OTU146_Lachnoanaerobaculum sp000287675,Bacteria,Bacillota,Clostridia,Lachnospirales,Lachnospiraceae,Lachnoanaerobaculum,Lachnoanaerobaculum sp000287675
OTU147_Blautia_A hydrogenotrophica,Bacteria,Bacillota,Clostridia,Lachnospirales,Lachnospiraceae,Blautia_A,Blautia_A hydrogenotrophica
OTU148_Sellimonas intestinalis,Bacteria,Bacillota,Clostridia,Lachnospirales,Lachnospiraceae,Sellimonas,Sellimonas intestinalis
OTU149_Wujia hominis,Bacteria,Bacillota,Clostridia,Lachnospirales,Lachnospiraceae,Wujia,Wujia hominis
OTU150_Hominisplanchenecus faecis,Bacteria,Bacillota,Clostridia,Lachnospirales,Lachnospiraceae,Hominisplanchenecus,Hominisplanchenecus faecis
OTU151_Terrisporobacter sp902363255,Bacteria,Bacillota,Clostridia,Peptostreptococcales,Peptostreptococcaceae,Terrisporobacter,Terrisporobacter sp902363255
OTU152_Terrisporobacter sp017888745,Bacteria,Bacillota,Clostridia,Peptostreptococcales,Peptostreptococcaceae,Terrisporobacter,Terrisporobacter sp017888745
OTU153_Terrisporobacter sp900557165,Bacteria,Bacillota,Clostridia,Peptostreptococcales,Peptostreptococcaceae,Terrisporobacter,Terrisporobacter sp900557165
OTU154_Peptostreptococcus sp900759325,Bacteria,Bacillota,Clostridia,Peptostreptococcales,Peptostreptococcaceae,Peptostreptococcus,Peptostreptococcus sp900759325
OTU155_Peptostreptococcus stomatis,Bacteria,Bacillota,Clostridia,Peptostreptococcales,Peptostreptococcaceae,Peptostreptococcus,Peptostreptococcus stomatis
OTU156_Intestinibacter bartlettii,Bacteria,Bacillota,Clostridia,Peptostreptococcales,Peptostreptococcaceae,Intestinibacter,Intestinibacter bartlettii
OTU157_Intestinibacter sp900540355,Bacteria,Bacillota,Clostridia,Peptostreptococcales,Peptostreptococcaceae,Intestinibacter,Intestinibacter sp900540355
OTU158_Clostridioides difficile,Bacteria,Bacillota,Clostridia,Peptostreptococcales,Peptostreptococcaceae,Clostridioides,Clostridioides difficile
OTU159_Romboutsia_E sp902362365,Bacteria,Bacillota,Clostridia,Peptostreptococcales,Peptostreptococcaceae,Romboutsia_E,Romboutsia_E sp902362365
OTU160_Mogibacterium diversum,Bacteria,Bacillota,Clostridia,Peptostreptococcales,Anaerovoracaceae,Mogibacterium,Mogibacterium diversum
OTU161_CAG-245 sp000435175,Bacteria,Bacillota,Clostridia,TANB77,CAG-508,CAG-245,CAG-245 sp000435175
OTU162_Clostridium cuniculi,Bacteria,Bacillota,Clostridia,Clostridiales,Clostridiaceae,Clostridium,Clostridium cuniculi
OTU163_Hominilimicola fabiformis,Bacteria,Bacillota,Clostridia,UBA1381,UBA1381,Hominilimicola,Hominilimicola fabiformis
OTU164_Veillonella atypica,Bacteria,Bacillota,Negativicutes,Veillonellales,Veillonellaceae,Veillonella,Veillonella atypica
OTU165_Anaeroglobus micronuciformis,Bacteria,Bacillota,Negativicutes,Veillonellales,Megasphaeraceae,Anaeroglobus,Anaeroglobus micronuciformis
OTU166_Phascolarctobacterium faecium,Bacteria,Bacillota,Negativicutes,Acidaminococcales,Acidaminococcaceae,Phascolarctobacterium,Phascolarctobacterium faecium
OTU167_Pauljensenia sp000278725,Bacteria,Actinomycetota,Actinomycetes,Actinomycetales,Actinomycetaceae,Pauljensenia,Pauljensenia sp000278725
OTU168_Pauljensenia sp902373545,Bacteria,Actinomycetota,Actinomycetes,Actinomycetales,Actinomycetaceae,Pauljensenia,Pauljensenia sp902373545
OTU169_Pauljensenia odontolytica_B,Bacteria,Actinomycetota,Actinomycetes,Actinomycetales,Actinomycetaceae,Pauljensenia,Pauljensenia odontolytica_B
OTU170_Actinomyces oris_A,Bacteria,Actinomycetota,Actinomycetes,Actinomycetales,Actinomycetaceae,Actinomyces,Actinomyces oris_A
OTU171_Actinomyces naeslundii,Bacteria,Actinomycetota,Actinomycetes,Actinomycetales,Actinomycetaceae,Actinomyces,Actinomyces naeslundii
OTU172_Actinomyces graevenitzii,Bacteria,Actinomycetota,Actinomycetes,Actinomycetales,Actinomycetaceae,Actinomyces,Actinomyces graevenitzii
OTU173_Peptidiphaga sp000466165,Bacteria,Actinomycetota,Actinomycetes,Actinomycetales,Actinomycetaceae,Peptidiphaga,Peptidiphaga sp000466165
OTU174_Rothia sp963555405,Bacteria,Actinomycetota,Actinomycetes,Actinomycetales,Micrococcaceae,Rothia,Rothia sp963555405
OTU175_Arachnia sp013333945,Bacteria,Actinomycetota,Actinomycetes,Propionibacteriales,Propionibacteriaceae,Arachnia,Arachnia sp013333945
OTU176_Arachnia propionica,Bacteria,Actinomycetota,Actinomycetes,Propionibacteriales,Propionibacteriaceae,Arachnia,Arachnia propionica
OTU177_Lancefieldella sp015259105,Bacteria,Actinomycetota,Coriobacteriia,Coriobacteriales,Atopobiaceae,Lancefieldella,Lancefieldella sp015259105
OTU178_Lancefieldella sp015258605,Bacteria,Actinomycetota,Coriobacteriia,Coriobacteriales,Atopobiaceae,Lancefieldella,Lancefieldella sp015258605
OTU179_Lancefieldella sp000564995,Bacteria,Actinomycetota,Coriobacteriia,Coriobacteriales,Atopobiaceae,Lancefieldella,Lancefieldella sp000564995
OTU180_Lancefieldella sp015258765,Bacteria,Actinomycetota,Coriobacteriia,Coriobacteriales,Atopobiaceae,Lancefieldella,Lancefieldella sp015258765
OTU181_Collinsella phocaeensis,Bacteria,Actinomycetota,Coriobacteriia,Coriobacteriales,Coriobacteriaceae,Collinsella,Collinsella phocaeensis
OTU182_Lautropia mirabilis,Bacteria,Pseudomonadota,Gammaproteobacteria,Burkholderiales,Burkholderiaceae,Lautropia,Lautropia mirabilis
OTU183_Sutterella wadsworthensis_A,Bacteria,Pseudomonadota,Gammaproteobacteria,Burkholderiales,Burkholderiaceae,Sutterella,Sutterella wadsworthensis_A
OTU184_QFNR01 sp003248485,Bacteria,Pseudomonadota,Gammaproteobacteria,Burkholderiales,Neisseriaceae,QFNR01,QFNR01 sp003248485
OTU185_Enterobacter bugandensis,Bacteria,Pseudomonadota,Gammaproteobacteria,Enterobacterales,Enterobacteriaceae,Enterobacter,Enterobacter bugandensis
OTU186_Enterobacter nematophilus,Bacteria,Pseudomonadota,Gammaproteobacteria,Enterobacterales,Enterobacteriaceae,Enterobacter,Enterobacter nematophilus
OTU187_Escherichia fergusonii,Bacteria,Pseudomonadota,Gammaproteobacteria,Enterobacterales,Enterobacteriaceae,Escherichia,Escherichia fergusonii
OTU188_Escherichia coli_F,Bacteria,Pseudomonadota,Gammaproteobacteria,Enterobacterales,Enterobacteriaceae,Escherichia,Escherichia coli_F
OTU189_Haemophilus_D parainfluenzae_AF,Bacteria,Pseudomonadota,Gammaproteobacteria,Enterobacterales,Pasteurellaceae,Haemophilus_D,Haemophilus_D parainfluenzae_AF
OTU190_Nanosynbacter sp937921475,Bacteria,Patescibacteriota,Saccharimonadia,Saccharimonadales,Nanosynbacteraceae,Nanosynbacter,Nanosynbacter sp937921475
OTU191_Saccharimonas sp963456685,Bacteria,Patescibacteriota,Saccharimonadia,Saccharimonadales,Saccharimonadaceae,Saccharimonas,Saccharimonas sp963456685
OTU192_Bacteroides xylanisolvens,Bacteria,Bacteroidota,Bacteroidia,Bacteroidales,Bacteroidaceae,Bacteroides,Bacteroides xylanisolvens
OTU193_Bacteroides stercoris_A,Bacteria,Bacteroidota,Bacteroidia,Bacteroidales,Bacteroidaceae,Bacteroides,Bacteroides stercoris_A
OTU194_Bacteroides stercoris,Bacteria,Bacteroidota,Bacteroidia,Bacteroidales,Bacteroidaceae,Bacteroides,Bacteroides stercoris
OTU195_Bacteroides nordii,Bacteria,Bacteroidota,Bacteroidia,Bacteroidales,Bacteroidaceae,Bacteroides,Bacteroides nordii
OTU196_Paraprevotella clara,Bacteria,Bacteroidota,Bacteroidia,Bacteroidales,Bacteroidaceae,Paraprevotella,Paraprevotella clara
OTU197_Paraprevotella xylaniphila,Bacteria,Bacteroidota,Bacteroidia,Bacteroidales,Bacteroidaceae,Paraprevotella,Paraprevotella xylaniphila
OTU198_Prevotella copri_G,Bacteria,Bacteroidota,Bacteroidia,Bacteroidales,Bacteroidaceae,Prevotella,Prevotella copri_G
OTU199_Cryptobacteroides sp000433355,Bacteria,Bacteroidota,Bacteroidia,Bacteroidales,UBA932,Cryptobacteroides,Cryptobacteroides sp000433355
OTU200_Leptotrichia shahii,Bacteria,Fusobacteriota,Fusobacteriia,Fusobacteriales,Leptotrichiaceae,Leptotrichia,Leptotrichia shahii
OTU201_Leptotrichia wadei,Bacteria,Fusobacteriota,Fusobacteriia,Fusobacteriales,Leptotrichiaceae,Leptotrichia,Leptotrichia wadei
OTU202_Leptotrichia wadei_A,Bacteria,Fusobacteriota,Fusobacteriia,Fusobacteriales,Leptotrichiaceae,Leptotrichia,Leptotrichia wadei_A
OTU203_Fusobacterium polymorphum,Bacteria,Fusobacteriota,Fusobacteriia,Fusobacteriales,Fusobacteriaceae,Fusobacterium,Fusobacterium polymorphum
OTU204_Fusobacterium pseudoperiodonticum,Bacteria,Fusobacteriota,Fusobacteriia,Fusobacteriales,Fusobacteriaceae,Fusobacterium,Fusobacterium pseudoperiodonticum
OTU205_Bifidobacterium sp959028125,Bacteria,Actinomycetota,Actinomycetes,Actinomycetales,Bifidobacteriaceae,Bifidobacterium,Bifidobacterium sp959028125
OTU206_Bifidobacterium bifidum,Bacteria,Actinomycetota,Actinomycetes,Actinomycetales,Bifidobacteriaceae,Bifidobacterium,Bifidobacterium bifidum
OTU207_Gordonibacter urolithinfaciens,Bacteria,Actinomycetota,Coriobacteriia,Coriobacteriales,Eggerthellaceae,Gordonibacter,Gordonibacter urolithinfaciens
OTU208_Anaerotardibacter sp900538545,Bacteria,Actinomycetota,Coriobacteriia,Coriobacteriales,Eggerthellaceae,Anaerotardibacter,Anaerotardibacter sp900538545
OTU209_Slackia piriformis,Bacteria,Actinomycetota,Coriobacteriia,Coriobacteriales,Eggerthellaceae,Slackia,Slackia piriformis
OTU210_Slackia sp900553655,Bacteria,Actinomycetota,Coriobacteriia,Coriobacteriales,Eggerthellaceae,Slackia,Slackia sp900553655
OTU211_Collinsella sp902491565,Bacteria,Actinomycetota,Coriobacteriia,Coriobacteriales,Coriobacteriaceae,Collinsella,Collinsella sp902491565
OTU212_Collinsella aerofaciens_P,Bacteria,Actinomycetota,Coriobacteriia,Coriobacteriales,Coriobacteriaceae,Collinsella,Collinsella aerofaciens_P
OTU213_Collinsella sp019041915,Bacteria,Actinomycetota,Coriobacteriia,Coriobacteriales,Coriobacteriaceae,Collinsella,Collinsella sp019041915
OTU214_Collinsella sp018377855,Bacteria,Actinomycetota,Coriobacteriia,Coriobacteriales,Coriobacteriaceae,Collinsella,Collinsella sp018377855
OTU215_Akkermansia muciniphila,Bacteria,Verrucomicrobiota,Verrucomicrobiia,Verrucomicrobiales,Akkermansiaceae,Akkermansia,Akkermansia muciniphila
OTU216_Faecalibacterium sp900539945,Bacteria,Bacillota,Clostridia,Oscillospirales,Ruminococcaceae,Faecalibacterium,Faecalibacterium sp900539945
OTU217_Ruminiclostridium_E siraeum,Bacteria,Bacillota,Clostridia,Oscillospirales,Ruminococcaceae,Ruminiclostridium_E,Ruminiclostridium_E siraeum
OTU218_Gemmiger formicilis,Bacteria,Bacillota,Clostridia,Oscillospirales,Ruminococcaceae,Gemmiger,Gemmiger formicilis
OTU219_Gemmiger sp900539695,Bacteria,Bacillota,Clostridia,Oscillospirales,Ruminococcaceae,Gemmiger,Gemmiger sp900539695
OTU220_Gemmiger sp900540775,Bacteria,Bacillota,Clostridia,Oscillospirales,Ruminococcaceae,Gemmiger,Gemmiger sp900540775
OTU221_CAG-103 sp900543625,Bacteria,Bacillota,Clostridia,Oscillospirales,Oscillospiraceae,CAG-103,CAG-103 sp900543625
OTU222_CAG-103 sp905215475,Bacteria,Bacillota,Clostridia,Oscillospirales,Oscillospiraceae,CAG-103,CAG-103 sp905215475
OTU223_Vescimonas sp900552475,Bacteria,Bacillota,Clostridia,Oscillospirales,Oscillospiraceae,Vescimonas,Vescimonas sp900552475
OTU224_Vescimonas sp000435975,Bacteria,Bacillota,Clostridia,Oscillospirales,Oscillospiraceae,Vescimonas,Vescimonas sp000435975
OTU225_Vescimonas sp000435555,Bacteria,Bacillota,Clostridia,Oscillospirales,Oscillospiraceae,Vescimonas,Vescimonas sp000435555
OTU226_Vescimonas cirricatena,Bacteria,Bacillota,Clostridia,Oscillospirales,Oscillospiraceae,Vescimonas,Vescimonas cirricatena
OTU227_Oscillibacter welbionis,Bacteria,Bacillota,Clostridia,Oscillospirales,Oscillospiraceae,Oscillibacter,Oscillibacter welbionis
OTU228_Hominicoprocola sp934835795,Bacteria,Bacillota,Clostridia,Oscillospirales,Oscillospiraceae,Hominicoprocola,Hominicoprocola sp934835795
OTU229_Hominicoprocola fusiformis,Bacteria,Bacillota,Clostridia,Oscillospirales,Oscillospiraceae,Hominicoprocola,Hominicoprocola fusiformis
OTU230_Lawsonibacter asaccharolyticus,Bacteria,Bacillota,Clostridia,Oscillospirales,Oscillospiraceae,Lawsonibacter,Lawsonibacter asaccharolyticus
OTU231_Lawsonibacter aceti,Bacteria,Bacillota,Clostridia,Oscillospirales,Oscillospiraceae,Lawsonibacter,Lawsonibacter aceti
OTU232_UMGS1766 sp900554855,Bacteria,Bacillota,Clostridia,Oscillospirales,Oscillospiraceae,UMGS1766,UMGS1766 sp900554855
OTU233_Pseudoflavonifractor_A gallinarum,Bacteria,Bacillota,Clostridia,Oscillospirales,Oscillospiraceae,Pseudoflavonifractor_A,Pseudoflavonifractor_A gallinarum
OTU234_Agathobaculum butyriciproducens,Bacteria,Bacillota,Clostridia,Oscillospirales,Butyricicoccaceae,Agathobaculum,Agathobaculum butyriciproducens
OTU235_Fimenecus sp000432435,Bacteria,Bacillota,Clostridia,Oscillospirales,Acutalibacteraceae,Fimenecus,Fimenecus sp000432435
OTU236_Anthropogastromicrobium sp958446555,Bacteria,Bacillota,Clostridia,Lachnospirales,Lachnospiraceae,Anthropogastromicrobium,Anthropogastromicrobium sp958446555
OTU237_Agathobacter faecis,Bacteria,Bacillota,Clostridia,Lachnospirales,Lachnospiraceae,Agathobacter,Agathobacter faecis
OTU238_Pilosibacter sp902496665,Bacteria,Bacillota,Clostridia,Lachnospirales,Lachnospiraceae,Pilosibacter,Pilosibacter sp902496665
OTU239_Pilosibacter sp900066055,Bacteria,Bacillota,Clostridia,Lachnospirales,Lachnospiraceae,Pilosibacter,Pilosibacter sp900066055
OTU240_Pilosibacter sp900066785,Bacteria,Bacillota,Clostridia,Lachnospirales,Lachnospiraceae,Pilosibacter,Pilosibacter sp900066785
OTU241_Pilosibacter fragilis,Bacteria,Bacillota,Clostridia,Lachnospirales,Lachnospiraceae,Pilosibacter,Pilosibacter fragilis
OTU242_Eubacterium_I ramulus_A,Bacteria,Bacillota,Clostridia,Lachnospirales,Lachnospiraceae,Eubacterium_I,Eubacterium_I ramulus_A
OTU243_Eubacterium_I sp900546495,Bacteria,Bacillota,Clostridia,Lachnospirales,Lachnospiraceae,Eubacterium_I,Eubacterium_I sp900546495
OTU244_Schaedlerella hominis,Bacteria,Bacillota,Clostridia,Lachnospirales,Lachnospiraceae,Schaedlerella,Schaedlerella hominis
OTU245_Eubacterium_G ventriosum,Bacteria,Bacillota,Clostridia,Lachnospirales,Lachnospiraceae,Eubacterium_G,Eubacterium_G ventriosum
OTU246_Eubacterium_G segne,Bacteria,Bacillota,Clostridia,Lachnospirales,Lachnospiraceae,Eubacterium_G,Eubacterium_G segne
OTU247_Laedolimicola intestinihominis,Bacteria,Bacillota,Clostridia,Lachnospirales,Lachnospiraceae,Laedolimicola,Laedolimicola intestinihominis
OTU248_Choladousia sp902363135,Bacteria,Bacillota,Clostridia,Lachnospirales,Lachnospiraceae,Choladousia,Choladousia sp902363135
OTU249_Choladousia sp902363665,Bacteria,Bacillota,Clostridia,Lachnospirales,Lachnospiraceae,Choladousia,Choladousia sp902363665
OTU250_Claveliimonas ammoniilytica,Bacteria,Bacillota,Clostridia,Lachnospirales,Lachnospiraceae,Claveliimonas,Claveliimonas ammoniilytica
OTU251_Lientehia sp934351765,Bacteria,Bacillota,Clostridia,Lachnospirales,Lachnospiraceae,Lientehia,Lientehia sp934351765
OTU252_Suilimivivens aceti,Bacteria,Bacillota,Clostridia,Lachnospirales,Lachnospiraceae,Suilimivivens,Suilimivivens aceti
OTU253_Oliverpabstia faecicola,Bacteria,Bacillota,Clostridia,Lachnospirales,Lachnospiraceae,Oliverpabstia,Oliverpabstia faecicola
OTU254_Anaerostipes amylophilus,Bacteria,Bacillota,Clostridia,Lachnospirales,Lachnospiraceae,Anaerostipes,Anaerostipes amylophilus
OTU255_Blautia_A fusiformis,Bacteria,Bacillota,Clostridia,Lachnospirales,Lachnospiraceae,Blautia_A,Blautia_A fusiformis
OTU256_Blautia_A sp900548245,Bacteria,Bacillota,Clostridia,Lachnospirales,Lachnospiraceae,Blautia_A,Blautia_A sp900548245
OTU257_Blautia_A ammoniilytica,Bacteria,Bacillota,Clostridia,Lachnospirales,Lachnospiraceae,Blautia_A,Blautia_A ammoniilytica
OTU258_Anaerobutyricum soehngenii,Bacteria,Bacillota,Clostridia,Lachnospirales,Lachnospiraceae,Anaerobutyricum,Anaerobutyricum soehngenii
OTU259_Enterocloster sp000431375,Bacteria,Bacillota,Clostridia,Lachnospirales,Lachnospiraceae,Enterocloster,Enterocloster sp000431375
OTU260_Enterocloster sp900541315,Bacteria,Bacillota,Clostridia,Lachnospirales,Lachnospiraceae,Enterocloster,Enterocloster sp900541315
OTU261_Lachnospira sp003451515,Bacteria,Bacillota,Clostridia,Lachnospirales,Lachnospiraceae,Lachnospira,Lachnospira sp003451515
OTU262_Lachnospira eligens_A,Bacteria,Bacillota,Clostridia,Lachnospirales,Lachnospiraceae,Lachnospira,Lachnospira eligens_A
OTU263_Lachnospira rogosae,Bacteria,Bacillota,Clostridia,Lachnospirales,Lachnospiraceae,Lachnospira,Lachnospira rogosae
OTU264_Lachnospira hominis,Bacteria,Bacillota,Clostridia,Lachnospirales,Lachnospiraceae,Lachnospira,Lachnospira hominis
OTU265_Hominiventricola sp018223365,Bacteria,Bacillota,Clostridia,Lachnospirales,Lachnospiraceae,Hominiventricola,Hominiventricola sp018223365
OTU266_Roseburia hominis,Bacteria,Bacillota,Clostridia,Lachnospirales,Lachnospiraceae,Roseburia,Roseburia hominis
OTU267_Mediterraneibacter sp934309345,Bacteria,Bacillota,Clostridia,Lachnospirales,Lachnospiraceae,Mediterraneibacter,Mediterraneibacter sp934309345
OTU268_Acetatifactor hominis,Bacteria,Bacillota,Clostridia,Lachnospirales,Lachnospiraceae,Acetatifactor,Acetatifactor hominis
OTU269_Dorea_A amylophila,Bacteria,Bacillota,Clostridia,Lachnospirales,Lachnospiraceae,Dorea_A,Dorea_A amylophila
OTU270_Dorea_A longicatena_C,Bacteria,Bacillota,Clostridia,Lachnospirales,Lachnospiraceae,Dorea_A,Dorea_A longicatena_C
OTU271_Brotaphodocola sp003478505,Bacteria,Bacillota,Clostridia,Lachnospirales,Lachnospiraceae,Brotaphodocola,Brotaphodocola sp003478505
OTU272_Roseburia_C amylophila,Bacteria,Bacillota,Clostridia,Lachnospirales,Lachnospiraceae,Roseburia_C,Roseburia_C amylophila
OTU273_Blautia stercoris,Bacteria,Bacillota,Clostridia,Lachnospirales,Lachnospiraceae,Blautia,Blautia stercoris
OTU274_Limivivens sp900066135,Bacteria,Bacillota,Clostridia,Lachnospirales,Lachnospiraceae,Limivivens,Limivivens sp900066135
OTU275_Limivivens faecihominis,Bacteria,Bacillota,Clostridia,Lachnospirales,Lachnospiraceae,Limivivens,Limivivens faecihominis
OTU276_UBA3402 sp003478355,Bacteria,Bacillota,Clostridia,Lachnospirales,Lachnospiraceae,UBA3402,UBA3402 sp003478355
OTU277_Mediterraneibacter_A butyricigenes,Bacteria,Bacillota,Clostridia,Lachnospirales,Lachnospiraceae,Mediterraneibacter_A,Mediterraneibacter_A butyricigenes
OTU278_Maccoya intestinihominis,Bacteria,Bacillota,Clostridia,Lachnospirales,Lachnospiraceae,Maccoya,Maccoya intestinihominis
OTU279_Coprococcus aceti,Bacteria,Bacillota,Clostridia,Lachnospirales,Lachnospiraceae,Coprococcus,Coprococcus aceti
OTU280_JAGTTR01 sp018223385,Bacteria,Bacillota,Clostridia,Lachnospirales,Lachnospiraceae,JAGTTR01,JAGTTR01 sp018223385
OTU281_Neoanaerotignum_A sp934256695,Bacteria,Bacillota,Clostridia,Lachnospirales,Anaerotignaceae,Neoanaerotignum_A,Neoanaerotignum_A sp934256695
OTU282_SFEL01 sp004557245,Bacteria,Bacillota,Clostridia,Christensenellales,CAG-138,SFEL01,SFEL01 sp004557245
OTU283_PeH17 sp000435055,Bacteria,Bacillota,Clostridia,Christensenellales,CAG-138,PeH17,PeH17 sp000435055
OTU284_Limiplasma sp900548145,Bacteria,Bacillota,Clostridia,Christensenellales,Aristaeellaceae,Limiplasma,Limiplasma sp900548145
OTU285_Scatosoma sp003150575,Bacteria,Bacillota,Clostridia,Christensenellales,Borkfalkiaceae,Scatosoma,Scatosoma sp003150575
OTU286_CAG-314 sp000437915,Bacteria,Bacillota,Clostridia,Christensenellales,CAG-314,CAG-314,CAG-314 sp000437915
OTU287_CAG-238 sp900542245,Bacteria,Bacillota,Clostridia,Peptostreptococcales,Anaerovoracaceae,CAG-238,CAG-238 sp900542245
OTU288_Alangreenwoodia sp905206455,Bacteria,Bacillota,Clostridia,Peptostreptococcales,Anaerovoracaceae,Alangreenwoodia,Alangreenwoodia sp905206455
OTU289_Merdicola sp001915925,Bacteria,Bacillota,Clostridia,TANB77,CAG-508,Merdicola,Merdicola sp001915925
OTU290_Merdicola sp944391965,Bacteria,Bacillota,Clostridia,TANB77,CAG-508,Merdicola,Merdicola sp944391965
OTU291_Merdicola sp018371855,Bacteria,Bacillota,Clostridia,TANB77,CAG-508,Merdicola,Merdicola sp018371855
OTU292_UMGS1663 sp900553865,Bacteria,Bacillota,Clostridia,TANB77,CAG-508,UMGS1663,UMGS1663 sp900553865
OTU293_CAG-269 sp000431335,Bacteria,Bacillota,Clostridia,TANB77,CAG-508,CAG-269,CAG-269 sp000431335
OTU294_CAG-273 sp003534295,Bacteria,Bacillota,Clostridia,TANB77,CAG-508,CAG-273,CAG-273 sp003534295
OTU295_Faecalibacillus faecis,Bacteria,Bacillota,Bacilli,Erysipelotrichales,Coprobacillaceae,Faecalibacillus,Faecalibacillus faecis
OTU296_CAG-313 sp000433035,Bacteria,Bacillota,Bacilli,ML615J-28,CAG-313,CAG-313,CAG-313 sp000433035
OTU297_Alistipes sp902363575,Bacteria,Bacteroidota,Bacteroidia,Bacteroidales,Rikenellaceae,Alistipes,Alistipes sp902363575
OTU298_Alistipes_A ihumii,Bacteria,Bacteroidota,Bacteroidia,Bacteroidales,Rikenellaceae,Alistipes_A,Alistipes_A ihumii
OTU299_Bacteroides salyersiae,Bacteria,Bacteroidota,Bacteroidia,Bacteroidales,Bacteroidaceae,Bacteroides,Bacteroides salyersiae
OTU300_Prevotella sp003447235,Bacteria,Bacteroidota,Bacteroidia,Bacteroidales,Bacteroidaceae,Prevotella,Prevotella sp003447235
OTU301_Haemophilus_D parainfluenzae,Bacteria,Pseudomonadota,Gammaproteobacteria,Enterobacterales,Pasteurellaceae,Haemophilus_D,Haemophilus_D parainfluenzae
OTU302_Haemophilus_D sp001811025,Bacteria,Pseudomonadota,Gammaproteobacteria,Enterobacterales,Pasteurellaceae,Haemophilus_D,Haemophilus_D sp001811025
OTU303_Haemophilus_A parahaemolyticus,Bacteria,Pseudomonadota,Gammaproteobacteria,Enterobacterales,Pasteurellaceae,Haemophilus_A,Haemophilus_A parahaemolyticus
OTU304_Haemophilus_A parahaemolyticus_A,Bacteria,Pseudomonadota,Gammaproteobacteria,Enterobacterales,Pasteurellaceae,Haemophilus_A,Haemophilus_A parahaemolyticus_A
OTU305_CAG-267 sp001917135,Bacteria,Pseudomonadota,Alphaproteobacteria,RF32,CAG-239,CAG-267,CAG-267 sp001917135
OTU306_Desulfovibrio sp900556755,Bacteria,Desulfobacterota_I,Desulfovibrionia,Desulfovibrionales,Desulfovibrionaceae,Desulfovibrio,Desulfovibrio sp900556755
OTU307_Desulfovibrio piger,Bacteria,Desulfobacterota_I,Desulfovibrionia,Desulfovibrionales,Desulfovibrionaceae,Desulfovibrio,Desulfovibrio piger
OTU308_Methanocatella smithii,Archaea,Methanobacteriota,Methanobacteria,Methanobacteriales,Methanobacteriaceae,Methanocatella,Methanocatella smithii
OTU309_Anaerotruncus massiliensis,Bacteria,Bacillota,Clostridia,Oscillospirales,Ruminococcaceae,Anaerotruncus,Anaerotruncus massiliensis
OTU310_Massiliimalia timonensis,Bacteria,Bacillota,Clostridia,Oscillospirales,Ruminococcaceae,Massiliimalia,Massiliimalia timonensis
OTU311_Pseudoflavonifractor faecis,Bacteria,Bacillota,Clostridia,Oscillospirales,Oscillospiraceae,Pseudoflavonifractor,Pseudoflavonifractor faecis
OTU312_CAG-964 sp000435335,Bacteria,Bacillota,Clostridia,Oscillospirales,Acutalibacteraceae,CAG-964,CAG-964 sp000435335
OTU313_Clostridium_A leptum,Bacteria,Bacillota,Clostridia,Oscillospirales,Acutalibacteraceae,Clostridium_A,Clostridium_A leptum
OTU314_Eubacterium_R sp000436835,Bacteria,Bacillota,Clostridia,Oscillospirales,Acutalibacteraceae,Eubacterium_R,Eubacterium_R sp000436835
OTU315_Acutalibacter timonensis,Bacteria,Bacillota,Clostridia,Oscillospirales,Acutalibacteraceae,Acutalibacter,Acutalibacter timonensis
OTU316_Butyricicoccus sp959018045,Bacteria,Bacillota,Clostridia,Oscillospirales,Butyricicoccaceae,Butyricicoccus,Butyricicoccus sp959018045
OTU317_Butyricicoccus pullicaecorum,Bacteria,Bacillota,Clostridia,Oscillospirales,Butyricicoccaceae,Butyricicoccus,Butyricicoccus pullicaecorum
OTU318_Agathobaculum ammoniilyticum,Bacteria,Bacillota,Clostridia,Oscillospirales,Butyricicoccaceae,Agathobaculum,Agathobaculum ammoniilyticum
OTU319_Faecalicatena contortus_B,Bacteria,Bacillota,Clostridia,Lachnospirales,Lachnospiraceae,Faecalicatena,Faecalicatena contortus_B
OTU320_Blautia argi,Bacteria,Bacillota,Clostridia,Lachnospirales,Lachnospiraceae,Blautia,Blautia argi
OTU321_Ruminococcus_B sp900544395,Bacteria,Bacillota,Clostridia,Lachnospirales,Lachnospiraceae,Ruminococcus_B,Ruminococcus_B sp900544395
OTU322_Catenibacillus sp018369015,Bacteria,Bacillota,Clostridia,Lachnospirales,Lachnospiraceae,Catenibacillus,Catenibacillus sp018369015
OTU323_Blautia_A caecimuris,Bacteria,Bacillota,Clostridia,Lachnospirales,Lachnospiraceae,Blautia_A,Blautia_A caecimuris
OTU324_Mediterraneibacter sp900541505,Bacteria,Bacillota,Clostridia,Lachnospirales,Lachnospiraceae,Mediterraneibacter,Mediterraneibacter sp900541505
OTU325_Diplocloster modestus,Bacteria,Bacillota,Clostridia,Lachnospirales,Lachnospiraceae,Diplocloster,Diplocloster modestus
OTU326_Pseudolachnospira sp022867805,Bacteria,Bacillota,Clostridia,Lachnospirales,Lachnospiraceae,Pseudolachnospira,Pseudolachnospira sp022867805
OTU327_Romboutsia timonensis,Bacteria,Bacillota,Clostridia,Peptostreptococcales,Peptostreptococcaceae,Romboutsia,Romboutsia timonensis
OTU328_Mogibacterium diversum_A,Bacteria,Bacillota,Clostridia,Peptostreptococcales,Anaerovoracaceae,Mogibacterium,Mogibacterium diversum_A
OTU329_Clostridium sp027692445,Bacteria,Bacillota,Clostridia,Clostridiales,Clostridiaceae,Clostridium,Clostridium sp027692445
OTU330_Clostridium sp018372875,Bacteria,Bacillota,Clostridia,Clostridiales,Clostridiaceae,Clostridium,Clostridium sp018372875
OTU331_Clostridium paraputrificum,Bacteria,Bacillota,Clostridia,Clostridiales,Clostridiaceae,Clostridium,Clostridium paraputrificum
OTU332_Sarcina perfringens,Bacteria,Bacillota,Clostridia,Clostridiales,Clostridiaceae,Sarcina,Sarcina perfringens
OTU333_Christensenella hongkongensis,Bacteria,Bacillota,Clostridia,Christensenellales,Christensenellaceae,Christensenella,Christensenella hongkongensis
OTU334_Christensenella minuta,Bacteria,Bacillota,Clostridia,Christensenellales,Christensenellaceae,Christensenella,Christensenella minuta
OTU335_QANA01 sp019420265,Bacteria,Bacillota,Clostridia,Christensenellales,Christensenellaceae,QANA01,QANA01 sp019420265
OTU336_Borkfalkia ceftriaxoniphila,Bacteria,Bacillota,Clostridia,Christensenellales,Borkfalkiaceae,Borkfalkia,Borkfalkia ceftriaxoniphila
OTU337_Streptococcus lutetiensis,Bacteria,Bacillota,Bacilli,Lactobacillales,Streptococcaceae,Streptococcus,Streptococcus lutetiensis
OTU338_Streptococcus thermophilus,Bacteria,Bacillota,Bacilli,Lactobacillales,Streptococcaceae,Streptococcus,Streptococcus thermophilus
OTU339_Limosilactobacillus reuteri_I,Bacteria,Bacillota,Bacilli,Lactobacillales,Lactobacillaceae,Limosilactobacillus,Limosilactobacillus reuteri_I
OTU340_Limosilactobacillus reuteri_J,Bacteria,Bacillota,Bacilli,Lactobacillales,Lactobacillaceae,Limosilactobacillus,Limosilactobacillus reuteri_J
OTU341_Limosilactobacillus reuteri,Bacteria,Bacillota,Bacilli,Lactobacillales,Lactobacillaceae,Limosilactobacillus,Limosilactobacillus reuteri
OTU342_Lactobacillus johnsonii,Bacteria,Bacillota,Bacilli,Lactobacillales,Lactobacillaceae,Lactobacillus,Lactobacillus johnsonii
OTU343_Enterococcus_A avium,Bacteria,Bacillota,Bacilli,Lactobacillales,Enterococcaceae,Enterococcus_A,Enterococcus_A avium
OTU344_Enterococcus_C canintestini,Bacteria,Bacillota,Bacilli,Lactobacillales,Enterococcaceae,Enterococcus_C,Enterococcus_C canintestini
OTU345_Clostridium_AQ sp003481775,Bacteria,Bacillota,Bacilli,Erysipelotrichales,Erysipelotrichaceae,Clostridium_AQ,Clostridium_AQ sp003481775
OTU346_Veillonella parvula_L,Bacteria,Bacillota,Negativicutes,Veillonellales,Veillonellaceae,Veillonella,Veillonella parvula_L
OTU347_Dialister sp900541485,Bacteria,Bacillota,Negativicutes,Veillonellales,Dialisteraceae,Dialister,Dialister sp900541485
OTU348_Phascolarctobacterium sp900551745,Bacteria,Bacillota,Negativicutes,Acidaminococcales,Acidaminococcaceae,Phascolarctobacterium,Phascolarctobacterium sp900551745
OTU349_Haemophilus_D parainfluenzae_AC,Bacteria,Pseudomonadota,Gammaproteobacteria,Enterobacterales,Pasteurellaceae,Haemophilus_D,Haemophilus_D parainfluenzae_AC
OTU350_Haemophilus_D parainfluenzae_AH,Bacteria,Pseudomonadota,Gammaproteobacteria,Enterobacterales,Pasteurellaceae,Haemophilus_D,Haemophilus_D parainfluenzae_AH
OTU351_Haemophilus_D sp001815355,Bacteria,Pseudomonadota,Gammaproteobacteria,Enterobacterales,Pasteurellaceae,Haemophilus_D,Haemophilus_D sp001815355
OTU352_Haemophilus_D parainfluenzae_K,Bacteria,Pseudomonadota,Gammaproteobacteria,Enterobacterales,Pasteurellaceae,Haemophilus_D,Haemophilus_D parainfluenzae_K
OTU353_Bacteroides finegoldii,Bacteria,Bacteroidota,Bacteroidia,Bacteroidales,Bacteroidaceae,Bacteroides,Bacteroides finegoldii
OTU354_Prevotella copri_N,Bacteria,Bacteroidota,Bacteroidia,Bacteroidales,Bacteroidaceae,Prevotella,Prevotella copri_N
OTU355_Phocaeicola dorei,Bacteria,Bacteroidota,Bacteroidia,Bacteroidales,Bacteroidaceae,Phocaeicola,Phocaeicola dorei
OTU356_Parabacteroides segnis,Bacteria,Bacteroidota,Bacteroidia,Bacteroidales,Tannerellaceae,Parabacteroides,Parabacteroides segnis
OTU357_Tidjanibacter inops,Bacteria,Bacteroidota,Bacteroidia,Bacteroidales,Rikenellaceae,Tidjanibacter,Tidjanibacter inops
OTU358_Bifidobacterium infantis,Bacteria,Actinomycetota,Actinomycetes,Actinomycetales,Bifidobacteriaceae,Bifidobacterium,Bifidobacterium infantis
OTU359_Gordonibacter pamelaeae,Bacteria,Actinomycetota,Coriobacteriia,Coriobacteriales,Eggerthellaceae,Gordonibacter,Gordonibacter pamelaeae
OTU360_Faecalibacterium taiwanense,Bacteria,Bacillota,Clostridia,Oscillospirales,Ruminococcaceae,Faecalibacterium,Faecalibacterium taiwanense
OTU361_Ruminococcus_C sp900545285,Bacteria,Bacillota,Clostridia,Oscillospirales,Ruminococcaceae,Ruminococcus_C,Ruminococcus_C sp900545285
OTU362_Ruthenibacterium merdipullorum,Bacteria,Bacillota,Clostridia,Oscillospirales,Ruminococcaceae,Ruthenibacterium,Ruthenibacterium merdipullorum
OTU363_Avimicrobium sp934845495,Bacteria,Bacillota,Clostridia,Oscillospirales,Ruminococcaceae,Avimicrobium,Avimicrobium sp934845495
OTU364_Merdimmobilis hominis,Bacteria,Bacillota,Clostridia,Oscillospirales,Ruminococcaceae,Merdimmobilis,Merdimmobilis hominis
OTU365_UBA3818 sp900557155,Bacteria,Bacillota,Clostridia,Oscillospirales,Ruminococcaceae,UBA3818,UBA3818 sp900557155
OTU366_Faecousia sp000434635,Bacteria,Bacillota,Clostridia,Oscillospirales,Oscillospiraceae,Faecousia,Faecousia sp000434635
OTU367_Faecousia sp900544975,Bacteria,Bacillota,Clostridia,Oscillospirales,Oscillospiraceae,Faecousia,Faecousia sp900544975
OTU368_CAG-170 sp900553545,Bacteria,Bacillota,Clostridia,Oscillospirales,Oscillospiraceae,CAG-170,CAG-170 sp900553545
OTU369_CAG-170 sp003516765,Bacteria,Bacillota,Clostridia,Oscillospirales,Oscillospiraceae,CAG-170,CAG-170 sp003516765
OTU370_CAG-170 sp900545925,Bacteria,Bacillota,Clostridia,Oscillospirales,Oscillospiraceae,CAG-170,CAG-170 sp900545925
OTU371_CAG-170 sp002404795,Bacteria,Bacillota,Clostridia,Oscillospirales,Oscillospiraceae,CAG-170,CAG-170 sp002404795
OTU372_Oscillibacter faecalis,Bacteria,Bacillota,Clostridia,Oscillospirales,Oscillospiraceae,Oscillibacter,Oscillibacter faecalis
OTU373_CAG-103 sp934589185,Bacteria,Bacillota,Clostridia,Oscillospirales,Oscillospiraceae,CAG-103,CAG-103 sp934589185
OTU374_CAG-103 sp900757655,Bacteria,Bacillota,Clostridia,Oscillospirales,Oscillospiraceae,CAG-103,CAG-103 sp900757655
OTU375_Lawsonibacter sp900066825,Bacteria,Bacillota,Clostridia,Oscillospirales,Oscillospiraceae,Lawsonibacter,Lawsonibacter sp900066825
OTU376_Lawsonibacter faecis_A,Bacteria,Bacillota,Clostridia,Oscillospirales,Oscillospiraceae,Lawsonibacter,Lawsonibacter faecis_A
OTU377_Intestinimonas massiliensis,Bacteria,Bacillota,Clostridia,Oscillospirales,Oscillospiraceae,Intestinimonas,Intestinimonas massiliensis
OTU378_Evtepia excrementipullorum,Bacteria,Bacillota,Clostridia,Oscillospirales,Oscillospiraceae,Evtepia,Evtepia excrementipullorum
OTU379_Ruminococcoides bovis,Bacteria,Bacillota,Clostridia,Oscillospirales,Acutalibacteraceae,Ruminococcoides,Ruminococcoides bovis
OTU380_Ruminococcoides intestinihominis,Bacteria,Bacillota,Clostridia,Oscillospirales,Acutalibacteraceae,Ruminococcoides,Ruminococcoides intestinihominis
OTU381_CAKTXU01 sp934615635,Bacteria,Bacillota,Clostridia,Oscillospirales,Acutalibacteraceae,CAKTXU01,CAKTXU01 sp934615635
OTU382_CAJFUH01 sp934717555,Bacteria,Bacillota,Clostridia,Oscillospirales,Acutalibacteraceae,CAJFUH01,CAJFUH01 sp934717555
OTU383_Eubacterium_R sp000434995,Bacteria,Bacillota,Clostridia,Oscillospirales,Acutalibacteraceae,Eubacterium_R,Eubacterium_R sp000434995
OTU384_Agathobaculum hominis,Bacteria,Bacillota,Clostridia,Oscillospirales,Butyricicoccaceae,Agathobaculum,Agathobaculum hominis
OTU385_Flemingiibacterium sp900546315,Bacteria,Bacillota,Clostridia,Oscillospirales,CAG-272,Flemingiibacterium,Flemingiibacterium sp900546315
OTU386_UMGS882 sp900757905,Bacteria,Bacillota,Clostridia,Oscillospirales,CAG-382,UMGS882,UMGS882 sp900757905
OTU387_Lachnospira sp000437735,Bacteria,Bacillota,Clostridia,Lachnospirales,Lachnospiraceae,Lachnospira,Lachnospira sp000437735
OTU388_Coprococcus_A catus,Bacteria,Bacillota,Clostridia,Lachnospirales,Lachnospiraceae,Coprococcus_A,Coprococcus_A catus
OTU389_Eubacterium_F sp934322085,Bacteria,Bacillota,Clostridia,Lachnospirales,Lachnospiraceae,Eubacterium_F,Eubacterium_F sp934322085
OTU390_Eubacterium_F sp003491505,Bacteria,Bacillota,Clostridia,Lachnospirales,Lachnospiraceae,Eubacterium_F,Eubacterium_F sp003491505
OTU391_Eubacterium_F sp900539115,Bacteria,Bacillota,Clostridia,Lachnospirales,Lachnospiraceae,Eubacterium_F,Eubacterium_F sp900539115
OTU392_Clostridium_AP sp000509125,Bacteria,Bacillota,Clostridia,Lachnospirales,Lachnospiraceae,Clostridium_AP,Clostridium_AP sp000509125
OTU393_Metalachnospira sp900548595,Bacteria,Bacillota,Clostridia,Lachnospirales,Anaerotignaceae,Metalachnospira,Metalachnospira sp900548595
OTU394_CAG-274 sp000432155,Bacteria,Bacillota,Clostridia,Lachnospirales,CAG-274,CAG-274,CAG-274 sp000432155
OTU395_Lentihominibacter butyricus,Bacteria,Bacillota,Clostridia,Peptostreptococcales,Anaerovoracaceae,Lentihominibacter,Lentihominibacter butyricus
OTU396_Scatosoma sp900555925,Bacteria,Bacillota,Clostridia,Christensenellales,Borkfalkiaceae,Scatosoma,Scatosoma sp900555925
OTU397_Scatosoma sp900552625,Bacteria,Bacillota,Clostridia,Christensenellales,Borkfalkiaceae,Scatosoma,Scatosoma sp900552625
OTU398_Ventricola sp900542445,Bacteria,Bacillota,Clostridia,Christensenellales,Aristaeellaceae,Ventricola,Ventricola sp900542445
OTU399_UMGS1975 sp900556815,Bacteria,Bacillota,Clostridia,Christensenellales,QAND01,UMGS1975,UMGS1975 sp900556815
OTU400_Monoglobus pectinilyticus,Bacteria,Bacillota,Clostridia,Monoglobales,Monoglobaceae,Monoglobus,Monoglobus pectinilyticus
OTU401_Limosilactobacillus fermentum,Bacteria,Bacillota,Bacilli,Lactobacillales,Lactobacillaceae,Limosilactobacillus,Limosilactobacillus fermentum
OTU402_Streptococcus salivarius_D,Bacteria,Bacillota,Bacilli,Lactobacillales,Streptococcaceae,Streptococcus,Streptococcus salivarius_D
OTU403_Streptococcus sp001556435,Bacteria,Bacillota,Bacilli,Lactobacillales,Streptococcaceae,Streptococcus,Streptococcus sp001556435
OTU404_Streptococcus salivarius_E,Bacteria,Bacillota,Bacilli,Lactobacillales,Streptococcaceae,Streptococcus,Streptococcus salivarius_E
OTU405_Holdemania filiformis,Bacteria,Bacillota,Bacilli,Erysipelotrichales,Erysipelotrichaceae,Holdemania,Holdemania filiformis
OTU406_Faecalibacillus sp900544435,Bacteria,Bacillota,Bacilli,Erysipelotrichales,Coprobacillaceae,Faecalibacillus,Faecalibacillus sp900544435
OTU407_51-20 sp001917175,Bacteria,Pseudomonadota,Alphaproteobacteria,RF32,CAG-239,51-20,51-20 sp001917175
OTU408_Parasutterella gallistercoris,Bacteria,Pseudomonadota,Gammaproteobacteria,Burkholderiales,Burkholderiaceae,Parasutterella,Parasutterella gallistercoris
OTU409_Parasutterella excrementihominis,Bacteria,Pseudomonadota,Gammaproteobacteria,Burkholderiales,Burkholderiaceae,Parasutterella,Parasutterella excrementihominis
OTU410_Collinsella intestinalis,Bacteria,Actinomycetota,Coriobacteriia,Coriobacteriales,Coriobacteriaceae,Collinsella,Collinsella intestinalis
OTU411_Collinsella sp902364775,Bacteria,Actinomycetota,Coriobacteriia,Coriobacteriales,Coriobacteriaceae,Collinsella,Collinsella sp902364775
OTU412_Collinsella stercoris,Bacteria,Actinomycetota,Coriobacteriia,Coriobacteriales,Coriobacteriaceae,Collinsella,Collinsella stercoris
OTU413_Akkermansia biwaensis,Bacteria,Verrucomicrobiota,Verrucomicrobiia,Verrucomicrobiales,Akkermansiaceae,Akkermansia,Akkermansia biwaensis
OTU414_Prevotella copri_S,Bacteria,Bacteroidota,Bacteroidia,Bacteroidales,Bacteroidaceae,Prevotella,Prevotella copri_S
OTU415_Bacteroides thetaiotaomicron,Bacteria,Bacteroidota,Bacteroidia,Bacteroidales,Bacteroidaceae,Bacteroides,Bacteroides thetaiotaomicron
OTU416_Phocaeicola coprocola,Bacteria,Bacteroidota,Bacteroidia,Bacteroidales,Bacteroidaceae,Phocaeicola,Phocaeicola coprocola
OTU417_Butyricimonas faecihominis,Bacteria,Bacteroidota,Bacteroidia,Bacteroidales,Marinifilaceae,Butyricimonas,Butyricimonas faecihominis
OTU418_Alistipes_A indistinctus,Bacteria,Bacteroidota,Bacteroidia,Bacteroidales,Rikenellaceae,Alistipes_A,Alistipes_A indistinctus
OTU419_Barnesiella propionica,Bacteria,Bacteroidota,Bacteroidia,Bacteroidales,Barnesiellaceae,Barnesiella,Barnesiella propionica
OTU420_Mailhella merdigallinarum,Bacteria,Desulfobacterota_I,Desulfovibrionia,Desulfovibrionales,Desulfovibrionaceae,Mailhella,Mailhella merdigallinarum
OTU421_Desulfovibrio fairfieldensis_A,Bacteria,Desulfobacterota_I,Desulfovibrionia,Desulfovibrionales,Desulfovibrionaceae,Desulfovibrio,Desulfovibrio fairfieldensis_A
OTU422_Eubacterium_F sp002431395,Bacteria,Bacillota,Clostridia,Lachnospirales,Lachnospiraceae,Eubacterium_F,Eubacterium_F sp002431395
OTU423_Eubacterium_F sp934316845,Bacteria,Bacillota,Clostridia,Lachnospirales,Lachnospiraceae,Eubacterium_F,Eubacterium_F sp934316845
OTU424_Acetatifactor intestinalis,Bacteria,Bacillota,Clostridia,Lachnospirales,Lachnospiraceae,Acetatifactor,Acetatifactor intestinalis
OTU425_Lachnospira eligens,Bacteria,Bacillota,Clostridia,Lachnospirales,Lachnospiraceae,Lachnospira,Lachnospira eligens
OTU426_Suilimivivens sp000438155,Bacteria,Bacillota,Clostridia,Lachnospirales,Lachnospiraceae,Suilimivivens,Suilimivivens sp000438155
OTU427_Catenibacillus scindens,Bacteria,Bacillota,Clostridia,Lachnospirales,Lachnospiraceae,Catenibacillus,Catenibacillus scindens
OTU428_Coprococcus sp000154245,Bacteria,Bacillota,Clostridia,Lachnospirales,Lachnospiraceae,Coprococcus,Coprococcus sp000154245
OTU429_Dorea_A sp963595255,Bacteria,Bacillota,Clostridia,Lachnospirales,Lachnospiraceae,Dorea_A,Dorea_A sp963595255
OTU430_Roseburia_B zhanii,Bacteria,Bacillota,Clostridia,Lachnospirales,Lachnospiraceae,Roseburia_B,Roseburia_B zhanii
OTU431_Negativibacillus sp000435195,Bacteria,Bacillota,Clostridia,Oscillospirales,Ruminococcaceae,Negativibacillus,Negativibacillus sp000435195
OTU432_Oscillibacter faecalis_A,Bacteria,Bacillota,Clostridia,Oscillospirales,Oscillospiraceae,Oscillibacter,Oscillibacter faecalis_A
OTU433_Enterenecus sp900549885,Bacteria,Bacillota,Clostridia,Oscillospirales,Oscillospiraceae,Enterenecus,Enterenecus sp900549885
OTU434_Pseudoscillospira sp018369915,Bacteria,Bacillota,Clostridia,Oscillospirales,Oscillospiraceae,Pseudoscillospira,Pseudoscillospira sp018369915
OTU435_CAG-177 sp002451755,Bacteria,Bacillota,Clostridia,Oscillospirales,Acutalibacteraceae,CAG-177,CAG-177 sp002451755
OTU436_CAG-177 sp003514385,Bacteria,Bacillota,Clostridia,Oscillospirales,Acutalibacteraceae,CAG-177,CAG-177 sp003514385
OTU437_CAG-177 sp963592475,Bacteria,Bacillota,Clostridia,Oscillospirales,Acutalibacteraceae,CAG-177,CAG-177 sp963592475
OTU438_Ventricola sp900548125,Bacteria,Bacillota,Clostridia,Christensenellales,Aristaeellaceae,Ventricola,Ventricola sp900548125
OTU439_Catenibacterium mitsuokai,Bacteria,Bacillota,Bacilli,Erysipelotrichales,Coprobacillaceae,Catenibacterium,Catenibacterium mitsuokai
OTU440_Catenibacterium mitsuokai_A,Bacteria,Bacillota,Bacilli,Erysipelotrichales,Coprobacillaceae,Catenibacterium,Catenibacterium mitsuokai_A
OTU441_Catenibacterium sp900764565,Bacteria,Bacillota,Bacilli,Erysipelotrichales,Coprobacillaceae,Catenibacterium,Catenibacterium sp900764565
OTU442_Thomasclavelia spiroformis,Bacteria,Bacillota,Bacilli,Erysipelotrichales,Coprobacillaceae,Thomasclavelia,Thomasclavelia spiroformis
OTU443_Longicatena caecimuris,Bacteria,Bacillota,Bacilli,Erysipelotrichales,Erysipelotrichaceae,Longicatena,Longicatena caecimuris
OTU444_Streptococcus parasanguinis_B,Bacteria,Bacillota,Bacilli,Lactobacillales,Streptococcaceae,Streptococcus,Streptococcus parasanguinis_B
OTU445_Collinsella sp019419555,Bacteria,Actinomycetota,Coriobacteriia,Coriobacteriales,Coriobacteriaceae,Collinsella,Collinsella sp019419555
OTU446_Collinsella sp905215725,Bacteria,Actinomycetota,Coriobacteriia,Coriobacteriales,Coriobacteriaceae,Collinsella,Collinsella sp905215725
OTU447_Collinsella sp958407555,Bacteria,Actinomycetota,Coriobacteriia,Coriobacteriales,Coriobacteriaceae,Collinsella,Collinsella sp958407555
OTU448_UBA11452 sp003526375,Bacteria,Verrucomicrobiota,Lentisphaeria,Victivallales,UBA1829,UBA11452,UBA11452 sp003526375
OTU449_Bacteroides ovatus,Bacteria,Bacteroidota,Bacteroidia,Bacteroidales,Bacteroidaceae,Bacteroides,Bacteroides ovatus
OTU450_Bacteroides rodentium,Bacteria,Bacteroidota,Bacteroidia,Bacteroidales,Bacteroidaceae,Bacteroides,Bacteroides rodentium
OTU451_Bacteroides hominis,Bacteria,Bacteroidota,Bacteroidia,Bacteroidales,Bacteroidaceae,Bacteroides,Bacteroides hominis
OTU452_Parasutterella sp900552195,Bacteria,Pseudomonadota,Gammaproteobacteria,Burkholderiales,Burkholderiaceae,Parasutterella,Parasutterella sp900552195
OTU453_UMGS856 sp900546265,Bacteria,Bacillota,Clostridia,Oscillospirales,Acutalibacteraceae,UMGS856,UMGS856 sp900546265
OTU454_Heritagella sp905200265,Bacteria,Bacillota,Clostridia,Oscillospirales,Acutalibacteraceae,Heritagella,Heritagella sp905200265
OTU455_Avimonas_A sp022800315,Bacteria,Bacillota,Clostridia,Oscillospirales,Acutalibacteraceae,Avimonas_A,Avimonas_A sp022800315
OTU456_Hydrogeniiclostridium mannosilyticum,Bacteria,Bacillota,Clostridia,Oscillospirales,Acutalibacteraceae,Hydrogeniiclostridium,Hydrogeniiclostridium mannosilyticum
OTU457_HGM13222 sp900757485,Bacteria,Bacillota,Clostridia,Oscillospirales,Ruminococcaceae,HGM13222,HGM13222 sp900757485
OTU458_Anaerotruncus colihominis,Bacteria,Bacillota,Clostridia,Oscillospirales,Ruminococcaceae,Anaerotruncus,Anaerotruncus colihominis
OTU459_Dorea_A sp934309195,Bacteria,Bacillota,Clostridia,Lachnospirales,Lachnospiraceae,Dorea_A,Dorea_A sp934309195
OTU460_Eubacterium_F sp937902905,Bacteria,Bacillota,Clostridia,Lachnospirales,Lachnospiraceae,Eubacterium_F,Eubacterium_F sp937902905
OTU461_Eubacterium_F sp000433735,Bacteria,Bacillota,Clostridia,Lachnospirales,Lachnospiraceae,Eubacterium_F,Eubacterium_F sp000433735
OTU462_Eubacterium_G sp000435815,Bacteria,Bacillota,Clostridia,Lachnospirales,Lachnospiraceae,Eubacterium_G,Eubacterium_G sp000435815
OTU463_AF33-28 sp003477885,Bacteria,Bacillota,Clostridia,Lachnospirales,Lachnospiraceae,AF33-28,AF33-28 sp003477885
OTU464_Guopingia tenuis,Bacteria,Bacillota,Clostridia,Christensenellales,Christensenellaceae,Guopingia,Guopingia tenuis
OTU465_HGM11616 sp900761075,Bacteria,Bacillota,Clostridia,Christensenellales,Christensenellaceae,HGM11616,HGM11616 sp900761075
OTU466_UMGS775 sp900545325,Bacteria,Bacillota,Clostridia,Christensenellales,Borkfalkiaceae,UMGS775,UMGS775 sp900545325
OTU467_UMGS1975 sp959600905,Bacteria,Bacillota,Clostridia,Christensenellales,QAND01,UMGS1975,UMGS1975 sp959600905
OTU468_Neochristensenella sp003150515,Bacteria,Bacillota,Clostridia,Christensenellales,QALW01,Neochristensenella,Neochristensenella sp003150515
OTU469_Parachristensenella sp900542005,Bacteria,Bacillota,Clostridia,Christensenellales,UMGS416,Parachristensenella,Parachristensenella sp900542005
OTU470_Fimisoma sp000435715,Bacteria,Bacillota,Clostridia,Peptostreptococcales,Anaerovoracaceae,Fimisoma,Fimisoma sp000435715
OTU471_Clostridium sp900540255,Bacteria,Bacillota,Clostridia,Clostridiales,Clostridiaceae,Clostridium,Clostridium sp900540255
OTU472_Clostridium saudiense,Bacteria,Bacillota,Clostridia,Clostridiales,Clostridiaceae,Clostridium,Clostridium saudiense
OTU473_Parvimonas micra,Bacteria,Bacillota,Clostridia,Tissierellales,Peptoniphilaceae,Parvimonas,Parvimonas micra
OTU474_Holdemania massiliensis,Bacteria,Bacillota,Bacilli,Erysipelotrichales,Erysipelotrichaceae,Holdemania,Holdemania massiliensis
OTU475_Turicibacter bilis,Bacteria,Bacillota,Bacilli,MOL361,Turicibacteraceae,Turicibacter,Turicibacter bilis
OTU476_Prevotella copri_F,Bacteria,Bacteroidota,Bacteroidia,Bacteroidales,Bacteroidaceae,Prevotella,Prevotella copri_F
OTU477_Porphyromonas endodontalis,Bacteria,Bacteroidota,Bacteroidia,Bacteroidales,Porphyromonadaceae,Porphyromonas,Porphyromonas endodontalis
OTU478_Parabacteroides goldsteinii,Bacteria,Bacteroidota,Bacteroidia,Bacteroidales,Tannerellaceae,Parabacteroides,Parabacteroides goldsteinii
OTU479_UMGS1264 sp900550095,Bacteria,Bacillota,Clostridia,Oscillospirales,Acutalibacteraceae,UMGS1264,UMGS1264 sp900550095
OTU480_CAKTXU01 sp902492455,Bacteria,Bacillota,Clostridia,Oscillospirales,Acutalibacteraceae,CAKTXU01,CAKTXU01 sp902492455
OTU481_Avimonas_A narfae,Bacteria,Bacillota,Clostridia,Oscillospirales,Acutalibacteraceae,Avimonas_A,Avimonas_A narfae
OTU482_Timburyella sp030842085,Bacteria,Bacillota,Clostridia,Oscillospirales,Acutalibacteraceae,Timburyella,Timburyella sp030842085
OTU483_Hominenteromicrobium sp900549945,Bacteria,Bacillota,Clostridia,Oscillospirales,Acutalibacteraceae,Hominenteromicrobium,Hominenteromicrobium sp900549945
OTU484_Ruminiclostridium_E sp900539195,Bacteria,Bacillota,Clostridia,Oscillospirales,Ruminococcaceae,Ruminiclostridium_E,Ruminiclostridium_E sp900539195
OTU485_Zongyangia gallinarum,Bacteria,Bacillota,Clostridia,Oscillospirales,Ruminococcaceae,Zongyangia,Zongyangia gallinarum
OTU486_Avimicrobium caecorum,Bacteria,Bacillota,Clostridia,Oscillospirales,Ruminococcaceae,Avimicrobium,Avimicrobium caecorum
OTU487_Porcipelethomonas ammoniilytica,Bacteria,Bacillota,Clostridia,Oscillospirales,Ruminococcaceae,Porcipelethomonas,Porcipelethomonas ammoniilytica
OTU488_Fimivivens hominis,Bacteria,Bacillota,Clostridia,Oscillospirales,Ruminococcaceae,Fimivivens,Fimivivens hominis
OTU489_Oscillibacter acutus,Bacteria,Bacillota,Clostridia,Oscillospirales,Oscillospiraceae,Oscillibacter,Oscillibacter acutus
OTU490_Onthomonas sp003150485,Bacteria,Bacillota,Clostridia,Oscillospirales,Oscillospiraceae,Onthomonas,Onthomonas sp003150485
OTU491_Scatomorpha sp900546485,Bacteria,Bacillota,Clostridia,Oscillospirales,Oscillospiraceae,Scatomorpha,Scatomorpha sp900546485
OTU492_Faecousia sp000435995,Bacteria,Bacillota,Clostridia,Oscillospirales,Oscillospiraceae,Faecousia,Faecousia sp000435995
OTU493_QAKW01 sp003343605,Bacteria,Bacillota,Clostridia,Oscillospirales,QAKW01,QAKW01,QAKW01 sp003343605
OTU494_RGIG9041 sp902492505,Bacteria,Bacillota,Clostridia,Oscillospirales,QAKW01,RGIG9041,RGIG9041 sp902492505
OTU495_UMGS911 sp902462015,Bacteria,Bacillota,Clostridia,Oscillospirales,CAG-272,UMGS911,UMGS911 sp902462015
OTU496_Avispirillum sp947627475,Bacteria,Bacillota,Clostridia,Oscillospirales,CAG-272,Avispirillum,Avispirillum sp947627475
OTU497_Geddesella stercoravicola,Bacteria,Bacillota,Clostridia,Oscillospirales,UBA644,Geddesella,Geddesella stercoravicola
OTU498_CALXAN01 sp944386305,Bacteria,Bacillota,Clostridia,Oscillospirales,UBA644,CALXAN01,CALXAN01 sp944386305
OTU499_Pullichristensenella sp946496415,Bacteria,Bacillota,Clostridia,Christensenellales,Aristaeellaceae,Pullichristensenella,Pullichristensenella sp946496415
OTU500_Pullichristensenella excrementipullorum,Bacteria,Bacillota,Clostridia,Christensenellales,Aristaeellaceae,Pullichristensenella,Pullichristensenella excrementipullorum
OTU501_Fimadaptatus sp948467645,Bacteria,Bacillota,Clostridia,Christensenellales,Aristaeellaceae,Fimadaptatus,Fimadaptatus sp948467645
OTU502_Limiplasma pullicola,Bacteria,Bacillota,Clostridia,Christensenellales,Aristaeellaceae,Limiplasma,Limiplasma pullicola
OTU503_Limiplasma merdipullorum,Bacteria,Bacillota,Clostridia,Christensenellales,Aristaeellaceae,Limiplasma,Limiplasma merdipullorum
OTU504_Limiplasma pullistercoris,Bacteria,Bacillota,Clostridia,Christensenellales,Aristaeellaceae,Limiplasma,Limiplasma pullistercoris
OTU505_Faecivicinus sp900553265,Bacteria,Bacillota,Clostridia,Christensenellales,Aristaeellaceae,Faecivicinus,Faecivicinus sp900553265
OTU506_QANA01 sp900554725,Bacteria,Bacillota,Clostridia,Christensenellales,Christensenellaceae,QANA01,QANA01 sp900554725
OTU507_CAJJPW01 sp905193725,Bacteria,Bacillota,Clostridia,Christensenellales,Christensenellaceae,CAJJPW01,CAJJPW01 sp905193725
OTU508_QAKS01 sp003343685,Bacteria,Bacillota,Clostridia,Christensenellales,Christensenellaceae,QAKS01,QAKS01 sp003343685
OTU509_SFEL01 sp934633985,Bacteria,Bacillota,Clostridia,Christensenellales,CAG-138,SFEL01,SFEL01 sp934633985
OTU510_Gallimonas intestinalis,Bacteria,Bacillota,Clostridia,Christensenellales,Borkfalkiaceae,Gallimonas,Gallimonas intestinalis
OTU511_UMGS621 sp900543915,Bacteria,Bacillota,Clostridia,Christensenellales,Borkfalkiaceae,UMGS621,UMGS621 sp900543915
OTU512_Protoclostridium sp019113265,Bacteria,Bacillota,Clostridia,Christensenellales,Pumilibacteraceae,Protoclostridium,Protoclostridium sp019113265
OTU513_UBA10677 sp900543755,Bacteria,Bacillota,Clostridia,Christensenellales,Pumilibacteraceae,UBA10677,UBA10677 sp900543755
OTU514_UMGS1975 sp900546685,Bacteria,Bacillota,Clostridia,Christensenellales,QAND01,UMGS1975,UMGS1975 sp900546685
OTU515_Luoshenia tenuis,Bacteria,Bacillota,Clostridia,Christensenellales,GCA-900066905,Luoshenia,Luoshenia tenuis
OTU516_Massilistercora timonensis,Bacteria,Bacillota,Clostridia,Lachnospirales,Lachnospiraceae,Massilistercora,Massilistercora timonensis
OTU517_Blautia_A luti_A,Bacteria,Bacillota,Clostridia,Lachnospirales,Lachnospiraceae,Blautia_A,Blautia_A luti_A
OTU518_Butyribacter sp003529475,Bacteria,Bacillota,Clostridia,Lachnospirales,Lachnospiraceae,Butyribacter,Butyribacter sp003529475
OTU519_Lachnospira sp019424245,Bacteria,Bacillota,Clostridia,Lachnospirales,Lachnospiraceae,Lachnospira,Lachnospira sp019424245
OTU520_CAG-194 sp000432915,Bacteria,Bacillota,Clostridia,Lachnospirales,Lachnospiraceae,CAG-194,CAG-194 sp000432915
OTU521_Fusicatenibacter sp963596755,Bacteria,Bacillota,Clostridia,Lachnospirales,Lachnospiraceae,Fusicatenibacter,Fusicatenibacter sp963596755
OTU522_V9D3004 sp900760345,Bacteria,Bacillota,Clostridia,Lachnospirales,Lachnospiraceae,V9D3004,V9D3004 sp900760345
OTU523_Scatomonas hejianensis,Bacteria,Bacillota,Clostridia,Lachnospirales,Lachnospiraceae,Scatomonas,Scatomonas hejianensis
OTU524_Faecimorpha sp944376225,Bacteria,Bacillota,Clostridia,Lachnospirales,Bianqueaceae,Faecimorpha,Faecimorpha sp944376225
OTU525_Bianquea renquensis,Bacteria,Bacillota,Clostridia,Lachnospirales,Bianqueaceae,Bianquea,Bianquea renquensis
OTU526_Metalachnospira sp900553995,Bacteria,Bacillota,Clostridia,Lachnospirales,Anaerotignaceae,Metalachnospira,Metalachnospira sp900553995
OTU527_CAG-269 sp000437215,Bacteria,Bacillota,Clostridia,TANB77,CAG-508,CAG-269,CAG-269 sp000437215
OTU528_Lentihominibacter excrementipullorum,Bacteria,Bacillota,Clostridia,Peptostreptococcales,Anaerovoracaceae,Lentihominibacter,Lentihominibacter excrementipullorum
OTU529_Hominibacterium hominis,Bacteria,Bacillota,Clostridia,Peptostreptococcales,Anaerovoracaceae,Hominibacterium,Hominibacterium hominis
OTU530_Fimisoma sp900545135,Bacteria,Bacillota,Clostridia,Peptostreptococcales,Anaerovoracaceae,Fimisoma,Fimisoma sp900545135
OTU531_Anaerofustis stercorihominis_A,Bacteria,Bacillota,Clostridia,Eubacteriales,Anaerofustaceae,Anaerofustis,Anaerofustis stercorihominis_A
OTU532_Clostridium sp024409095,Bacteria,Bacillota,Clostridia,Clostridiales,Clostridiaceae,Clostridium,Clostridium sp024409095
OTU533_Coprobacillus cateniformis,Bacteria,Bacillota,Bacilli,Erysipelotrichales,Coprobacillaceae,Coprobacillus,Coprobacillus cateniformis
OTU534_CAG-302 sp001916775,Bacteria,Bacillota,Bacilli,RF39,UBA660,CAG-302,CAG-302 sp001916775
OTU535_CAG-302 sp934162325,Bacteria,Bacillota,Bacilli,RF39,UBA660,CAG-302,CAG-302 sp934162325
OTU536_UMGS872 sp900546275,Bacteria,Bacillota,Bacilli,RF39,UBA660,UMGS872,UMGS872 sp900546275
OTU537_Megamonas funiformis,Bacteria,Bacillota,Negativicutes,Selenomonadales,Selenomonadaceae,Megamonas,Megamonas funiformis
OTU538_HGM14224 sp900761905,Bacteria,Bacillota,DTU025,DTUO25,HGM14224,HGM14224,HGM14224 sp900761905
OTU539_Propionibacterium acidifaciens,Bacteria,Actinomycetota,Actinomycetes,Propionibacteriales,Propionibacteriaceae,Propionibacterium,Propionibacterium acidifaciens
OTU540_CAJFUR01 sp904420575,Bacteria,Actinomycetota,Coriobacteriia,Coriobacteriales,Eggerthellaceae,CAJFUR01,CAJFUR01 sp904420575
OTU541_Akkermansia muciniphila_A,Bacteria,Verrucomicrobiota,Verrucomicrobiia,Verrucomicrobiales,Akkermansiaceae,Akkermansia,Akkermansia muciniphila_A
OTU542_Akkermansia sp905200945,Bacteria,Verrucomicrobiota,Verrucomicrobiia,Verrucomicrobiales,Akkermansiaceae,Akkermansia,Akkermansia sp905200945
OTU543_Parasutterella sp900766055,Bacteria,Pseudomonadota,Gammaproteobacteria,Burkholderiales,Burkholderiaceae,Parasutterella,Parasutterella sp900766055
OTU544_W3P20-009 sp004552385,Bacteria,Bacteroidota,Bacteroidia,Bacteroidales,Marinilabiliaceae,W3P20-009,W3P20-009 sp004552385
OTU545_Nitratidesulfovibrio vulgaris,Bacteria,Desulfobacterota_I,Desulfovibrionia,Desulfovibrionales,Desulfovibrionaceae,Nitratidesulfovibrio,Nitratidesulfovibrio vulgaris
OTU546_Campylobacter_B hominis,Bacteria,Campylobacterota,Campylobacteria,Campylobacterales,Campylobacteraceae,Campylobacter_B,Campylobacter_B hominis
OTU547_Senegalimassilia anaerobia,Bacteria,Actinomycetota,Coriobacteriia,Coriobacteriales,Eggerthellaceae,Senegalimassilia,Senegalimassilia anaerobia
OTU548_Senegalimassilia sp003474385,Bacteria,Actinomycetota,Coriobacteriia,Coriobacteriales,Eggerthellaceae,Senegalimassilia,Senegalimassilia sp003474385
OTU549_Collinsella sp938005465,Bacteria,Actinomycetota,Coriobacteriia,Coriobacteriales,Coriobacteriaceae,Collinsella,Collinsella sp938005465
OTU550_Collinsella sp900541245,Bacteria,Actinomycetota,Coriobacteriia,Coriobacteriales,Coriobacteriaceae,Collinsella,Collinsella sp900541245
OTU551_Collinsella sp900545555,Bacteria,Actinomycetota,Coriobacteriia,Coriobacteriales,Coriobacteriaceae,Collinsella,Collinsella sp900545555
OTU552_Blautia_A sp900066355,Bacteria,Bacillota,Clostridia,Lachnospirales,Lachnospiraceae,Blautia_A,Blautia_A sp900066355
OTU553_Roseburia sp902781225,Bacteria,Bacillota,Clostridia,Lachnospirales,Lachnospiraceae,Roseburia,Roseburia sp902781225
OTU554_COE1 sp001916965,Bacteria,Bacillota,Clostridia,Lachnospirales,Lachnospiraceae,COE1,COE1 sp001916965
OTU555_JAGZLR01 sp018364635,Bacteria,Bacillota,Clostridia,Lachnospirales,Anaerotignaceae,JAGZLR01,JAGZLR01 sp018364635
OTU556_Ruminococcus_C sp000433635,Bacteria,Bacillota,Clostridia,Oscillospirales,Ruminococcaceae,Ruminococcus_C,Ruminococcus_C sp000433635
OTU557_CAG-115 sp003531585,Bacteria,Bacillota,Clostridia,Oscillospirales,Ruminococcaceae,CAG-115,CAG-115 sp003531585
OTU558_UMGS1623 sp934647945,Bacteria,Bacillota,Clostridia,Oscillospirales,Acutalibacteraceae,UMGS1623,UMGS1623 sp934647945
OTU559_UMGS1975 sp900751745,Bacteria,Bacillota,Clostridia,Christensenellales,QAND01,UMGS1975,UMGS1975 sp900751745
OTU560_Phascolarctobacterium_A sp963603005,Bacteria,Bacillota,Negativicutes,Acidaminococcales,Acidaminococcaceae,Phascolarctobacterium_A,Phascolarctobacterium_A sp963603005
OTU561_Phascolarctobacterium_A succinatutens_B,Bacteria,Bacillota,Negativicutes,Acidaminococcales,Acidaminococcaceae,Phascolarctobacterium_A,Phascolarctobacterium_A succinatutens_B
OTU562_Phascolarctobacterium_A succinatutens_A,Bacteria,Bacillota,Negativicutes,Acidaminococcales,Acidaminococcaceae,Phascolarctobacterium_A,Phascolarctobacterium_A succinatutens_A
OTU563_Alistipes communis,Bacteria,Bacteroidota,Bacteroidia,Bacteroidales,Rikenellaceae,Alistipes,Alistipes communis
OTU564_Coprococcus ammoniilyticus,Bacteria,Bacillota,Clostridia,Lachnospirales,Lachnospiraceae,Coprococcus,Coprococcus ammoniilyticus
OTU565_Anaerotignum sp001304995,Bacteria,Bacillota,Clostridia,Lachnospirales,Anaerotignaceae,Anaerotignum,Anaerotignum sp001304995
OTU566_Anaerotignum sp022786605,Bacteria,Bacillota,Clostridia,Lachnospirales,Anaerotignaceae,Anaerotignum,Anaerotignum sp022786605
OTU567_Gemmiger sp963626055,Bacteria,Bacillota,Clostridia,Oscillospirales,Ruminococcaceae,Gemmiger,Gemmiger sp963626055
OTU568_Oscillibacter sp944387035,Bacteria,Bacillota,Clostridia,Oscillospirales,Oscillospiraceae,Oscillibacter,Oscillibacter sp944387035
OTU569_CAG-170 sp900549635,Bacteria,Bacillota,Clostridia,Oscillospirales,Oscillospiraceae,CAG-170,CAG-170 sp900549635
OTU570_Intestinimonas butyriciproducens,Bacteria,Bacillota,Clostridia,Oscillospirales,Oscillospiraceae,Intestinimonas,Intestinimonas butyriciproducens
OTU571_CAG-245 sp934131055,Bacteria,Bacillota,Clostridia,TANB77,CAG-508,CAG-245,CAG-245 sp934131055
OTU572_Veillonella fallax,Bacteria,Bacillota,Negativicutes,Veillonellales,Veillonellaceae,Veillonella,Veillonella fallax
OTU573_Veillonella parvula_A,Bacteria,Bacillota,Negativicutes,Veillonellales,Veillonellaceae,Veillonella,Veillonella parvula_A
OTU574_Veillonella parvula_G,Bacteria,Bacillota,Negativicutes,Veillonellales,Veillonellaceae,Veillonella,Veillonella parvula_G
OTU575_Sutterella sp905186105,Bacteria,Pseudomonadota,Gammaproteobacteria,Burkholderiales,Burkholderiaceae,Sutterella,Sutterella sp905186105
OTU576_Sutterella sp020025915,Bacteria,Pseudomonadota,Gammaproteobacteria,Burkholderiales,Burkholderiaceae,Sutterella,Sutterella sp020025915
OTU577_Haemophilus_D sp902466845,Bacteria,Pseudomonadota,Gammaproteobacteria,Enterobacterales,Pasteurellaceae,Haemophilus_D,Haemophilus_D sp902466845
OTU578_Scatacola_A faecigallinarum,Bacteria,Pseudomonadota,Alphaproteobacteria,RF32,CAG-239,Scatacola_A,Scatacola_A faecigallinarum
OTU579_Anaerotardibacter sp000436075,Bacteria,Actinomycetota,Coriobacteriia,Coriobacteriales,Eggerthellaceae,Anaerotardibacter,Anaerotardibacter sp000436075
OTU580_Adlercreutzia sp902478715,Bacteria,Actinomycetota,Coriobacteriia,Coriobacteriales,Eggerthellaceae,Adlercreutzia,Adlercreutzia sp902478715
OTU581_Collinsella sp959027945,Bacteria,Actinomycetota,Coriobacteriia,Coriobacteriales,Coriobacteriaceae,Collinsella,Collinsella sp959027945
OTU582_Collinsella aerofaciens_M,Bacteria,Actinomycetota,Coriobacteriia,Coriobacteriales,Coriobacteriaceae,Collinsella,Collinsella aerofaciens_M
OTU583_JAHZGC01 sp019421015,Bacteria,Actinomycetota,Coriobacteriia,Coriobacteriales,UMGS124,JAHZGC01,JAHZGC01 sp019421015
OTU584_Collinsella sp003479805,Bacteria,Actinomycetota,Coriobacteriia,Coriobacteriales,Coriobacteriaceae,Collinsella,Collinsella sp003479805
OTU585_Collinsella sp900541235,Bacteria,Actinomycetota,Coriobacteriia,Coriobacteriales,Coriobacteriaceae,Collinsella,Collinsella sp900541235
OTU586_Hungatella effluvii,Bacteria,Bacillota,Clostridia,Lachnospirales,Lachnospiraceae,Hungatella,Hungatella effluvii
OTU587_Blautia_A wexlerae_C,Bacteria,Bacillota,Clostridia,Lachnospirales,Lachnospiraceae,Blautia_A,Blautia_A wexlerae_C
OTU588_Roseburia sp934317215,Bacteria,Bacillota,Clostridia,Lachnospirales,Lachnospiraceae,Roseburia,Roseburia sp934317215
OTU589_Enterocloster sp001517625,Bacteria,Bacillota,Clostridia,Lachnospirales,Lachnospiraceae,Enterocloster,Enterocloster sp001517625
OTU590_Metalachnospira sp902406135,Bacteria,Bacillota,Clostridia,Lachnospirales,Anaerotignaceae,Metalachnospira,Metalachnospira sp902406135
OTU591_CAG-274 sp900545305,Bacteria,Bacillota,Clostridia,Lachnospirales,CAG-274,CAG-274,CAG-274 sp900545305
OTU592_Avoscillospira_A sp019422005,Bacteria,Bacillota,Clostridia,Oscillospirales,Oscillospiraceae,Avoscillospira_A,Avoscillospira_A sp019422005
OTU593_Faecousia sp958436045,Bacteria,Bacillota,Clostridia,Oscillospirales,Oscillospiraceae,Faecousia,Faecousia sp958436045
OTU594_Lawsonibacter sp902363045,Bacteria,Bacillota,Clostridia,Oscillospirales,Oscillospiraceae,Lawsonibacter,Lawsonibacter sp902363045
OTU595_Hominibacterium faecale,Bacteria,Bacillota,Clostridia,Peptostreptococcales,Anaerovoracaceae,Hominibacterium,Hominibacterium faecale
OTU596_Lentihominibacter hominis,Bacteria,Bacillota,Clostridia,Peptostreptococcales,Anaerovoracaceae,Lentihominibacter,Lentihominibacter hominis
OTU597_Clostridium sp900547475,Bacteria,Bacillota,Clostridia,Clostridiales,Clostridiaceae,Clostridium,Clostridium sp900547475
OTU598_Dielma fastidiosa,Bacteria,Bacillota,Bacilli,Erysipelotrichales,Erysipelotrichaceae,Dielma,Dielma fastidiosa
OTU599_Copranaerobaculum intestinale,Bacteria,Bacillota,Bacilli,Erysipelotrichales,Erysipelotrichaceae,Copranaerobaculum,Copranaerobaculum intestinale
OTU600_Veillonella parvula_J,Bacteria,Bacillota,Negativicutes,Veillonellales,Veillonellaceae,Veillonella,Veillonella parvula_J
OTU601_Acidaminococcus intestini,Bacteria,Bacillota,Negativicutes,Acidaminococcales,Acidaminococcaceae,Acidaminococcus,Acidaminococcus intestini
OTU602_Clostridium_AP scindens,Bacteria,Bacillota,Clostridia,Lachnospirales,Lachnospiraceae,Clostridium_AP,Clostridium_AP scindens
OTU603_Eisenbergiella porci,Bacteria,Bacillota,Clostridia,Lachnospirales,Lachnospiraceae,Eisenbergiella,Eisenbergiella porci
OTU604_Eisenbergiella tayi,Bacteria,Bacillota,Clostridia,Lachnospirales,Lachnospiraceae,Eisenbergiella,Eisenbergiella tayi
OTU605_Dorea_A sp019421265,Bacteria,Bacillota,Clostridia,Lachnospirales,Lachnospiraceae,Dorea_A,Dorea_A sp019421265
OTU606_Faecalicatena_A oroticus,Bacteria,Bacillota,Clostridia,Lachnospirales,Lachnospiraceae,Faecalicatena_A,Faecalicatena_A oroticus
OTU607_Senegalimassilia sp030540215,Bacteria,Actinomycetota,Coriobacteriia,Coriobacteriales,Eggerthellaceae,Senegalimassilia,Senegalimassilia sp030540215
OTU608_Frisingicoccus sp902471845,Bacteria,Bacillota,Clostridia,Lachnospirales,Lachnospiraceae,Frisingicoccus,Frisingicoccus sp902471845
OTU609_Brotaphodocola faecis,Bacteria,Bacillota,Clostridia,Lachnospirales,Lachnospiraceae,Brotaphodocola,Brotaphodocola faecis
OTU610_Eubacterium_U album,Bacteria,Bacillota,Clostridia,Lachnospirales,Lachnospiraceae,Eubacterium_U,Eubacterium_U album
OTU611_CAG-882 sp003486385,Bacteria,Bacillota,Clostridia,Lachnospirales,Lachnospiraceae,CAG-882,CAG-882 sp003486385
OTU612_Anaerostipes hadrus_C,Bacteria,Bacillota,Clostridia,Lachnospirales,Lachnospiraceae,Anaerostipes,Anaerostipes hadrus_C
OTU613_QAKD01 sp003343965,Bacteria,Bacillota,Clostridia,Peptostreptococcales,Anaerovoracaceae,QAKD01,QAKD01 sp003343965
OTU614_Ventricola sp900542395,Bacteria,Bacillota,Clostridia,Christensenellales,Aristaeellaceae,Ventricola,Ventricola sp900542395
OTU615_Ventricola sp934636105,Bacteria,Bacillota,Clostridia,Christensenellales,Aristaeellaceae,Ventricola,Ventricola sp934636105
OTU616_Egerieenecus sp900553315,Bacteria,Bacillota,Clostridia,Christensenellales,Aristaeellaceae,Egerieenecus,Egerieenecus sp900553315
OTU617_Vescimonas sp900545585,Bacteria,Bacillota,Clostridia,Oscillospirales,Oscillospiraceae,Vescimonas,Vescimonas sp900545585
OTU618_Lawsonibacter sp900549405,Bacteria,Bacillota,Clostridia,Oscillospirales,Oscillospiraceae,Lawsonibacter,Lawsonibacter sp900549405
OTU619_Enterenecus sp934675115,Bacteria,Bacillota,Clostridia,Oscillospirales,Oscillospiraceae,Enterenecus,Enterenecus sp934675115
OTU620_Lawsonibacter_A hominis,Bacteria,Bacillota,Clostridia,Oscillospirales,Oscillospiraceae,Lawsonibacter_A,Lawsonibacter_A hominis
OTU621_Instestinimonas_A celer,Bacteria,Bacillota,Clostridia,Oscillospirales,Oscillospiraceae,Instestinimonas_A,Instestinimonas_A celer
OTU622_Paludihabitans sp900543295,Bacteria,Bacillota,Clostridia,Oscillospirales,Ruminococcaceae,Paludihabitans,Paludihabitans sp900543295
OTU623_Huintestinicola butyrica,Bacteria,Bacillota,Clostridia,Oscillospirales,Ruminococcaceae,Huintestinicola,Huintestinicola butyrica
OTU624_Eubacterium_R sp900542875,Bacteria,Bacillota,Clostridia,Oscillospirales,Acutalibacteraceae,Eubacterium_R,Eubacterium_R sp900542875
OTU625_Eubacterium_R sp900772705,Bacteria,Bacillota,Clostridia,Oscillospirales,Acutalibacteraceae,Eubacterium_R,Eubacterium_R sp900772705
OTU626_Ruminococcoides intestinalis,Bacteria,Bacillota,Clostridia,Oscillospirales,Acutalibacteraceae,Ruminococcoides,Ruminococcoides intestinalis
OTU627_Butyricicoccus pullicaecorum_C,Bacteria,Bacillota,Clostridia,Oscillospirales,Butyricicoccaceae,Butyricicoccus,Butyricicoccus pullicaecorum_C
OTU628_CAG-269 sp003525075,Bacteria,Bacillota,Clostridia,TANB77,CAG-508,CAG-269,CAG-269 sp003525075
OTU629_CAG-793 sp900557475,Bacteria,Bacillota,Clostridia,TANB77,CAG-508,CAG-793,CAG-793 sp900557475
OTU630_Streptococcus vestibularis,Bacteria,Bacillota,Bacilli,Lactobacillales,Streptococcaceae,Streptococcus,Streptococcus vestibularis
OTU631_Thomasclavelia sp000508865,Bacteria,Bacillota,Bacilli,Erysipelotrichales,Coprobacillaceae,Thomasclavelia,Thomasclavelia sp000508865
OTU632_Scybalousia sp900542735,Bacteria,Bacillota,Bacilli,RF39,UBA660,Scybalousia,Scybalousia sp900542735
OTU633_CAG-288 sp000437395,Bacteria,Bacillota,Bacilli,RFN20,CAG-288,CAG-288,CAG-288 sp000437395
OTU634_Phascolarctobacterium_A sp963659725,Bacteria,Bacillota,Negativicutes,Acidaminococcales,Acidaminococcaceae,Phascolarctobacterium_A,Phascolarctobacterium_A sp963659725
OTU635_Phascolarctobacterium_A succinatutens,Bacteria,Bacillota,Negativicutes,Acidaminococcales,Acidaminococcaceae,Phascolarctobacterium_A,Phascolarctobacterium_A succinatutens
OTU636_UBA7185 sp902462325,Bacteria,Bacillota,Peptococcia,Peptococcales,Peptococcaceae,UBA7185,UBA7185 sp902462325
OTU637_UBA7185 sp902492275,Bacteria,Bacillota,Peptococcia,Peptococcales,Peptococcaceae,UBA7185,UBA7185 sp902492275
OTU638_UBA7185 sp900556545,Bacteria,Bacillota,Peptococcia,Peptococcales,Peptococcaceae,UBA7185,UBA7185 sp900556545
OTU639_UBA1829 sp900548385,Bacteria,Verrucomicrobiota,Lentisphaeria,Victivallales,UBA1829,UBA1829,UBA1829 sp900548385
OTU640_Victivallis lenta,Bacteria,Verrucomicrobiota,Lentisphaeria,Victivallales,Victivallaceae,Victivallis,Victivallis lenta
OTU641_Collinsella sp001915225,Bacteria,Actinomycetota,Coriobacteriia,Coriobacteriales,Coriobacteriaceae,Collinsella,Collinsella sp001915225
OTU642_Collinsella sp900549355,Bacteria,Actinomycetota,Coriobacteriia,Coriobacteriales,Coriobacteriaceae,Collinsella,Collinsella sp900549355
OTU643_Collinsella aerofaciens_AD,Bacteria,Actinomycetota,Coriobacteriia,Coriobacteriales,Coriobacteriaceae,Collinsella,Collinsella aerofaciens_AD
OTU644_Bacteroides zhangwenhongii,Bacteria,Bacteroidota,Bacteroidia,Bacteroidales,Bacteroidaceae,Bacteroides,Bacteroides zhangwenhongii
OTU645_Bacteroides cutis,Bacteria,Bacteroidota,Bacteroidia,Bacteroidales,Bacteroidaceae,Bacteroides,Bacteroides cutis
OTU646_UBA6398 sp900555645,Bacteria,Bacteroidota,Bacteroidia,Bacteroidales,Bacteroidaceae,UBA6398,UBA6398 sp900555645
OTU647_Alistipes senegalensis,Bacteria,Bacteroidota,Bacteroidia,Bacteroidales,Rikenellaceae,Alistipes,Alistipes senegalensis
OTU648_Butyricimonas sp019423345,Bacteria,Bacteroidota,Bacteroidia,Bacteroidales,Marinifilaceae,Butyricimonas,Butyricimonas sp019423345
OTU649_Cryptobacteroides sp000431015,Bacteria,Bacteroidota,Bacteroidia,Bacteroidales,UBA932,Cryptobacteroides,Cryptobacteroides sp000431015
OTU650_Barnesiella sp900538555,Bacteria,Bacteroidota,Bacteroidia,Bacteroidales,Barnesiellaceae,Barnesiella,Barnesiella sp900538555
OTU651_Zag111 sp900551965,Bacteria,Cyanobacteriota,Vampirovibrionia,Gastranaerophilales,Gastranaerophilaceae,Zag111,Zag111 sp900551965
OTU652_Limenecus avicola,Bacteria,Cyanobacteriota,Vampirovibrionia,Gastranaerophilales,Gastranaerophilaceae,Limenecus,Limenecus avicola
OTU653_Scatenecus sp900554095,Bacteria,Cyanobacteriota,Vampirovibrionia,Gastranaerophilales,Gastranaerophilaceae,Scatenecus,Scatenecus sp900554095
OTU654_CAG-196 sp002102975,Bacteria,Cyanobacteriota,Vampirovibrionia,Gastranaerophilales,Gastranaerophilaceae,CAG-196,CAG-196 sp002102975
OTU655_Stercorousia sp001765415,Bacteria,Cyanobacteriota,Vampirovibrionia,Gastranaerophilales,Gastranaerophilaceae,Stercorousia,Stercorousia sp001765415
OTU656_Stercorousia sp001917115,Bacteria,Cyanobacteriota,Vampirovibrionia,Gastranaerophilales,Gastranaerophilaceae,Stercorousia,Stercorousia sp001917115
OTU657_CALXWF01 sp944391355,Bacteria,Pseudomonadota,Alphaproteobacteria,RF32,CAG-239,CALXWF01,CALXWF01 sp944391355
OTU658_Haemophilus_D sp030405845,Bacteria,Pseudomonadota,Gammaproteobacteria,Enterobacterales,Pasteurellaceae,Haemophilus_D,Haemophilus_D sp030405845
OTU659_Ruminiclostridium_E sp902490585,Bacteria,Bacillota,Clostridia,Oscillospirales,Ruminococcaceae,Ruminiclostridium_E,Ruminiclostridium_E sp902490585
OTU660_Angelakisella sp900547385,Bacteria,Bacillota,Clostridia,Oscillospirales,Ruminococcaceae,Angelakisella,Angelakisella sp900547385
OTU661_Fimivivens sp900113995,Bacteria,Bacillota,Clostridia,Oscillospirales,Ruminococcaceae,Fimivivens,Fimivivens sp900113995
OTU662_Youxingia wuxianensis,Bacteria,Bacillota,Clostridia,Oscillospirales,Ruminococcaceae,Youxingia,Youxingia wuxianensis
OTU663_UBA737 sp900549055,Bacteria,Bacillota,Clostridia,Oscillospirales,Acutalibacteraceae,UBA737,UBA737 sp900549055
OTU664_UMGS1484 sp900552285,Bacteria,Bacillota,Clostridia,Oscillospirales,Acutalibacteraceae,UMGS1484,UMGS1484 sp900552285
OTU665_CAG-177 sp003538135,Bacteria,Bacillota,Clostridia,Oscillospirales,Acutalibacteraceae,CAG-177,CAG-177 sp003538135
OTU666_Yeguia hominis,Bacteria,Bacillota,Clostridia,Oscillospirales,Acutalibacteraceae,Yeguia,Yeguia hominis
OTU667_CAG-103 sp934591895,Bacteria,Bacillota,Clostridia,Oscillospirales,Oscillospiraceae,CAG-103,CAG-103 sp934591895
OTU668_Oscillibacter sp900544105,Bacteria,Bacillota,Clostridia,Oscillospirales,Oscillospiraceae,Oscillibacter,Oscillibacter sp900544105
OTU669_Vescimonas fastidiosa,Bacteria,Bacillota,Clostridia,Oscillospirales,Oscillospiraceae,Vescimonas,Vescimonas fastidiosa
OTU670_Lawsonibacter sp934659475,Bacteria,Bacillota,Clostridia,Oscillospirales,Oscillospiraceae,Lawsonibacter,Lawsonibacter sp934659475
OTU671_Evtepia sp004556345,Bacteria,Bacillota,Clostridia,Oscillospirales,Oscillospiraceae,Evtepia,Evtepia sp004556345
OTU672_HGM13006 sp900756575,Bacteria,Bacillota,Clostridia,Oscillospirales,Oscillospiraceae,HGM13006,HGM13006 sp900756575
OTU673_Onthomonas sp900545815,Bacteria,Bacillota,Clostridia,Oscillospirales,Oscillospiraceae,Onthomonas,Onthomonas sp900545815
OTU674_UBA644 sp900547165,Bacteria,Bacillota,Clostridia,Oscillospirales,UBA644,UBA644,UBA644 sp900547165
OTU675_Pseudobutyricicoccus lothianensis,Bacteria,Bacillota,Clostridia,Oscillospirales,Butyricicoccaceae,Pseudobutyricicoccus,Pseudobutyricicoccus lothianensis
OTU676_Woodwardiibium sp900760275,Bacteria,Bacillota,Clostridia,Oscillospirales,CAG-382,Woodwardiibium,Woodwardiibium sp900760275
OTU677_UMGS1696 sp900753285,Bacteria,Bacillota,Clostridia,Oscillospirales,CAG-272,UMGS1696,UMGS1696 sp900753285
OTU678_Faecalimonas phoceensis,Bacteria,Bacillota,Clostridia,Lachnospirales,Lachnospiraceae,Faecalimonas,Faecalimonas phoceensis
OTU679_Faecalimonas sp029983955,Bacteria,Bacillota,Clostridia,Lachnospirales,Lachnospiraceae,Faecalimonas,Faecalimonas sp029983955
OTU680_Limivivens sp905214955,Bacteria,Bacillota,Clostridia,Lachnospirales,Lachnospiraceae,Limivivens,Limivivens sp905214955
OTU681_Mediterraneibacter massiliensis,Bacteria,Bacillota,Clostridia,Lachnospirales,Lachnospiraceae,Mediterraneibacter,Mediterraneibacter massiliensis
OTU682_Neoanaerotignum_A sp019422065,Bacteria,Bacillota,Clostridia,Lachnospirales,Anaerotignaceae,Neoanaerotignum_A,Neoanaerotignum_A sp019422065
OTU683_Faecimorpha sp937892735,Bacteria,Bacillota,Clostridia,Lachnospirales,Bianqueaceae,Faecimorpha,Faecimorpha sp937892735
OTU684_PeH17 sp937894955,Bacteria,Bacillota,Clostridia,Christensenellales,CAG-138,PeH17,PeH17 sp937894955
OTU685_Scatosoma sp900542935,Bacteria,Bacillota,Clostridia,Christensenellales,Borkfalkiaceae,Scatosoma,Scatosoma sp900542935
OTU686_UBA10281 sp900554485,Bacteria,Bacillota,Clostridia,Christensenellales,Borkfalkiaceae,UBA10281,UBA10281 sp900554485
OTU687_QANA01 sp948468985,Bacteria,Bacillota,Clostridia,Christensenellales,Christensenellaceae,QANA01,QANA01 sp948468985
OTU688_UBA10677 sp900553005,Bacteria,Bacillota,Clostridia,Christensenellales,Pumilibacteraceae,UBA10677,UBA10677 sp900553005
OTU689_Spyradocola sp905193155,Bacteria,Bacillota,Clostridia,Christensenellales,UBA1750,Spyradocola,Spyradocola sp905193155
OTU690_Lentihominibacter sp905193765,Bacteria,Bacillota,Clostridia,Peptostreptococcales,Anaerovoracaceae,Lentihominibacter,Lentihominibacter sp905193765
OTU691_UMGS973 sp900547295,Bacteria,Bacillota,Clostridia,Peptostreptococcales,Anaerovoracaceae,UMGS973,UMGS973 sp900547295
OTU692_Clostridium lentum,Bacteria,Bacillota,Clostridia,Clostridiales,Clostridiaceae,Clostridium,Clostridium lentum
OTU693_Clostridium sp000435835,Bacteria,Bacillota,Clostridia,Clostridiales,Clostridiaceae,Clostridium,Clostridium sp000435835
OTU694_Holdemanella hominis,Bacteria,Bacillota,Bacilli,Erysipelotrichales,Erysipelotrichaceae,Holdemanella,Holdemanella hominis
OTU695_Holdemanella sp900556915,Bacteria,Bacillota,Bacilli,Erysipelotrichales,Erysipelotrichaceae,Holdemanella,Holdemanella sp900556915
OTU696_Faecalicoccus sp900546545,Bacteria,Bacillota,Bacilli,Erysipelotrichales,Erysipelotrichaceae,Faecalicoccus,Faecalicoccus sp900546545
OTU697_Faecalicoccus pleomorphus,Bacteria,Bacillota,Bacilli,Erysipelotrichales,Erysipelotrichaceae,Faecalicoccus,Faecalicoccus pleomorphus
OTU698_Streptococcus pasteurianus,Bacteria,Bacillota,Bacilli,Lactobacillales,Streptococcaceae,Streptococcus,Streptococcus pasteurianus
OTU699_Ligilactobacillus ruminis,Bacteria,Bacillota,Bacilli,Lactobacillales,Lactobacillaceae,Ligilactobacillus,Ligilactobacillus ruminis
OTU700_Dialister sp934178345,Bacteria,Bacillota,Negativicutes,Veillonellales,Dialisteraceae,Dialister,Dialister sp934178345
OTU701_Dialister sp000434475,Bacteria,Bacillota,Negativicutes,Veillonellales,Dialisteraceae,Dialister,Dialister sp000434475
OTU702_Dialister sp900543165,Bacteria,Bacillota,Negativicutes,Veillonellales,Dialisteraceae,Dialister,Dialister sp900543165
OTU703_UMGS1590 sp900553245,Bacteria,Bacillota,Peptococcia,Peptococcales,Peptococcaceae,UMGS1590,UMGS1590 sp900553245
OTU704_HGM13862 sp944393575,Bacteria,Bacillota,Dehalobacteriia,UBA4068,UBA4068,HGM13862,HGM13862 sp944393575
OTU705_Collinsella tanakaei,Bacteria,Actinomycetota,Coriobacteriia,Coriobacteriales,Coriobacteriaceae,Collinsella,Collinsella tanakaei
OTU706_Collinsella sp958407465,Bacteria,Actinomycetota,Coriobacteriia,Coriobacteriales,Coriobacteriaceae,Collinsella,Collinsella sp958407465
OTU707_Slackia isoflavoniconvertens,Bacteria,Actinomycetota,Coriobacteriia,Coriobacteriales,Eggerthellaceae,Slackia,Slackia isoflavoniconvertens
OTU708_Slackia sp934646845,Bacteria,Actinomycetota,Coriobacteriia,Coriobacteriales,Eggerthellaceae,Slackia,Slackia sp934646845
OTU709_CALADF01 sp937890835,Bacteria,Actinomycetota,Coriobacteriia,Coriobacteriales,Eggerthellaceae,CALADF01,CALADF01 sp937890835
OTU710_Bifidobacterium catenulatum,Bacteria,Actinomycetota,Actinomycetes,Actinomycetales,Bifidobacteriaceae,Bifidobacterium,Bifidobacterium catenulatum
OTU711_Escherichia sp005843885,Bacteria,Pseudomonadota,Gammaproteobacteria,Enterobacterales,Enterobacteriaceae,Escherichia,Escherichia sp005843885
OTU712_Oxalobacter aliiformigenes,Bacteria,Pseudomonadota,Gammaproteobacteria,Burkholderiales,Burkholderiaceae,Oxalobacter,Oxalobacter aliiformigenes
OTU713_Duodenibacillus massiliensis,Bacteria,Pseudomonadota,Gammaproteobacteria,Burkholderiales,Burkholderiaceae,Duodenibacillus,Duodenibacillus massiliensis
OTU714_Merdousia sp900760665,Bacteria,Verrucomicrobiota,Verrucomicrobiia,Opitutales,Intestinicryptomonadaceae,Merdousia,Merdousia sp900760665
OTU715_Prevotella copri_K,Bacteria,Bacteroidota,Bacteroidia,Bacteroidales,Bacteroidaceae,Prevotella,Prevotella copri_K
OTU716_Butyricimonas faecalis,Bacteria,Bacteroidota,Bacteroidia,Bacteroidales,Marinifilaceae,Butyricimonas,Butyricimonas faecalis
OTU717_Butyricimonas paravirosa,Bacteria,Bacteroidota,Bacteroidia,Bacteroidales,Marinifilaceae,Butyricimonas,Butyricimonas paravirosa
OTU718_Alistipes_A hominis,Bacteria,Bacteroidota,Bacteroidia,Bacteroidales,Rikenellaceae,Alistipes_A,Alistipes_A hominis
OTU719_Mailhella excrementigallinarum,Bacteria,Desulfobacterota_I,Desulfovibrionia,Desulfovibrionales,Desulfovibrionaceae,Mailhella,Mailhella excrementigallinarum
OTU720_Desulfovibrio piger_A,Bacteria,Desulfobacterota_I,Desulfovibrionia,Desulfovibrionales,Desulfovibrionaceae,Desulfovibrio,Desulfovibrio piger_A
OTU721_Ruthenibacterium sp018380115,Bacteria,Bacillota,Clostridia,Oscillospirales,Ruminococcaceae,Ruthenibacterium,Ruthenibacterium sp018380115
OTU722_CABSLJ01 sp902478455,Bacteria,Bacillota,Clostridia,Oscillospirales,Acutalibacteraceae,CABSLJ01,CABSLJ01 sp902478455
OTU723_Scybalosoma faecavium,Bacteria,Bacillota,Clostridia,Christensenellales,Christensenellaceae,Scybalosoma,Scybalosoma faecavium
OTU724_Gallimonas caecicola,Bacteria,Bacillota,Clostridia,Christensenellales,Borkfalkiaceae,Gallimonas,Gallimonas caecicola
OTU725_Holdemania sp900120005,Bacteria,Bacillota,Bacilli,Erysipelotrichales,Erysipelotrichaceae,Holdemania,Holdemania sp900120005
OTU726_UBA7185 sp910585405,Bacteria,Bacillota,Peptococcia,Peptococcales,Peptococcaceae,UBA7185,UBA7185 sp910585405
OTU727_Anaerotardibacter sp000435675,Bacteria,Actinomycetota,Coriobacteriia,Coriobacteriales,Eggerthellaceae,Anaerotardibacter,Anaerotardibacter sp000435675
OTU728_Alistipes timonensis,Bacteria,Bacteroidota,Bacteroidia,Bacteroidales,Rikenellaceae,Alistipes,Alistipes timonensis
OTU729_Eubacterium_R sp003526845,Bacteria,Bacillota,Clostridia,Oscillospirales,Acutalibacteraceae,Eubacterium_R,Eubacterium_R sp003526845
OTU730_CAG-170 sp937967235,Bacteria,Bacillota,Clostridia,Oscillospirales,Oscillospiraceae,CAG-170,CAG-170 sp937967235
OTU731_CAG-103 sp963627135,Bacteria,Bacillota,Clostridia,Oscillospirales,Oscillospiraceae,CAG-103,CAG-103 sp963627135
OTU732_Pygmaiobacter hominis,Bacteria,Bacillota,Clostridia,Oscillospirales,Ruminococcaceae,Pygmaiobacter,Pygmaiobacter hominis
OTU733_UBA3818 sp904397845,Bacteria,Bacillota,Clostridia,Oscillospirales,Ruminococcaceae,UBA3818,UBA3818 sp904397845
OTU734_Laedolimicola hominis,Bacteria,Bacillota,Clostridia,Lachnospirales,Lachnospiraceae,Laedolimicola,Laedolimicola hominis
OTU735_Enterocloster citroniae,Bacteria,Bacillota,Clostridia,Lachnospirales,Lachnospiraceae,Enterocloster,Enterocloster citroniae
OTU736_Pilosibacter sp963622995,Bacteria,Bacillota,Clostridia,Lachnospirales,Lachnospiraceae,Pilosibacter,Pilosibacter sp963622995
OTU737_QANA01 sp910588425,Bacteria,Bacillota,Clostridia,Christensenellales,Christensenellaceae,QANA01,QANA01 sp910588425
OTU738_Anaerofustis stercorihominis,Bacteria,Bacillota,Clostridia,Eubacteriales,Anaerofustaceae,Anaerofustis,Anaerofustis stercorihominis
OTU739_Senegalimassilia sp934630815,Bacteria,Actinomycetota,Coriobacteriia,Coriobacteriales,Eggerthellaceae,Senegalimassilia,Senegalimassilia sp934630815
OTU740_Collinsella sp938011875,Bacteria,Actinomycetota,Coriobacteriia,Coriobacteriales,Coriobacteriaceae,Collinsella,Collinsella sp938011875
OTU741_QAMH01 sp900756605,Bacteria,Actinomycetota,Coriobacteriia,Coriobacteriales,QAMH01,QAMH01,QAMH01 sp900756605
OTU742_Cellulosilyticum sp937935915,Bacteria,Bacillota,Clostridia,Lachnospirales,Cellulosilyticaceae,Cellulosilyticum,Cellulosilyticum sp937935915
OTU743_Spyradocola merdavium,Bacteria,Bacillota,Clostridia,Christensenellales,UBA1750,Spyradocola,Spyradocola merdavium
OTU744_Aphodoplasma sp900550065,Bacteria,Bacillota,Clostridia,UBA1381,UMGS1253,Aphodoplasma,Aphodoplasma sp900550065
OTU745_Vescimonas sp003487665,Bacteria,Bacillota,Clostridia,Oscillospirales,Oscillospiraceae,Vescimonas,Vescimonas sp003487665
OTU746_CAG-170 sp934646185,Bacteria,Bacillota,Clostridia,Oscillospirales,Oscillospiraceae,CAG-170,CAG-170 sp934646185
OTU747_Faecalibacterium tardum,Bacteria,Bacillota,Clostridia,Oscillospirales,Ruminococcaceae,Faecalibacterium,Faecalibacterium tardum
OTU748_CAG-217 sp963638105,Bacteria,Bacillota,Clostridia,Oscillospirales,Acutalibacteraceae,CAG-217,CAG-217 sp963638105
OTU749_CAG-217 sp000436335,Bacteria,Bacillota,Clostridia,Oscillospirales,Acutalibacteraceae,CAG-217,CAG-217 sp000436335
OTU750_UMGS1696 sp900554225,Bacteria,Bacillota,Clostridia,Oscillospirales,CAG-272,UMGS1696,UMGS1696 sp900554225
OTU751_QALR01 sp900552255,Bacteria,Bacillota,Clostridia,Oscillospirales,CAG-272,QALR01,QALR01 sp900552255
OTU752_Merdicola sp900553015,Bacteria,Bacillota,Clostridia,TANB77,CAG-508,Merdicola,Merdicola sp900553015
OTU753_UMGS1820 sp900545865,Bacteria,Bacillota,Clostridia,Monoglobales,Monoglobaceae,UMGS1820,UMGS1820 sp900545865
OTU754_Streptococcus parasanguinis_Y,Bacteria,Bacillota,Bacilli,Lactobacillales,Streptococcaceae,Streptococcus,Streptococcus parasanguinis_Y
OTU755_Lactococcus lactis,Bacteria,Bacillota,Bacilli,Lactobacillales,Streptococcaceae,Lactococcus,Lactococcus lactis
OTU756_CAG-302 sp900548425,Bacteria,Bacillota,Bacilli,RF39,UBA660,CAG-302,CAG-302 sp900548425
OTU757_UBA7185 sp944391625,Bacteria,Bacillota,Peptococcia,Peptococcales,Peptococcaceae,UBA7185,UBA7185 sp944391625
OTU758_Victivallis vadensis,Bacteria,Verrucomicrobiota,Lentisphaeria,Victivallales,Victivallaceae,Victivallis,Victivallis vadensis
OTU759_Butyribacter intestini,Bacteria,Bacillota,Clostridia,Lachnospirales,Lachnospiraceae,Butyribacter,Butyribacter intestini
OTU760_Lachnoclostridium_A edouardi,Bacteria,Bacillota,Clostridia,Lachnospirales,Lachnospiraceae,Lachnoclostridium_A,Lachnoclostridium_A edouardi
OTU761_Brotaphodocola sp900538475,Bacteria,Bacillota,Clostridia,Lachnospirales,Lachnospiraceae,Brotaphodocola,Brotaphodocola sp900538475
OTU762_Hominimerdicola sp937898375,Bacteria,Bacillota,Clostridia,Oscillospirales,Ruminococcaceae,Hominimerdicola,Hominimerdicola sp937898375
OTU763_Romboutsia sp018336475,Bacteria,Bacillota,Clostridia,Peptostreptococcales,Peptostreptococcaceae,Romboutsia,Romboutsia sp018336475
OTU764_Bifidobacterium pseudocatenulatum,Bacteria,Actinomycetota,Actinomycetes,Actinomycetales,Bifidobacteriaceae,Bifidobacterium,Bifidobacterium pseudocatenulatum
OTU765_Collinsella sp902491055,Bacteria,Actinomycetota,Coriobacteriia,Coriobacteriales,Coriobacteriaceae,Collinsella,Collinsella sp902491055
OTU766_Collinsella sp958347015,Bacteria,Actinomycetota,Coriobacteriia,Coriobacteriales,Coriobacteriaceae,Collinsella,Collinsella sp958347015
OTU767_Collinsella sp958452935,Bacteria,Actinomycetota,Coriobacteriia,Coriobacteriales,Coriobacteriaceae,Collinsella,Collinsella sp958452935
OTU768_Bacteroides vicugnae,Bacteria,Bacteroidota,Bacteroidia,Bacteroidales,Bacteroidaceae,Bacteroides,Bacteroides vicugnae
OTU769_Coprobacter fastidiosus,Bacteria,Bacteroidota,Bacteroidia,Bacteroidales,Coprobacteraceae,Coprobacter,Coprobacter fastidiosus
OTU770_Frisingicoccus caecimuris,Bacteria,Bacillota,Clostridia,Lachnospirales,Lachnospiraceae,Frisingicoccus,Frisingicoccus caecimuris
OTU771_Frisingicoccus sp958405355,Bacteria,Bacillota,Clostridia,Lachnospirales,Lachnospiraceae,Frisingicoccus,Frisingicoccus sp958405355
OTU772_Agathobacter sp900317585,Bacteria,Bacillota,Clostridia,Lachnospirales,Lachnospiraceae,Agathobacter,Agathobacter sp900317585
OTU773_Blautia celeris,Bacteria,Bacillota,Clostridia,Lachnospirales,Lachnospiraceae,Blautia,Blautia celeris
OTU774_Avimicrobium sp900761965,Bacteria,Bacillota,Clostridia,Oscillospirales,Ruminococcaceae,Avimicrobium,Avimicrobium sp900761965
OTU775_Negativibacillus massiliensis,Bacteria,Bacillota,Clostridia,Oscillospirales,Ruminococcaceae,Negativibacillus,Negativibacillus massiliensis
OTU776_Bittarella massiliensis,Bacteria,Bacillota,Clostridia,Oscillospirales,Ruminococcaceae,Bittarella,Bittarella massiliensis
OTU777_Fimisoma avicola,Bacteria,Bacillota,Clostridia,Peptostreptococcales,Anaerovoracaceae,Fimisoma,Fimisoma avicola
OTU778_Emergencia timonensis,Bacteria,Bacillota,Clostridia,Peptostreptococcales,Anaerovoracaceae,Emergencia,Emergencia timonensis
OTU779_Enterococcus faecalis,Bacteria,Bacillota,Bacilli,Lactobacillales,Enterococcaceae,Enterococcus,Enterococcus faecalis
OTU780_Turicibacter sanguinis,Bacteria,Bacillota,Bacilli,MOL361,Turicibacteraceae,Turicibacter,Turicibacter sanguinis
OTU781_Varibaculum timonense_A,Bacteria,Actinomycetota,Actinomycetes,Actinomycetales,Actinomycetaceae,Varibaculum,Varibaculum timonense_A
OTU782_Enteroscipio rubneri,Bacteria,Actinomycetota,Coriobacteriia,Coriobacteriales,Eggerthellaceae,Enteroscipio,Enteroscipio rubneri
OTU783_CAG-448 sp003150135,Bacteria,Bacillota,Clostridia,Oscillospirales,CAG-272,CAG-448,CAG-448 sp003150135
OTU784_QALR01 sp900553085,Bacteria,Bacillota,Clostridia,Oscillospirales,CAG-272,QALR01,QALR01 sp900553085
OTU785_Ruminococcus_C sp000980705,Bacteria,Bacillota,Clostridia,Oscillospirales,Ruminococcaceae,Ruminococcus_C,Ruminococcus_C sp000980705
OTU786_Oscillibacter sp900544615,Bacteria,Bacillota,Clostridia,Oscillospirales,Oscillospiraceae,Oscillibacter,Oscillibacter sp900544615
OTU787_HGM12998 sp900756495,Bacteria,Bacillota,Clostridia,Oscillospirales,Oscillospiraceae,HGM12998,HGM12998 sp900756495
OTU788_Coprococcus sp963600665,Bacteria,Bacillota,Clostridia,Lachnospirales,Lachnospiraceae,Coprococcus,Coprococcus sp963600665
OTU789_CAG-194 sp018917935,Bacteria,Bacillota,Clostridia,Lachnospirales,Lachnospiraceae,CAG-194,CAG-194 sp018917935
OTU790_Scatosoma sp003448195,Bacteria,Bacillota,Clostridia,Christensenellales,Borkfalkiaceae,Scatosoma,Scatosoma sp003448195
OTU791_HGM11514 sp900757255,Bacteria,Bacillota,Clostridia,HGM11514,HGM11514,HGM11514,HGM11514 sp900757255
OTU792_Aphodocola sp900547225,Bacteria,Bacillota,Bacilli,RF39,UBA660,Aphodocola,Aphodocola sp900547225
OTU793_Aphodocola sp000434835,Bacteria,Bacillota,Bacilli,RF39,UBA660,Aphodocola,Aphodocola sp000434835
OTU794_CAG-313 sp003539625,Bacteria,Bacillota,Bacilli,ML615J-28,CAG-313,CAG-313,CAG-313 sp003539625
OTU795_Anaerotardibacter sp958409415,Bacteria,Actinomycetota,Coriobacteriia,Coriobacteriales,Eggerthellaceae,Anaerotardibacter,Anaerotardibacter sp958409415
OTU796_Collinsella sp905215755,Bacteria,Actinomycetota,Coriobacteriia,Coriobacteriales,Coriobacteriaceae,Collinsella,Collinsella sp905215755
OTU797_Collinsella sp947001705,Bacteria,Actinomycetota,Coriobacteriia,Coriobacteriales,Coriobacteriaceae,Collinsella,Collinsella sp947001705
OTU798_Phocaeicola coprophilus,Bacteria,Bacteroidota,Bacteroidia,Bacteroidales,Bacteroidaceae,Phocaeicola,Phocaeicola coprophilus
OTU799_Phocaeicola plebeius,Bacteria,Bacteroidota,Bacteroidia,Bacteroidales,Bacteroidaceae,Phocaeicola,Phocaeicola plebeius
OTU800_Limisoma sp900541935,Bacteria,Bacteroidota,Bacteroidia,Bacteroidales,Muribaculaceae,Limisoma,Limisoma sp900541935
OTU801_Caccoplasma intestinavium,Bacteria,Bacteroidota,Bacteroidia,Bacteroidales,UBA11471,Caccoplasma,Caccoplasma intestinavium
OTU802_Sutterella seckii_A,Bacteria,Pseudomonadota,Gammaproteobacteria,Burkholderiales,Burkholderiaceae,Sutterella,Sutterella seckii_A
OTU803_CAG-115 sp945923775,Bacteria,Bacillota,Clostridia,Oscillospirales,Ruminococcaceae,CAG-115,CAG-115 sp945923775
OTU804_Neobittarella massiliensis,Bacteria,Bacillota,Clostridia,Oscillospirales,Ruminococcaceae,Neobittarella,Neobittarella massiliensis
OTU805_Blautia_A acetigignens,Bacteria,Bacillota,Clostridia,Lachnospirales,Lachnospiraceae,Blautia_A,Blautia_A acetigignens
OTU806_Lachnospira sp002435585,Bacteria,Bacillota,Clostridia,Lachnospirales,Lachnospiraceae,Lachnospira,Lachnospira sp002435585
OTU807_Lachnospira sp000436475,Bacteria,Bacillota,Clostridia,Lachnospirales,Lachnospiraceae,Lachnospira,Lachnospira sp000436475
OTU808_Faecalimonas umbilicata,Bacteria,Bacillota,Clostridia,Lachnospirales,Lachnospiraceae,Faecalimonas,Faecalimonas umbilicata
OTU809_Anaerotignum sp905212195,Bacteria,Bacillota,Clostridia,Lachnospirales,Anaerotignaceae,Anaerotignum,Anaerotignum sp905212195
OTU810_Romboutsia_E sp900066495,Bacteria,Bacillota,Clostridia,Peptostreptococcales,Peptostreptococcaceae,Romboutsia_E,Romboutsia_E sp900066495
OTU811_Clostridium sp015555905,Bacteria,Bacillota,Clostridia,Clostridiales,Clostridiaceae,Clostridium,Clostridium sp015555905
OTU812_Veillonella sp963524655,Bacteria,Bacillota,Negativicutes,Veillonellales,Veillonellaceae,Veillonella,Veillonella sp963524655
OTU813_Veillonella rogosae,Bacteria,Bacillota,Negativicutes,Veillonellales,Veillonellaceae,Veillonella,Veillonella rogosae
OTU814_Lactococcus cremoris,Bacteria,Bacillota,Bacilli,Lactobacillales,Streptococcaceae,Lactococcus,Lactococcus cremoris
OTU815_Pauljensenia sp018375675,Bacteria,Actinomycetota,Actinomycetes,Actinomycetales,Actinomycetaceae,Pauljensenia,Pauljensenia sp018375675
OTU816_Collinsella sp900761805,Bacteria,Actinomycetota,Coriobacteriia,Coriobacteriales,Coriobacteriaceae,Collinsella,Collinsella sp900761805
OTU817_Collinsella sp018376265,Bacteria,Actinomycetota,Coriobacteriia,Coriobacteriales,Coriobacteriaceae,Collinsella,Collinsella sp018376265
OTU818_Collinsella sp900760215,Bacteria,Actinomycetota,Coriobacteriia,Coriobacteriales,Coriobacteriaceae,Collinsella,Collinsella sp900760215
OTU819_Collinsella aerofaciens_G,Bacteria,Actinomycetota,Coriobacteriia,Coriobacteriales,Coriobacteriaceae,Collinsella,Collinsella aerofaciens_G
OTU820_Haemophilus_D parainfluenzae_T,Bacteria,Pseudomonadota,Gammaproteobacteria,Enterobacterales,Pasteurellaceae,Haemophilus_D,Haemophilus_D parainfluenzae_T
OTU821_Prevotella copri_O,Bacteria,Bacteroidota,Bacteroidia,Bacteroidales,Bacteroidaceae,Prevotella,Prevotella copri_O
OTU822_Bifidobacterium hominis,Bacteria,Actinomycetota,Actinomycetes,Actinomycetales,Bifidobacteriaceae,Bifidobacterium,Bifidobacterium hominis
OTU823_Pauljensenia sp001838165,Bacteria,Actinomycetota,Actinomycetes,Actinomycetales,Actinomycetaceae,Pauljensenia,Pauljensenia sp001838165
OTU824_Anaerotardibacter sp902464295,Bacteria,Actinomycetota,Coriobacteriia,Coriobacteriales,Eggerthellaceae,Anaerotardibacter,Anaerotardibacter sp902464295
OTU825_Senegalimassilia sp902464545,Bacteria,Actinomycetota,Coriobacteriia,Coriobacteriales,Eggerthellaceae,Senegalimassilia,Senegalimassilia sp902464545
OTU826_Leptogranulimonas sp012584445,Bacteria,Actinomycetota,Coriobacteriia,Coriobacteriales,Atopobiaceae,Leptogranulimonas,Leptogranulimonas sp012584445
OTU827_Collinsella sp900762325,Bacteria,Actinomycetota,Coriobacteriia,Coriobacteriales,Coriobacteriaceae,Collinsella,Collinsella sp900762325
OTU828_Collinsella sp937982065,Bacteria,Actinomycetota,Coriobacteriia,Coriobacteriales,Coriobacteriaceae,Collinsella,Collinsella sp937982065
OTU829_Lawsonibacter sp900545895,Bacteria,Bacillota,Clostridia,Oscillospirales,Oscillospiraceae,Lawsonibacter,Lawsonibacter sp900545895
OTU830_Hominenteromicrobium sp934643185,Bacteria,Bacillota,Clostridia,Oscillospirales,Acutalibacteraceae,Hominenteromicrobium,Hominenteromicrobium sp934643185
OTU831_UMGS1264 sp904399395,Bacteria,Bacillota,Clostridia,Oscillospirales,Acutalibacteraceae,UMGS1264,UMGS1264 sp904399395
OTU832_Agathobaculum stercoravium,Bacteria,Bacillota,Clostridia,Oscillospirales,Butyricicoccaceae,Agathobaculum,Agathobaculum stercoravium
OTU833_Pseudobutyricicoccus sp003477405,Bacteria,Bacillota,Clostridia,Oscillospirales,Butyricicoccaceae,Pseudobutyricicoccus,Pseudobutyricicoccus sp003477405
OTU834_Blautia_A sp900066335,Bacteria,Bacillota,Clostridia,Lachnospirales,Lachnospiraceae,Blautia_A,Blautia_A sp900066335
OTU835_Claveliimonas bilis,Bacteria,Bacillota,Clostridia,Lachnospirales,Lachnospiraceae,Claveliimonas,Claveliimonas bilis
OTU836_Merdimonas faecis,Bacteria,Bacillota,Clostridia,Lachnospirales,Lachnospiraceae,Merdimonas,Merdimonas faecis
OTU837_Otoolea saccharolyticum_A,Bacteria,Bacillota,Clostridia,Lachnospirales,Lachnospiraceae,Otoolea,Otoolea saccharolyticum_A
OTU838_Eisenbergiella sp003478085,Bacteria,Bacillota,Clostridia,Lachnospirales,Lachnospiraceae,Eisenbergiella,Eisenbergiella sp003478085
OTU839_Sellimonas catena,Bacteria,Bacillota,Clostridia,Lachnospirales,Lachnospiraceae,Sellimonas,Sellimonas catena
OTU840_JANFXS01 sp024460105,Bacteria,Bacillota,Clostridia,Lachnospirales,Anaerotignaceae,JANFXS01,JANFXS01 sp024460105
OTU841_Eubacterium limosum,Bacteria,Bacillota,Clostridia,Eubacteriales,Eubacteriaceae,Eubacterium,Eubacterium limosum
OTU842_Eubacterium limosum_B,Bacteria,Bacillota,Clostridia,Eubacteriales,Eubacteriaceae,Eubacterium,Eubacterium limosum_B
OTU843_Megasphaera massiliensis,Bacteria,Bacillota,Negativicutes,Veillonellales,Megasphaeraceae,Megasphaera,Megasphaera massiliensis
OTU844_Dialister sp025992895,Bacteria,Bacillota,Negativicutes,Veillonellales,Dialisteraceae,Dialister,Dialister sp025992895
OTU845_Dialister hominis,Bacteria,Bacillota,Negativicutes,Veillonellales,Dialisteraceae,Dialister,Dialister hominis
OTU846_Limosilactobacillus mucosae,Bacteria,Bacillota,Bacilli,Lactobacillales,Lactobacillaceae,Limosilactobacillus,Limosilactobacillus mucosae
OTU847_Streptococcus salivarius,Bacteria,Bacillota,Bacilli,Lactobacillales,Streptococcaceae,Streptococcus,Streptococcus salivarius
OTU848_Massilicoli timonensis,Bacteria,Bacillota,Bacilli,Erysipelotrichales,Erysipelotrichaceae,Massilicoli,Massilicoli timonensis
OTU849_Prevotella disiens,Bacteria,Bacteroidota,Bacteroidia,Bacteroidales,Bacteroidaceae,Prevotella,Prevotella disiens
OTU850_Parabacteroides faecis,Bacteria,Bacteroidota,Bacteroidia,Bacteroidales,Tannerellaceae,Parabacteroides,Parabacteroides faecis
OTU851_Porphyromonas sp900539155,Bacteria,Bacteroidota,Bacteroidia,Bacteroidales,Porphyromonadaceae,Porphyromonas,Porphyromonas sp900539155
OTU852_Porphyromonas vaginalis,Bacteria,Bacteroidota,Bacteroidia,Bacteroidales,Porphyromonadaceae,Porphyromonas,Porphyromonas vaginalis
OTU853_Coprobacter secundus,Bacteria,Bacteroidota,Bacteroidia,Bacteroidales,Coprobacteraceae,Coprobacter,Coprobacter secundus
OTU854_Fimisoma sp900540145,Bacteria,Bacillota,Clostridia,Peptostreptococcales,Anaerovoracaceae,Fimisoma,Fimisoma sp900540145
OTU855_Acutalibacter stercoravium,Bacteria,Bacillota,Clostridia,Oscillospirales,Acutalibacteraceae,Acutalibacter,Acutalibacter stercoravium
OTU856_Anaeromassilibacillus stercoravium,Bacteria,Bacillota,Clostridia,Oscillospirales,Acutalibacteraceae,Anaeromassilibacillus,Anaeromassilibacillus stercoravium
OTU857_Onthomonas sp900752305,Bacteria,Bacillota,Clostridia,Oscillospirales,Oscillospiraceae,Onthomonas,Onthomonas sp900752305
OTU858_Collinsella sp003458415,Bacteria,Actinomycetota,Coriobacteriia,Coriobacteriales,Coriobacteriaceae,Collinsella,Collinsella sp003458415
OTU859_Collinsella sp902469555,Bacteria,Actinomycetota,Coriobacteriia,Coriobacteriales,Coriobacteriaceae,Collinsella,Collinsella sp902469555
OTU860_Parabacteroides gordonii,Bacteria,Bacteroidota,Bacteroidia,Bacteroidales,Tannerellaceae,Parabacteroides,Parabacteroides gordonii
OTU861_Acetatifactor sp945929965,Bacteria,Bacillota,Clostridia,Lachnospirales,Lachnospiraceae,Acetatifactor,Acetatifactor sp945929965
OTU862_Laedolimicola sp963559965,Bacteria,Bacillota,Clostridia,Lachnospirales,Lachnospiraceae,Laedolimicola,Laedolimicola sp963559965
OTU863_UMGS1370 sp900542035,Bacteria,Bacillota,Clostridia,Lachnospirales,Lachnospiraceae,UMGS1370,UMGS1370 sp900542035
OTU864_UMGS1370 sp963557065,Bacteria,Bacillota,Clostridia,Lachnospirales,Lachnospiraceae,UMGS1370,UMGS1370 sp963557065
OTU865_Otoolea sp000435655,Bacteria,Bacillota,Clostridia,Lachnospirales,Lachnospiraceae,Otoolea,Otoolea sp000435655
OTU866_CAG-882 sp958446835,Bacteria,Bacillota,Clostridia,Lachnospirales,Lachnospiraceae,CAG-882,CAG-882 sp958446835
OTU867_COE1 sp963596435,Bacteria,Bacillota,Clostridia,Lachnospirales,Lachnospiraceae,COE1,COE1 sp963596435
OTU868_Anaerotignum sp958420075,Bacteria,Bacillota,Clostridia,Lachnospirales,Anaerotignaceae,Anaerotignum,Anaerotignum sp958420075
OTU869_Metalachnospira sp900546215,Bacteria,Bacillota,Clostridia,Lachnospirales,Anaerotignaceae,Metalachnospira,Metalachnospira sp900546215
OTU870_Faecalibacterium sp003449675,Bacteria,Bacillota,Clostridia,Oscillospirales,Ruminococcaceae,Faecalibacterium,Faecalibacterium sp003449675
OTU871_Vescimonas sp900545495,Bacteria,Bacillota,Clostridia,Oscillospirales,Oscillospiraceae,Vescimonas,Vescimonas sp900545495
OTU872_Pseudoflavonifractor_A sp022772585,Bacteria,Bacillota,Clostridia,Oscillospirales,Oscillospiraceae,Pseudoflavonifractor_A,Pseudoflavonifractor_A sp022772585
OTU873_CAG-269 sp000438255,Bacteria,Bacillota,Clostridia,TANB77,CAG-508,CAG-269,CAG-269 sp000438255
OTU874_JAETTH01 sp021769225,Bacteria,Bacillota,Clostridia,TANB77,CAG-508,JAETTH01,JAETTH01 sp021769225
OTU875_Clostridium_AQ sp000165065,Bacteria,Bacillota,Bacilli,Erysipelotrichales,Erysipelotrichaceae,Clostridium_AQ,Clostridium_AQ sp000165065
OTU876_Holdemania massiliensis_A,Bacteria,Bacillota,Bacilli,Erysipelotrichales,Erysipelotrichaceae,Holdemania,Holdemania massiliensis_A
OTU877_Fusobacterium periodonticum_B,Bacteria,Fusobacteriota,Fusobacteriia,Fusobacteriales,Fusobacteriaceae,Fusobacterium,Fusobacterium periodonticum_B
OTU878_Limenecus sp944322725,Bacteria,Cyanobacteriota,Vampirovibrionia,Gastranaerophilales,Gastranaerophilaceae,Limenecus,Limenecus sp944322725
OTU879_Salmonella enterica,Bacteria,Pseudomonadota,Gammaproteobacteria,Enterobacterales,Enterobacteriaceae,Salmonella,Salmonella enterica
OTU880_Haemophilus_D parainfluenzae_AE,Bacteria,Pseudomonadota,Gammaproteobacteria,Enterobacterales,Pasteurellaceae,Haemophilus_D,Haemophilus_D parainfluenzae_AE
OTU881_Senegalimassilia sp900550055,Bacteria,Actinomycetota,Coriobacteriia,Coriobacteriales,Eggerthellaceae,Senegalimassilia,Senegalimassilia sp900550055
OTU882_Collinsella sp959019945,Bacteria,Actinomycetota,Coriobacteriia,Coriobacteriales,Coriobacteriaceae,Collinsella,Collinsella sp959019945
OTU883_Collinsella sp900549655,Bacteria,Actinomycetota,Coriobacteriia,Coriobacteriales,Coriobacteriaceae,Collinsella,Collinsella sp900549655
OTU884_Prevotella copri_I,Bacteria,Bacteroidota,Bacteroidia,Bacteroidales,Bacteroidaceae,Prevotella,Prevotella copri_I
OTU885_Methanomassiliicoccus_A intestinalis,Archaea,Thermoplasmatota,Thermoplasmata,Methanomassiliicoccales,Methanomassiliicoccaceae,Methanomassiliicoccus_A,Methanomassiliicoccus_A intestinalis
OTU886_SFEL01 sp937900325,Bacteria,Bacillota,Clostridia,Christensenellales,CAG-138,SFEL01,SFEL01 sp937900325
OTU887_Phil1 sp963608365,Bacteria,Bacillota,Clostridia,Christensenellales,CAG-138,Phil1,Phil1 sp963608365
OTU888_Limiplasma sp944349545,Bacteria,Bacillota,Clostridia,Christensenellales,Aristaeellaceae,Limiplasma,Limiplasma sp944349545
OTU889_CAG-238 sp900551415,Bacteria,Bacillota,Clostridia,Peptostreptococcales,Anaerovoracaceae,CAG-238,CAG-238 sp900551415
OTU890_UMGS1312 sp900550625,Bacteria,Bacillota,Clostridia,Oscillospirales,CAG-272,UMGS1312,UMGS1312 sp900550625
OTU891_Merdibacter merdipullorum,Bacteria,Bacillota,Bacilli,Erysipelotrichales,Erysipelotrichaceae,Merdibacter,Merdibacter merdipullorum
OTU892_Onthousia sp000438295,Bacteria,Bacillota,Bacilli,RF39,UBA660,Onthousia,Onthousia sp000438295
OTU893_Onthousia sp934130265,Bacteria,Bacillota,Bacilli,RF39,UBA660,Onthousia,Onthousia sp934130265
OTU894_Collinsella sp900540895,Bacteria,Actinomycetota,Coriobacteriia,Coriobacteriales,Coriobacteriaceae,Collinsella,Collinsella sp900540895
OTU895_Enterocloster sp900543885,Bacteria,Bacillota,Clostridia,Lachnospirales,Lachnospiraceae,Enterocloster,Enterocloster sp900543885
OTU896_Pilosibacter sp934370915,Bacteria,Bacillota,Clostridia,Lachnospirales,Lachnospiraceae,Pilosibacter,Pilosibacter sp934370915
OTU897_Blautia_A wexlerae_B,Bacteria,Bacillota,Clostridia,Lachnospirales,Lachnospiraceae,Blautia_A,Blautia_A wexlerae_B
OTU898_Blautia_A luti,Bacteria,Bacillota,Clostridia,Lachnospirales,Lachnospiraceae,Blautia_A,Blautia_A luti
OTU899_Roseburia rectibacter,Bacteria,Bacillota,Clostridia,Lachnospirales,Lachnospiraceae,Roseburia,Roseburia rectibacter
OTU900_Collinsella aerofaciens_R,Bacteria,Actinomycetota,Coriobacteriia,Coriobacteriales,Coriobacteriaceae,Collinsella,Collinsella aerofaciens_R
OTU901_Haemophilus_D parainfluenzae_AD,Bacteria,Pseudomonadota,Gammaproteobacteria,Enterobacterales,Pasteurellaceae,Haemophilus_D,Haemophilus_D parainfluenzae_AD
OTU902_Haemophilus_D parainfluenzae_M,Bacteria,Pseudomonadota,Gammaproteobacteria,Enterobacterales,Pasteurellaceae,Haemophilus_D,Haemophilus_D parainfluenzae_M
OTU903_Haemophilus_D sp900764435,Bacteria,Pseudomonadota,Gammaproteobacteria,Enterobacterales,Pasteurellaceae,Haemophilus_D,Haemophilus_D sp900764435
OTU904_Pseudomonas_E proteolytica,Bacteria,Pseudomonadota,Gammaproteobacteria,Pseudomonadales,Pseudomonadaceae,Pseudomonas_E,Pseudomonas_E proteolytica
OTU905_Pseudomonas_E helleri,Bacteria,Pseudomonadota,Gammaproteobacteria,Pseudomonadales,Pseudomonadaceae,Pseudomonas_E,Pseudomonas_E helleri
OTU906_Prevotella sp900313215,Bacteria,Bacteroidota,Bacteroidia,Bacteroidales,Bacteroidaceae,Prevotella,Prevotella sp900313215
OTU907_Prevotella copri_C,Bacteria,Bacteroidota,Bacteroidia,Bacteroidales,Bacteroidaceae,Prevotella,Prevotella copri_C
OTU908_Moryella longum,Bacteria,Bacillota,Clostridia,Lachnospirales,Lachnospiraceae,Moryella,Moryella longum
OTU909_Moryella sp937924975,Bacteria,Bacillota,Clostridia,Lachnospirales,Lachnospiraceae,Moryella,Moryella sp937924975
OTU910_F0428 sp003043955,Bacteria,Bacillota,Clostridia,Lachnospirales,Lachnospiraceae,F0428,F0428 sp003043955
OTU911_Bulleidia sp938041275,Bacteria,Bacillota,Bacilli,Erysipelotrichales,Erysipelotrichaceae,Bulleidia,Bulleidia sp938041275
OTU912_Veillonella sp019414865,Bacteria,Bacillota,Negativicutes,Veillonellales,Veillonellaceae,Veillonella,Veillonella sp019414865
OTU913_Haemophilus_D sp927911595,Bacteria,Pseudomonadota,Gammaproteobacteria,Enterobacterales,Pasteurellaceae,Haemophilus_D,Haemophilus_D sp927911595
OTU914_Pauljensenia sp963531605,Bacteria,Actinomycetota,Actinomycetes,Actinomycetales,Actinomycetaceae,Pauljensenia,Pauljensenia sp963531605
OTU915_Pauljensenia variabilis,Bacteria,Actinomycetota,Actinomycetes,Actinomycetales,Actinomycetaceae,Pauljensenia,Pauljensenia variabilis
OTU916_Actinomyces johnsonii,Bacteria,Actinomycetota,Actinomycetes,Actinomycetales,Actinomycetaceae,Actinomyces,Actinomyces johnsonii
OTU917_Rothia sp001836735,Bacteria,Actinomycetota,Actinomycetes,Actinomycetales,Micrococcaceae,Rothia,Rothia sp001836735
OTU918_Collinsella aerofaciens_AU,Bacteria,Actinomycetota,Coriobacteriia,Coriobacteriales,Coriobacteriaceae,Collinsella,Collinsella aerofaciens_AU
OTU919_Collinsella sp900765115,Bacteria,Actinomycetota,Coriobacteriia,Coriobacteriales,Coriobacteriaceae,Collinsella,Collinsella sp900765115
OTU920_Collinsella aerofaciens_BN,Bacteria,Actinomycetota,Coriobacteriia,Coriobacteriales,Coriobacteriaceae,Collinsella,Collinsella aerofaciens_BN
OTU921_Collinsella sp900541065,Bacteria,Actinomycetota,Coriobacteriia,Coriobacteriales,Coriobacteriaceae,Collinsella,Collinsella sp900541065
OTU922_Collinsella sp900545605,Bacteria,Actinomycetota,Coriobacteriia,Coriobacteriales,Coriobacteriaceae,Collinsella,Collinsella sp900545605
OTU923_Collinsella sp902478885,Bacteria,Actinomycetota,Coriobacteriia,Coriobacteriales,Coriobacteriaceae,Collinsella,Collinsella sp902478885
OTU924_Escherichia ruysiae,Bacteria,Pseudomonadota,Gammaproteobacteria,Enterobacterales,Enterobacteriaceae,Escherichia,Escherichia ruysiae
OTU925_Prevotella corporis,Bacteria,Bacteroidota,Bacteroidia,Bacteroidales,Bacteroidaceae,Prevotella,Prevotella corporis
OTU926_CAG-1031 sp000431215,Bacteria,Bacteroidota,Bacteroidia,Bacteroidales,Muribaculaceae,CAG-1031,CAG-1031 sp000431215
OTU927_Akkermansia sp021202525,Bacteria,Verrucomicrobiota,Verrucomicrobiia,Verrucomicrobiales,Akkermansiaceae,Akkermansia,Akkermansia sp021202525
OTU928_Hominicoprocola sp937884915,Bacteria,Bacillota,Clostridia,Oscillospirales,Oscillospiraceae,Hominicoprocola,Hominicoprocola sp937884915
OTU929_Veillonella parvula_E,Bacteria,Bacillota,Negativicutes,Veillonellales,Veillonellaceae,Veillonella,Veillonella parvula_E
OTU930_Limosilactobacillus sp039955095,Bacteria,Bacillota,Bacilli,Lactobacillales,Lactobacillaceae,Limosilactobacillus,Limosilactobacillus sp039955095
OTU931_Lacticaseibacillus paracasei,Bacteria,Bacillota,Bacilli,Lactobacillales,Lactobacillaceae,Lacticaseibacillus,Lacticaseibacillus paracasei
OTU932_Haemophilus_D parainfluenzae_Q,Bacteria,Pseudomonadota,Gammaproteobacteria,Enterobacterales,Pasteurellaceae,Haemophilus_D,Haemophilus_D parainfluenzae_Q
OTU933_Haemophilus_D parainfluenzae_Z,Bacteria,Pseudomonadota,Gammaproteobacteria,Enterobacterales,Pasteurellaceae,Haemophilus_D,Haemophilus_D parainfluenzae_Z
OTU934_Haemophilus_D parainfluenzae_N,Bacteria,Pseudomonadota,Gammaproteobacteria,Enterobacterales,Pasteurellaceae,Haemophilus_D,Haemophilus_D parainfluenzae_N
OTU935_Haemophilus_D sp900756155,Bacteria,Pseudomonadota,Gammaproteobacteria,Enterobacterales,Pasteurellaceae,Haemophilus_D,Haemophilus_D sp900756155
OTU936_Collinsella sp900547855,Bacteria,Actinomycetota,Coriobacteriia,Coriobacteriales,Coriobacteriaceae,Collinsella,Collinsella sp900547855
OTU937_Brotaphodocola sp003481825,Bacteria,Bacillota,Clostridia,Lachnospirales,Lachnospiraceae,Brotaphodocola,Brotaphodocola sp003481825
OTU938_Blautia sp900541955,Bacteria,Bacillota,Clostridia,Lachnospirales,Lachnospiraceae,Blautia,Blautia sp900541955
OTU939_Bifidobacterium breve,Bacteria,Actinomycetota,Actinomycetes,Actinomycetales,Bifidobacteriaceae,Bifidobacterium,Bifidobacterium breve
OTU940_Mesosutterella multiformis,Bacteria,Pseudomonadota,Gammaproteobacteria,Burkholderiales,Burkholderiaceae,Mesosutterella,Mesosutterella multiformis
OTU941_Alistipes sp001941065,Bacteria,Bacteroidota,Bacteroidia,Bacteroidales,Rikenellaceae,Alistipes,Alistipes sp001941065
OTU942_Klebsiella planticola,Bacteria,Pseudomonadota,Gammaproteobacteria,Enterobacterales,Enterobacteriaceae,Klebsiella,Klebsiella planticola
OTU943_Klebsiella ornithinolytica,Bacteria,Pseudomonadota,Gammaproteobacteria,Enterobacterales,Enterobacteriaceae,Klebsiella,Klebsiella ornithinolytica
OTU944_Enterobacter kobei,Bacteria,Pseudomonadota,Gammaproteobacteria,Enterobacterales,Enterobacteriaceae,Enterobacter,Enterobacter kobei
OTU945_Bifidobacterium sp959020145,Bacteria,Actinomycetota,Actinomycetes,Actinomycetales,Bifidobacteriaceae,Bifidobacterium,Bifidobacterium sp959020145
OTU946_Pseudoflavonifractor_A sp018374635,Bacteria,Bacillota,Clostridia,Oscillospirales,Oscillospiraceae,Pseudoflavonifractor_A,Pseudoflavonifractor_A sp018374635
OTU947_Eubacterium_R sp963661525,Bacteria,Bacillota,Clostridia,Oscillospirales,Acutalibacteraceae,Eubacterium_R,Eubacterium_R sp963661525
OTU948_Eubacterium_I sp934295145,Bacteria,Bacillota,Clostridia,Lachnospirales,Lachnospiraceae,Eubacterium_I,Eubacterium_I sp934295145
OTU949_UBA9414 sp003458885,Bacteria,Bacillota,Clostridia,Lachnospirales,Lachnospiraceae,UBA9414,UBA9414 sp003458885
OTU950_Eubacterium_G sp900548465,Bacteria,Bacillota,Clostridia,Lachnospirales,Lachnospiraceae,Eubacterium_G,Eubacterium_G sp900548465
OTU951_JAGZHZ01 sp018366495,Bacteria,Bacillota,Clostridia,Lachnospirales,Lachnospiraceae,JAGZHZ01,JAGZHZ01 sp018366495
OTU952_Ligilactobacillus animalis,Bacteria,Bacillota,Bacilli,Lactobacillales,Lactobacillaceae,Ligilactobacillus,Ligilactobacillus animalis
OTU953_Lacticaseibacillus rhamnosus,Bacteria,Bacillota,Bacilli,Lactobacillales,Lactobacillaceae,Lacticaseibacillus,Lacticaseibacillus rhamnosus
OTU954_Collinsella sp900541855,Bacteria,Actinomycetota,Coriobacteriia,Coriobacteriales,Coriobacteriaceae,Collinsella,Collinsella sp900541855
OTU955_Collinsella sp902491935,Bacteria,Actinomycetota,Coriobacteriia,Coriobacteriales,Coriobacteriaceae,Collinsella,Collinsella sp902491935
OTU956_Phocaeicola sp019414725,Bacteria,Bacteroidota,Bacteroidia,Bacteroidales,Bacteroidaceae,Phocaeicola,Phocaeicola sp019414725
OTU957_Collinsella sp018368055,Bacteria,Actinomycetota,Coriobacteriia,Coriobacteriales,Coriobacteriaceae,Collinsella,Collinsella sp018368055
OTU958_Paratractidigestivibacter sp003150175,Bacteria,Actinomycetota,Coriobacteriia,Coriobacteriales,Atopobiaceae,Paratractidigestivibacter,Paratractidigestivibacter sp003150175
OTU959_Paratractidigestivibacter faecalis,Bacteria,Actinomycetota,Coriobacteriia,Coriobacteriales,Atopobiaceae,Paratractidigestivibacter,Paratractidigestivibacter faecalis
OTU960_QAMH01 sp003149935,Bacteria,Actinomycetota,Coriobacteriia,Coriobacteriales,QAMH01,QAMH01,QAMH01 sp003149935
OTU961_Dialister sp934193095,Bacteria,Bacillota,Negativicutes,Veillonellales,Dialisteraceae,Dialister,Dialister sp934193095
OTU962_Dialister sp021633965,Bacteria,Bacillota,Negativicutes,Veillonellales,Dialisteraceae,Dialister,Dialister sp021633965
OTU963_Dialister saccharivorans_A,Bacteria,Bacillota,Negativicutes,Veillonellales,Dialisteraceae,Dialister,Dialister saccharivorans_A
OTU964_Megasphaera intestinihominis,Bacteria,Bacillota,Negativicutes,Veillonellales,Megasphaeraceae,Megasphaera,Megasphaera intestinihominis
OTU965_Mitsuokella jalaludinii,Bacteria,Bacillota,Negativicutes,Selenomonadales,Selenomonadaceae,Mitsuokella,Mitsuokella jalaludinii
OTU966_Muricoprocola aceti,Bacteria,Bacillota,Clostridia,Lachnospirales,Lachnospiraceae,Muricoprocola,Muricoprocola aceti
OTU967_Streptococcus parasanguinis_L,Bacteria,Bacillota,Bacilli,Lactobacillales,Streptococcaceae,Streptococcus,Streptococcus parasanguinis_L
OTU968_Alloprevotella sp000437675,Bacteria,Bacteroidota,Bacteroidia,Bacteroidales,Bacteroidaceae,Alloprevotella,Alloprevotella sp000437675
OTU969_Limisoma sp000437795,Bacteria,Bacteroidota,Bacteroidia,Bacteroidales,Muribaculaceae,Limisoma,Limisoma sp000437795
OTU970_Faecalibacterium intestinale,Bacteria,Bacillota,Clostridia,Oscillospirales,Ruminococcaceae,Faecalibacterium,Faecalibacterium intestinale
OTU971_CAG-349 sp003539515,Bacteria,Bacillota,Clostridia,Christensenellales,CAG-917,CAG-349,CAG-349 sp003539515
OTU972_CAG-452 sp000434035,Bacteria,Bacillota,Clostridia,TANB77,CAG-508,CAG-452,CAG-452 sp000434035
OTU973_Onthocola_B sp000437355,Bacteria,Bacillota,Bacilli,RF39,UBA660,Onthocola_B,Onthocola_B sp000437355
OTU974_URXU01 sp949285135,Bacteria,Bacillota,Negativicutes,Acidaminococcales,Acidaminococcaceae,URXU01,URXU01 sp949285135
OTU975_URXU01 sp900541915,Bacteria,Bacillota,Negativicutes,Acidaminococcales,Acidaminococcaceae,URXU01,URXU01 sp900541915
OTU976_URXU01 sp900552005,Bacteria,Bacillota,Negativicutes,Acidaminococcales,Acidaminococcaceae,URXU01,URXU01 sp900552005
OTU977_URXU01 sp947629685,Bacteria,Bacillota,Negativicutes,Acidaminococcales,Acidaminococcaceae,URXU01,URXU01 sp947629685
OTU978_Borkfalkia stercoripullorum,Bacteria,Bacillota,Clostridia,Christensenellales,Borkfalkiaceae,Borkfalkia,Borkfalkia stercoripullorum
OTU979_Borkfalkia sp904419945,Bacteria,Bacillota,Clostridia,Christensenellales,Borkfalkiaceae,Borkfalkia,Borkfalkia sp904419945
OTU980_UBA10677 sp900760475,Bacteria,Bacillota,Clostridia,Christensenellales,Pumilibacteraceae,UBA10677,UBA10677 sp900760475
OTU981_HGM11386 sp900761915,Bacteria,Bacillota,Clostridia,Christensenellales,Pumilibacteraceae,HGM11386,HGM11386 sp900761915
OTU982_UBA1428 sp002329335,Bacteria,Bacillota,Clostridia,Christensenellales,UBA1750,UBA1428,UBA1428 sp002329335
OTU983_Christensenella massiliensis,Bacteria,Bacillota,Clostridia,Christensenellales,Christensenellaceae,Christensenella,Christensenella massiliensis
OTU984_UMGS1783 sp905209135,Bacteria,Bacillota,Clostridia,Oscillospirales,UMGS1783,UMGS1783,UMGS1783 sp905209135
OTU985_UMGS1591 sp905198295,Bacteria,Bacillota,Clostridia,Oscillospirales,Acutalibacteraceae,UMGS1591,UMGS1591 sp905198295
OTU986_Oscillibacter sp018228705,Bacteria,Bacillota,Clostridia,Oscillospirales,Oscillospiraceae,Oscillibacter,Oscillibacter sp018228705
OTU987_Scatomorpha sp900545405,Bacteria,Bacillota,Clostridia,Oscillospirales,Oscillospiraceae,Scatomorpha,Scatomorpha sp900545405
OTU988_CAKTWY01 sp934630445,Bacteria,Bacillota,Clostridia,Oscillospirales,Butyricicoccaceae,CAKTWY01,CAKTWY01 sp934630445
OTU989_HGM12669 sp900761935,Bacteria,Bacillota,Clostridia,Oscillospirales,CAG-272,HGM12669,HGM12669 sp900761935
OTU990_Gabonibacter massiliensis,Bacteria,Bacteroidota,Bacteroidia,Bacteroidales,Marinifilaceae,Gabonibacter,Gabonibacter massiliensis
OTU991_Streptococcus parasanguinis_X,Bacteria,Bacillota,Bacilli,Lactobacillales,Streptococcaceae,Streptococcus,Streptococcus parasanguinis_X
OTU992_Klebsiella michiganensis,Bacteria,Pseudomonadota,Gammaproteobacteria,Enterobacterales,Enterobacteriaceae,Klebsiella,Klebsiella michiganensis
OTU993_Blautia_A sp003477525,Bacteria,Bacillota,Clostridia,Lachnospirales,Lachnospiraceae,Blautia_A,Blautia_A sp003477525
OTU994_Terrisporobacter sp022782605,Bacteria,Bacillota,Clostridia,Peptostreptococcales,Peptostreptococcaceae,Terrisporobacter,Terrisporobacter sp022782605
OTU995_Streptococcus sp963545685,Bacteria,Bacillota,Bacilli,Lactobacillales,Streptococcaceae,Streptococcus,Streptococcus sp963545685
OTU996_Mesosutterella massiliensis,Bacteria,Pseudomonadota,Gammaproteobacteria,Burkholderiales,Burkholderiaceae,Mesosutterella,Mesosutterella massiliensis
OTU997_Mediterraneibacter_A sp934418295,Bacteria,Bacillota,Clostridia,Lachnospirales,Lachnospiraceae,Mediterraneibacter_A,Mediterraneibacter_A sp934418295
OTU998_Borkfalkia sp949291725,Bacteria,Bacillota,Clostridia,Christensenellales,Borkfalkiaceae,Borkfalkia,Borkfalkia sp949291725
OTU999_Protoclostridium sp944372345,Bacteria,Bacillota,Clostridia,Christensenellales,Pumilibacteraceae,Protoclostridium,Protoclostridium sp944372345
OTU1000_Egerieisoma sp900552695,Bacteria,Bacillota,Clostridia,UBA1212,UBA1255,Egerieisoma,Egerieisoma sp900552695
OTU1001_Pelethomonas sp963557105,Bacteria,Bacillota,Clostridia,Oscillospirales,Oscillospiraceae,Pelethomonas,Pelethomonas sp963557105
OTU1002_Heritagella sp905215105,Bacteria,Bacillota,Clostridia,Oscillospirales,Acutalibacteraceae,Heritagella,Heritagella sp905215105
OTU1003_UMGS902 sp958352145,Bacteria,Bacillota,Clostridia,Oscillospirales,CAG-272,UMGS902,UMGS902 sp958352145
OTU1004_CAG-269 sp001916065,Bacteria,Bacillota,Clostridia,TANB77,CAG-508,CAG-269,CAG-269 sp001916065
OTU1005_CAG-269 sp934120675,Bacteria,Bacillota,Clostridia,TANB77,CAG-508,CAG-269,CAG-269 sp934120675
OTU1006_CAG-269 sp001916035,Bacteria,Bacillota,Clostridia,TANB77,CAG-508,CAG-269,CAG-269 sp001916035
OTU1007_CAG-269 sp934177795,Bacteria,Bacillota,Clostridia,TANB77,CAG-508,CAG-269,CAG-269 sp934177795
OTU1008_CAG-273 sp003507395,Bacteria,Bacillota,Clostridia,TANB77,CAG-508,CAG-273,CAG-273 sp003507395
OTU1009_Clostridium sp900539375,Bacteria,Bacillota,Clostridia,Clostridiales,Clostridiaceae,Clostridium,Clostridium sp900539375
OTU1010_Allisonella histaminiformans,Bacteria,Bacillota,Negativicutes,Veillonellales,Dialisteraceae,Allisonella,Allisonella histaminiformans
OTU1011_Phascolarctobacterium_A sp900547415,Bacteria,Bacillota,Negativicutes,Acidaminococcales,Acidaminococcaceae,Phascolarctobacterium_A,Phascolarctobacterium_A sp900547415
OTU1012_Collinsella sp902464575,Bacteria,Actinomycetota,Coriobacteriia,Coriobacteriales,Coriobacteriaceae,Collinsella,Collinsella sp902464575
OTU1013_QAMH01 sp900544245,Bacteria,Actinomycetota,Coriobacteriia,Coriobacteriales,QAMH01,QAMH01,QAMH01 sp900544245
OTU1014_Pauljensenia turicensis_B,Bacteria,Actinomycetota,Actinomycetes,Actinomycetales,Actinomycetaceae,Pauljensenia,Pauljensenia turicensis_B
OTU1015_Parolsenella sp900544655,Bacteria,Actinomycetota,Coriobacteriia,Coriobacteriales,Atopobiaceae,Parolsenella,Parolsenella sp900544655
OTU1016_Parolsenella sp958406235,Bacteria,Actinomycetota,Coriobacteriia,Coriobacteriales,Atopobiaceae,Parolsenella,Parolsenella sp958406235
OTU1017_Collinsella sp902493835,Bacteria,Actinomycetota,Coriobacteriia,Coriobacteriales,Coriobacteriaceae,Collinsella,Collinsella sp902493835
OTU1018_JAGZEG01 sp018368455,Bacteria,Actinomycetota,Coriobacteriia,Coriobacteriales,UMGS124,JAGZEG01,JAGZEG01 sp018368455
OTU1019_Scatavimonas sp900540275,Bacteria,Bacillota,Clostridia,Oscillospirales,Acutalibacteraceae,Scatavimonas,Scatavimonas sp900540275
OTU1020_Murimonas intestini,Bacteria,Bacillota,Clostridia,Lachnospirales,Lachnospiraceae,Murimonas,Murimonas intestini
OTU1021_Intestinibacter bartlettii_A,Bacteria,Bacillota,Clostridia,Peptostreptococcales,Peptostreptococcaceae,Intestinibacter,Intestinibacter bartlettii_A
OTU1022_Peptococcus niger,Bacteria,Bacillota,Peptococcia,Peptococcales,Peptococcaceae,Peptococcus,Peptococcus niger
OTU1023_Akkermansia massiliensis,Bacteria,Verrucomicrobiota,Verrucomicrobiia,Verrucomicrobiales,Akkermansiaceae,Akkermansia,Akkermansia massiliensis
OTU1024_Mailhella sp905187505,Bacteria,Desulfobacterota_I,Desulfovibrionia,Desulfovibrionales,Desulfovibrionaceae,Mailhella,Mailhella sp905187505
OTU1025_Mailhella sp037230945,Bacteria,Desulfobacterota_I,Desulfovibrionia,Desulfovibrionales,Desulfovibrionaceae,Mailhella,Mailhella sp037230945
OTU1026_Mailhella sp905192935,Bacteria,Desulfobacterota_I,Desulfovibrionia,Desulfovibrionales,Desulfovibrionaceae,Mailhella,Mailhella sp905192935
OTU1027_Limivivens sp934393555,Bacteria,Bacillota,Clostridia,Lachnospirales,Lachnospiraceae,Limivivens,Limivivens sp934393555
OTU1028_Streptococcus mitis_CL,Bacteria,Bacillota,Bacilli,Lactobacillales,Streptococcaceae,Streptococcus,Streptococcus mitis_CL
OTU1029_Collinsella sp003438495,Bacteria,Actinomycetota,Coriobacteriia,Coriobacteriales,Coriobacteriaceae,Collinsella,Collinsella sp003438495
OTU1030_Haemophilus_D sp001679485,Bacteria,Pseudomonadota,Gammaproteobacteria,Enterobacterales,Pasteurellaceae,Haemophilus_D,Haemophilus_D sp001679485
OTU1031_Collinsella sp037237765,Bacteria,Actinomycetota,Coriobacteriia,Coriobacteriales,Coriobacteriaceae,Collinsella,Collinsella sp037237765
OTU1032_Collinsella sp905215445,Bacteria,Actinomycetota,Coriobacteriia,Coriobacteriales,Coriobacteriaceae,Collinsella,Collinsella sp905215445
OTU1033_Collinsella sp958415665,Bacteria,Actinomycetota,Coriobacteriia,Coriobacteriales,Coriobacteriaceae,Collinsella,Collinsella sp958415665
OTU1034_Lancefieldella rimae,Bacteria,Actinomycetota,Coriobacteriia,Coriobacteriales,Atopobiaceae,Lancefieldella,Lancefieldella rimae
OTU1035_Lancefieldella sp024691995,Bacteria,Actinomycetota,Coriobacteriia,Coriobacteriales,Atopobiaceae,Lancefieldella,Lancefieldella sp024691995
OTU1036_Mogibacterium timidum,Bacteria,Bacillota,Clostridia,Peptostreptococcales,Anaerovoracaceae,Mogibacterium,Mogibacterium timidum
OTU1037_Bulleidia moorei,Bacteria,Bacillota,Bacilli,Erysipelotrichales,Erysipelotrichaceae,Bulleidia,Bulleidia moorei
OTU1038_Streptococcus hominis,Bacteria,Bacillota,Bacilli,Lactobacillales,Streptococcaceae,Streptococcus,Streptococcus hominis
OTU1039_Streptococcus vaginalis,Bacteria,Bacillota,Bacilli,Lactobacillales,Streptococcaceae,Streptococcus,Streptococcus vaginalis
OTU1040_Veillonella nakazawae,Bacteria,Bacillota,Negativicutes,Veillonellales,Veillonellaceae,Veillonella,Veillonella nakazawae
OTU1041_Prevotella oris,Bacteria,Bacteroidota,Bacteroidia,Bacteroidales,Bacteroidaceae,Prevotella,Prevotella oris
OTU1042_Prevotella nigrescens,Bacteria,Bacteroidota,Bacteroidia,Bacteroidales,Bacteroidaceae,Prevotella,Prevotella nigrescens
OTU1043_Alloprevotella tannerae_A,Bacteria,Bacteroidota,Bacteroidia,Bacteroidales,Bacteroidaceae,Alloprevotella,Alloprevotella tannerae_A
OTU1044_Alloprevotella tannerae,Bacteria,Bacteroidota,Bacteroidia,Bacteroidales,Bacteroidaceae,Alloprevotella,Alloprevotella tannerae
OTU1045_Fusobacterium sp963524875,Bacteria,Fusobacteriota,Fusobacteriia,Fusobacteriales,Fusobacteriaceae,Fusobacterium,Fusobacterium sp963524875
OTU1046_Fusobacterium animalis,Bacteria,Fusobacteriota,Fusobacteriia,Fusobacteriales,Fusobacteriaceae,Fusobacterium,Fusobacterium animalis
OTU1047_Fusobacterium simiae,Bacteria,Fusobacteriota,Fusobacteriia,Fusobacteriales,Fusobacteriaceae,Fusobacterium,Fusobacterium simiae
OTU1048_Cetobacterium_A somerae,Bacteria,Fusobacteriota,Fusobacteriia,Fusobacteriales,Fusobacteriaceae,Cetobacterium_A,Cetobacterium_A somerae
OTU1049_Massiliimalia massiliensis,Bacteria,Bacillota,Clostridia,Oscillospirales,Ruminococcaceae,Massiliimalia,Massiliimalia massiliensis
OTU1050_Hominicoprocola sp937915075,Bacteria,Bacillota,Clostridia,Oscillospirales,Oscillospiraceae,Hominicoprocola,Hominicoprocola sp937915075
OTU1051_Streptococcus parasanguinis,Bacteria,Bacillota,Bacilli,Lactobacillales,Streptococcaceae,Streptococcus,Streptococcus parasanguinis
OTU1052_Streptococcus raffinosi,Bacteria,Bacillota,Bacilli,Lactobacillales,Streptococcaceae,Streptococcus,Streptococcus raffinosi
OTU1053_QAMH01 sp025992705,Bacteria,Actinomycetota,Coriobacteriia,Coriobacteriales,QAMH01,QAMH01,QAMH01 sp025992705
OTU1054_QAMH01 sp900556425,Bacteria,Actinomycetota,Coriobacteriia,Coriobacteriales,QAMH01,QAMH01,QAMH01 sp900556425
OTU1055_Plesiomonas shigelloides,Bacteria,Pseudomonadota,Gammaproteobacteria,Enterobacterales,Enterobacteriaceae,Plesiomonas,Plesiomonas shigelloides
OTU1056_Beduini sp902363625,Bacteria,Bacillota,Bacilli,Erysipelotrichales,Coprobacillaceae,Beduini,Beduini sp902363625
OTU1057_Beduini massiliensis,Bacteria,Bacillota,Bacilli,Erysipelotrichales,Coprobacillaceae,Beduini,Beduini massiliensis
OTU1058_Longibaculum muris,Bacteria,Bacillota,Bacilli,Erysipelotrichales,Coprobacillaceae,Longibaculum,Longibaculum muris
OTU1059_Blautia hansenii,Bacteria,Bacillota,Clostridia,Lachnospirales,Lachnospiraceae,Blautia,Blautia hansenii
OTU1060_Enterocloster clostridioformis,Bacteria,Bacillota,Clostridia,Lachnospirales,Lachnospiraceae,Enterocloster,Enterocloster clostridioformis
OTU1061_Anaerobutyricum stercoris,Bacteria,Bacillota,Clostridia,Lachnospirales,Lachnospiraceae,Anaerobutyricum,Anaerobutyricum stercoris
OTU1062_Claveliimonas monacensis,Bacteria,Bacillota,Clostridia,Lachnospirales,Lachnospiraceae,Claveliimonas,Claveliimonas monacensis
OTU1063_Anaerostipes rhamnosivorans,Bacteria,Bacillota,Clostridia,Lachnospirales,Lachnospiraceae,Anaerostipes,Anaerostipes rhamnosivorans
OTU1064_An181 sp002160325,Bacteria,Bacillota,Clostridia,Lachnospirales,Lachnospiraceae,An181,An181 sp002160325
OTU1065_Lactonifactor sp009677585,Bacteria,Bacillota,Clostridia,Lachnospirales,Lachnospiraceae,Lactonifactor,Lactonifactor sp009677585
OTU1066_Pseudoruminococcus_B merdavium,Bacteria,Bacillota,Clostridia,Oscillospirales,Ruminococcaceae,Pseudoruminococcus_B,Pseudoruminococcus_B merdavium
OTU1067_JAGZMM01 sp951801675,Bacteria,Bacillota,Clostridia,Oscillospirales,Acutalibacteraceae,JAGZMM01,JAGZMM01 sp951801675
OTU1068_CAJFUH01 sp022799115,Bacteria,Bacillota,Clostridia,Oscillospirales,Acutalibacteraceae,CAJFUH01,CAJFUH01 sp022799115
OTU1069_Clostridium tertium,Bacteria,Bacillota,Clostridia,Clostridiales,Clostridiaceae,Clostridium,Clostridium tertium
OTU1070_Veillonella sp915066865,Bacteria,Bacillota,Negativicutes,Veillonellales,Veillonellaceae,Veillonella,Veillonella sp915066865
OTU1071_Veillonella parvula_K,Bacteria,Bacillota,Negativicutes,Veillonellales,Veillonellaceae,Veillonella,Veillonella parvula_K
OTU1072_Citrobacter youngae,Bacteria,Pseudomonadota,Gammaproteobacteria,Enterobacterales,Enterobacteriaceae,Citrobacter,Citrobacter youngae
OTU1073_Proteus sp003144505,Bacteria,Pseudomonadota,Gammaproteobacteria,Enterobacterales,Enterobacteriaceae,Proteus,Proteus sp003144505
OTU1074_UBA12018 sp003447595,Bacteria,Bacteroidota,Bacteroidia,Bacteroidales,Tannerellaceae,UBA12018,UBA12018 sp003447595
OTU1075_Prevotella sp934191715,Bacteria,Bacteroidota,Bacteroidia,Bacteroidales,Bacteroidaceae,Prevotella,Prevotella sp934191715
OTU1076_Dysgonomonas capnocytophagoides,Bacteria,Bacteroidota,Bacteroidia,Bacteroidales,Dysgonomonadaceae,Dysgonomonas,Dysgonomonas capnocytophagoides
OTU1077_Anaerostipes hominis,Bacteria,Bacillota,Clostridia,Lachnospirales,Lachnospiraceae,Anaerostipes,Anaerostipes hominis
OTU1078_Blautia hominis,Bacteria,Bacillota,Clostridia,Lachnospirales,Lachnospiraceae,Blautia,Blautia hominis
OTU1079_Eubacterium_G sp910574895,Bacteria,Bacillota,Clostridia,Lachnospirales,Lachnospiraceae,Eubacterium_G,Eubacterium_G sp910574895
OTU1080_Blautia_A sp021771755,Bacteria,Bacillota,Clostridia,Lachnospirales,Lachnospiraceae,Blautia_A,Blautia_A sp021771755
OTU1081_Massiliimalia sp900752435,Bacteria,Bacillota,Clostridia,Oscillospirales,Ruminococcaceae,Massiliimalia,Massiliimalia sp900752435
OTU1082_JAGZMM01 sp018364155,Bacteria,Bacillota,Clostridia,Oscillospirales,Acutalibacteraceae,JAGZMM01,JAGZMM01 sp018364155
OTU1083_Streptococcus parasanguinis_T,Bacteria,Bacillota,Bacilli,Lactobacillales,Streptococcaceae,Streptococcus,Streptococcus parasanguinis_T
OTU1084_Granulicatella sp963552295,Bacteria,Bacillota,Bacilli,Lactobacillales,Aerococcaceae,Granulicatella,Granulicatella sp963552295
OTU1085_Veillonella parvula,Bacteria,Bacillota,Negativicutes,Veillonellales,Veillonellaceae,Veillonella,Veillonella parvula
OTU1086_Haemophilus_D parainfluenzae_V,Bacteria,Pseudomonadota,Gammaproteobacteria,Enterobacterales,Pasteurellaceae,Haemophilus_D,Haemophilus_D parainfluenzae_V
OTU1087_Haemophilus_D parainfluenzae_L,Bacteria,Pseudomonadota,Gammaproteobacteria,Enterobacterales,Pasteurellaceae,Haemophilus_D,Haemophilus_D parainfluenzae_L
OTU1088_Citrobacter pasteurii,Bacteria,Pseudomonadota,Gammaproteobacteria,Enterobacterales,Enterobacteriaceae,Citrobacter,Citrobacter pasteurii
OTU1089_Faecivicinus avistercoris,Bacteria,Bacillota,Clostridia,Christensenellales,Aristaeellaceae,Faecivicinus,Faecivicinus avistercoris
OTU1090_Pullichristensenella sp963930055,Bacteria,Bacillota,Clostridia,Christensenellales,Aristaeellaceae,Pullichristensenella,Pullichristensenella sp963930055
OTU1091_Borkfalkia excrementigallinarum,Bacteria,Bacillota,Clostridia,Christensenellales,Borkfalkiaceae,Borkfalkia,Borkfalkia excrementigallinarum
OTU1092_Scatomorpha merdavium,Bacteria,Bacillota,Clostridia,Oscillospirales,Oscillospiraceae,Scatomorpha,Scatomorpha merdavium
OTU1093_Pelethomonas sp944387775,Bacteria,Bacillota,Clostridia,Oscillospirales,Oscillospiraceae,Pelethomonas,Pelethomonas sp944387775
OTU1094_Anaerotruncus rubiinfantis,Bacteria,Bacillota,Clostridia,Oscillospirales,Ruminococcaceae,Anaerotruncus,Anaerotruncus rubiinfantis
OTU1095_Anaerotruncus excrementipullorum,Bacteria,Bacillota,Clostridia,Oscillospirales,Ruminococcaceae,Anaerotruncus,Anaerotruncus excrementipullorum
OTU1096_CASGDD01 sp949300115,Bacteria,Bacillota,Clostridia,Oscillospirales,Ruminococcaceae,CASGDD01,CASGDD01 sp949300115
OTU1097_Ligaoa zhengdingensis,Bacteria,Bacillota,Clostridia,Oscillospirales,Ruminococcaceae,Ligaoa,Ligaoa zhengdingensis
OTU1098_Copromonas avistercoris,Bacteria,Bacillota,Clostridia,Lachnospirales,Lachnospiraceae,Copromonas,Copromonas avistercoris
OTU1099_UMGS1370 sp904395885,Bacteria,Bacillota,Clostridia,Lachnospirales,Lachnospiraceae,UMGS1370,UMGS1370 sp904395885
OTU1100_Hominicoprocola sp002437735,Bacteria,Bacillota,Clostridia,Oscillospirales,Oscillospiraceae,Hominicoprocola,Hominicoprocola sp002437735
OTU1101_HGM13006 sp905202605,Bacteria,Bacillota,Clostridia,Oscillospirales,Oscillospiraceae,HGM13006,HGM13006 sp905202605
OTU1102_Allochristensenella sp019415425,Bacteria,Bacillota,Clostridia,Christensenellales,QAND01,Allochristensenella,Allochristensenella sp019415425
OTU1103_Enteroscipio sp958454405,Bacteria,Actinomycetota,Coriobacteriia,Coriobacteriales,Eggerthellaceae,Enteroscipio,Enteroscipio sp958454405
OTU1104_Collinsella sp937965595,Bacteria,Actinomycetota,Coriobacteriia,Coriobacteriales,Coriobacteriaceae,Collinsella,Collinsella sp937965595
OTU1105_Haemophilus_D sp905371285,Bacteria,Pseudomonadota,Gammaproteobacteria,Enterobacterales,Pasteurellaceae,Haemophilus_D,Haemophilus_D sp905371285
OTU1106_Haemophilus_D parainfluenzae_S,Bacteria,Pseudomonadota,Gammaproteobacteria,Enterobacterales,Pasteurellaceae,Haemophilus_D,Haemophilus_D parainfluenzae_S
OTU1107_Wujia sp900539705,Bacteria,Bacillota,Clostridia,Lachnospirales,Lachnospiraceae,Wujia,Wujia sp900539705
OTU1108_Roseburia_D yibonii,Bacteria,Bacillota,Clostridia,Lachnospirales,Lachnospiraceae,Roseburia_D,Roseburia_D yibonii
OTU1109_Faecousia sp900546075,Bacteria,Bacillota,Clostridia,Oscillospirales,Oscillospiraceae,Faecousia,Faecousia sp900546075
OTU1110_UBA737 sp900547305,Bacteria,Bacillota,Clostridia,Oscillospirales,Acutalibacteraceae,UBA737,UBA737 sp900547305
OTU1111_UBA737 sp900549755,Bacteria,Bacillota,Clostridia,Oscillospirales,Acutalibacteraceae,UBA737,UBA737 sp900549755
OTU1112_UMGS1338 sp900550805,Bacteria,Bacillota,Clostridia,Christensenellales,QALW01,UMGS1338,UMGS1338 sp900550805
OTU1113_UMGS1338 sp934465535,Bacteria,Bacillota,Clostridia,Christensenellales,QALW01,UMGS1338,UMGS1338 sp934465535
OTU1114_Hominibacterium sp019420305,Bacteria,Bacillota,Clostridia,Peptostreptococcales,Anaerovoracaceae,Hominibacterium,Hominibacterium sp019420305
OTU1115_Streptococcus sp004166885,Bacteria,Bacillota,Bacilli,Lactobacillales,Streptococcaceae,Streptococcus,Streptococcus sp004166885
OTU1116_Streptococcus parasanguinis_Q,Bacteria,Bacillota,Bacilli,Lactobacillales,Streptococcaceae,Streptococcus,Streptococcus parasanguinis_Q
OTU1117_CAG-302 sp934182615,Bacteria,Bacillota,Bacilli,RF39,UBA660,CAG-302,CAG-302 sp934182615
OTU1118_Collinsella sp900758475,Bacteria,Actinomycetota,Coriobacteriia,Coriobacteriales,Coriobacteriaceae,Collinsella,Collinsella sp900758475
OTU1119_Citrobacter braakii,Bacteria,Pseudomonadota,Gammaproteobacteria,Enterobacterales,Enterobacteriaceae,Citrobacter,Citrobacter braakii
OTU1120_Citrobacter freundii,Bacteria,Pseudomonadota,Gammaproteobacteria,Enterobacterales,Enterobacteriaceae,Citrobacter,Citrobacter freundii
OTU1121_Scatomorpha sp944385765,Bacteria,Bacillota,Clostridia,Oscillospirales,Oscillospiraceae,Scatomorpha,Scatomorpha sp944385765
OTU1122_CAJFPI01 sp904420435,Bacteria,Bacillota,Clostridia,Oscillospirales,Oscillospiraceae,CAJFPI01,CAJFPI01 sp904420435
OTU1123_Angelakisella sp023451415,Bacteria,Bacillota,Clostridia,Oscillospirales,Ruminococcaceae,Angelakisella,Angelakisella sp023451415
OTU1124_Porcipelethomonas sp900538575,Bacteria,Bacillota,Clostridia,Oscillospirales,Ruminococcaceae,Porcipelethomonas,Porcipelethomonas sp900538575
OTU1125_Galloscillospira_B sp902474785,Bacteria,Bacillota,Clostridia,Oscillospirales,Feifaniaceae,Galloscillospira_B,Galloscillospira_B sp902474785
OTU1126_Ventrousia excrementavium,Bacteria,Bacillota,Clostridia,Oscillospirales,Butyricicoccaceae,Ventrousia,Ventrousia excrementavium
OTU1127_Woodwardiibium gallinarum,Bacteria,Bacillota,Clostridia,Oscillospirales,CAG-382,Woodwardiibium,Woodwardiibium gallinarum
OTU1128_Agathobacter sp000434275,Bacteria,Bacillota,Clostridia,Lachnospirales,Lachnospiraceae,Agathobacter,Agathobacter sp000434275
OTU1129_CAG-475 sp000434435,Bacteria,Bacillota,Clostridia,Christensenellales,CAG-917,CAG-475,CAG-475 sp000434435
OTU1130_CALWRM01 sp944383925,Bacteria,Bacillota,Clostridia,Christensenellales,UBA1750,CALWRM01,CALWRM01 sp944383925
OTU1131_Pelethousia sp900542615,Bacteria,Bacillota,Clostridia,Christensenellales,CAG-138,Pelethousia,Pelethousia sp900542615
OTU1132_Pelethousia gallinarum,Bacteria,Bacillota,Clostridia,Christensenellales,CAG-138,Pelethousia,Pelethousia gallinarum
OTU1133_UBA1685 sp002320595,Bacteria,Bacillota,Clostridia,Christensenellales,CAG-138,UBA1685,UBA1685 sp002320595
OTU1134_Limiplasma sp958448555,Bacteria,Bacillota,Clostridia,Christensenellales,Aristaeellaceae,Limiplasma,Limiplasma sp958448555
OTU1135_Limiplasma sp023411375,Bacteria,Bacillota,Clostridia,Christensenellales,Aristaeellaceae,Limiplasma,Limiplasma sp023411375
OTU1136_Alectryocaccomicrobium faecavium,Bacteria,Bacillota,Clostridia,Christensenellales,Aristaeellaceae,Alectryocaccomicrobium,Alectryocaccomicrobium faecavium
OTU1137_QAND01 sp003150225,Bacteria,Bacillota,Clostridia,Christensenellales,QAND01,QAND01,QAND01 sp003150225
OTU1138_Scatosoma sp934871445,Bacteria,Bacillota,Clostridia,Christensenellales,Borkfalkiaceae,Scatosoma,Scatosoma sp934871445
OTU1139_JAHZEH01 sp019421925,Bacteria,Bacillota,Clostridia,Christensenellales,CALWSW01,JAHZEH01,JAHZEH01 sp019421925
OTU1140_Onthocola_B sp900544625,Bacteria,Bacillota,Bacilli,RF39,UBA660,Onthocola_B,Onthocola_B sp900544625
OTU1141_Onthocola_B sp934096035,Bacteria,Bacillota,Bacilli,RF39,UBA660,Onthocola_B,Onthocola_B sp934096035
OTU1142_Bacteroides cellulosilyticus,Bacteria,Bacteroidota,Bacteroidia,Bacteroidales,Bacteroidaceae,Bacteroides,Bacteroides cellulosilyticus
OTU1143_Collinsella sp905209765,Bacteria,Actinomycetota,Coriobacteriia,Coriobacteriales,Coriobacteriaceae,Collinsella,Collinsella sp905209765
OTU1144_Leuconostoc mesenteroides,Bacteria,Bacillota,Bacilli,Lactobacillales,Lactobacillaceae,Leuconostoc,Leuconostoc mesenteroides
OTU1145_Eubacterium_R sp900539325,Bacteria,Bacillota,Clostridia,Oscillospirales,Acutalibacteraceae,Eubacterium_R,Eubacterium_R sp900539325
OTU1146_Faecalibacterium sp934514285,Bacteria,Bacillota,Clostridia,Oscillospirales,Ruminococcaceae,Faecalibacterium,Faecalibacterium sp934514285
OTU1147_Novisyntrophococcus sp900539175,Bacteria,Bacillota,Clostridia,Lachnospirales,Lachnospiraceae,Novisyntrophococcus,Novisyntrophococcus sp900539175
OTU1148_Butyribacter sp000436755,Bacteria,Bacillota,Clostridia,Lachnospirales,Lachnospiraceae,Butyribacter,Butyribacter sp000436755
OTU1149_Butyribacter sp934320845,Bacteria,Bacillota,Clostridia,Lachnospirales,Lachnospiraceae,Butyribacter,Butyribacter sp934320845
OTU1150_Sutterella sp900762445,Bacteria,Pseudomonadota,Gammaproteobacteria,Burkholderiales,Burkholderiaceae,Sutterella,Sutterella sp900762445
OTU1151_Phocaeicola sp947574505,Bacteria,Bacteroidota,Bacteroidia,Bacteroidales,Bacteroidaceae,Phocaeicola,Phocaeicola sp947574505
OTU1152_Phocaeicola sp902388365,Bacteria,Bacteroidota,Bacteroidia,Bacteroidales,Bacteroidaceae,Phocaeicola,Phocaeicola sp902388365
OTU1153_Blautia coccoides,Bacteria,Bacillota,Clostridia,Lachnospirales,Lachnospiraceae,Blautia,Blautia coccoides
OTU1154_Catenibacillus sp900553975,Bacteria,Bacillota,Clostridia,Lachnospirales,Lachnospiraceae,Catenibacillus,Catenibacillus sp900553975
OTU1155_Dorea_B phocaeensis,Bacteria,Bacillota,Clostridia,Lachnospirales,Lachnospiraceae,Dorea_B,Dorea_B phocaeensis
OTU1156_Hungatella_A hathewayi_A,Bacteria,Bacillota,Clostridia,Lachnospirales,Lachnospiraceae,Hungatella_A,Hungatella_A hathewayi_A
OTU1157_Metaruminococcus_A sp003150405,Bacteria,Bacillota,Clostridia,Oscillospirales,Ruminococcaceae,Metaruminococcus_A,Metaruminococcus_A sp003150405
OTU1158_Emergencia sp937894585,Bacteria,Bacillota,Clostridia,Peptostreptococcales,Anaerovoracaceae,Emergencia,Emergencia sp937894585
OTU1159_Egerieisoma sp902462635,Bacteria,Bacillota,Clostridia,UBA1212,UBA1255,Egerieisoma,Egerieisoma sp902462635
OTU1160_Amedibacillus dolichus,Bacteria,Bacillota,Bacilli,Erysipelotrichales,Erysipelotrichaceae,Amedibacillus,Amedibacillus dolichus
OTU1161_Parabacteroides distasonis_A,Bacteria,Bacteroidota,Bacteroidia,Bacteroidales,Tannerellaceae,Parabacteroides,Parabacteroides distasonis_A
OTU1162_Laedolimicola sp934373375,Bacteria,Bacillota,Clostridia,Lachnospirales,Lachnospiraceae,Laedolimicola,Laedolimicola sp934373375
OTU1163_RGIG9041 sp017937065,Bacteria,Bacillota,Clostridia,Oscillospirales,QAKW01,RGIG9041,RGIG9041 sp017937065
OTU1164_CAJMQN01 sp905215695,Bacteria,Bacillota,Clostridia,Christensenellales,HGM11417,CAJMQN01,CAJMQN01 sp905215695
OTU1165_HGM11417 sp900761895,Bacteria,Bacillota,Clostridia,Christensenellales,HGM11417,HGM11417,HGM11417 sp900761895
OTU1166_CAG-238 sp900754805,Bacteria,Bacillota,Clostridia,Peptostreptococcales,Anaerovoracaceae,CAG-238,CAG-238 sp900754805
OTU1167_UBA7185 sp002491065,Bacteria,Bacillota,Peptococcia,Peptococcales,Peptococcaceae,UBA7185,UBA7185 sp002491065
OTU1168_Leuconostoc sp946222815,Bacteria,Bacillota,Bacilli,Lactobacillales,Lactobacillaceae,Leuconostoc,Leuconostoc sp946222815
OTU1169_Gemmiger sp900540595,Bacteria,Bacillota,Clostridia,Oscillospirales,Ruminococcaceae,Gemmiger,Gemmiger sp900540595
OTU1170_Phocaeicola plebeius_A,Bacteria,Bacteroidota,Bacteroidia,Bacteroidales,Bacteroidaceae,Phocaeicola,Phocaeicola plebeius_A
OTU1171_Butyribacter hominis,Bacteria,Bacillota,Clostridia,Lachnospirales,Lachnospiraceae,Butyribacter,Butyribacter hominis
OTU1172_CAG-303 sp000437755,Bacteria,Bacillota,Clostridia,Lachnospirales,Lachnospiraceae,CAG-303,CAG-303 sp000437755
OTU1173_Fumia xinanensis,Bacteria,Bacillota,Clostridia,Oscillospirales,Ruminococcaceae,Fumia,Fumia xinanensis
OTU1174_Ruminococcus_C sp902464115,Bacteria,Bacillota,Clostridia,Oscillospirales,Ruminococcaceae,Ruminococcus_C,Ruminococcus_C sp902464115
OTU1175_HGM13006 sp900757695,Bacteria,Bacillota,Clostridia,Oscillospirales,Oscillospiraceae,HGM13006,HGM13006 sp900757695
OTU1176_Clostridium sp934754925,Bacteria,Bacillota,Clostridia,Clostridiales,Clostridiaceae,Clostridium,Clostridium sp934754925
OTU1177_Veillonella sp032470285,Bacteria,Bacillota,Negativicutes,Veillonellales,Veillonellaceae,Veillonella,Veillonella sp032470285
OTU1178_Granulicatella sp916050055,Bacteria,Bacillota,Bacilli,Lactobacillales,Aerococcaceae,Granulicatella,Granulicatella sp916050055
OTU1179_HGM10766 sp900757295,Bacteria,Bacillota,Bacilli,RF39,UBA660,HGM10766,HGM10766 sp900757295
OTU1180_Pseudomonas_E psychrophila,Bacteria,Pseudomonadota,Gammaproteobacteria,Pseudomonadales,Pseudomonadaceae,Pseudomonas_E,Pseudomonas_E psychrophila
OTU1181_Pseudomonas_E bubulae,Bacteria,Pseudomonadota,Gammaproteobacteria,Pseudomonadales,Pseudomonadaceae,Pseudomonas_E,Pseudomonas_E bubulae
OTU1182_Pseudomonas_E fragi,Bacteria,Pseudomonadota,Gammaproteobacteria,Pseudomonadales,Pseudomonadaceae,Pseudomonas_E,Pseudomonas_E fragi
OTU1183_Collinsella sp900548515,Bacteria,Actinomycetota,Coriobacteriia,Coriobacteriales,Coriobacteriaceae,Collinsella,Collinsella sp900548515
OTU1184_Collinsella sp905204735,Bacteria,Actinomycetota,Coriobacteriia,Coriobacteriales,Coriobacteriaceae,Collinsella,Collinsella sp905204735
OTU1185_Collinsella sp900541885,Bacteria,Actinomycetota,Coriobacteriia,Coriobacteriales,Coriobacteriaceae,Collinsella,Collinsella sp900541885
OTU1186_Anaerotardibacter sp000434775,Bacteria,Actinomycetota,Coriobacteriia,Coriobacteriales,Eggerthellaceae,Anaerotardibacter,Anaerotardibacter sp000434775
OTU1187_Varibaculum sp902489465,Bacteria,Actinomycetota,Actinomycetes,Actinomycetales,Actinomycetaceae,Varibaculum,Varibaculum sp902489465
OTU1188_Collinsella sp900549745,Bacteria,Actinomycetota,Coriobacteriia,Coriobacteriales,Coriobacteriaceae,Collinsella,Collinsella sp900549745
OTU1189_Lawsonibacter sp900754605,Bacteria,Bacillota,Clostridia,Oscillospirales,Oscillospiraceae,Lawsonibacter,Lawsonibacter sp900754605
OTU1190_Pseudoscillospira sp937915065,Bacteria,Bacillota,Clostridia,Oscillospirales,Oscillospiraceae,Pseudoscillospira,Pseudoscillospira sp937915065
OTU1191_Fournierella sp900543285,Bacteria,Bacillota,Clostridia,Oscillospirales,Ruminococcaceae,Fournierella,Fournierella sp900543285
OTU1192_Acutalibacter sp900548545,Bacteria,Bacillota,Clostridia,Oscillospirales,Acutalibacteraceae,Acutalibacter,Acutalibacter sp900548545
OTU1193_RUG11130 sp934446485,Bacteria,Bacillota,Clostridia,Oscillospirales,CAG-272,RUG11130,RUG11130 sp934446485
OTU1194_Alterileibacterium massiliense,Bacteria,Bacillota,Clostridia,Peptostreptococcales,Anaerovoracaceae,Alterileibacterium,Alterileibacterium massiliense
OTU1195_Fenollaria timonensis,Bacteria,Bacillota,Clostridia,Tissierellales,Peptoniphilaceae,Fenollaria,Fenollaria timonensis
OTU1196_Fenollaria sp900539725,Bacteria,Bacillota,Clostridia,Tissierellales,Peptoniphilaceae,Fenollaria,Fenollaria sp900539725
OTU1197_Ezakiella sp900540185,Bacteria,Bacillota,Clostridia,Tissierellales,Peptoniphilaceae,Ezakiella,Ezakiella sp900540185
OTU1198_Murdochiella sp902488755,Bacteria,Bacillota,Clostridia,Tissierellales,Peptoniphilaceae,Murdochiella,Murdochiella sp902488755
OTU1199_Porphyromonas sp902489635,Bacteria,Bacteroidota,Bacteroidia,Bacteroidales,Porphyromonadaceae,Porphyromonas,Porphyromonas sp902489635
OTU1200_Porphyromonas sp947290775,Bacteria,Bacteroidota,Bacteroidia,Bacteroidales,Porphyromonadaceae,Porphyromonas,Porphyromonas sp947290775
OTU1201_Porphyromonas sp900546675,Bacteria,Bacteroidota,Bacteroidia,Bacteroidales,Porphyromonadaceae,Porphyromonas,Porphyromonas sp900546675
OTU1202_Porphyromonas sp902489445,Bacteria,Bacteroidota,Bacteroidia,Bacteroidales,Porphyromonadaceae,Porphyromonas,Porphyromonas sp902489445
OTU1203_Pullilachnospira_A sp949286525,Bacteria,Bacillota,Clostridia,Lachnospirales,Lachnospiraceae,Pullilachnospira_A,Pullilachnospira_A sp949286525
OTU1204_Fimimorpha sp026169045,Bacteria,Bacillota,Clostridia,Lachnospirales,Lachnospiraceae,Fimimorpha,Fimimorpha sp026169045
OTU1205_JAFBIO01 sp021531255,Bacteria,Bacillota,Clostridia,Oscillospirales,Ruminococcaceae,JAFBIO01,JAFBIO01 sp021531255
OTU1206_CABVBB01 sp902496505,Bacteria,Bacillota,Peptococcia,Peptococcales,Peptococcaceae,CABVBB01,CABVBB01 sp902496505
OTU1207_Haemophilus_D parainfluenzae_R,Bacteria,Pseudomonadota,Gammaproteobacteria,Enterobacterales,Pasteurellaceae,Haemophilus_D,Haemophilus_D parainfluenzae_R
OTU1208_Anaerotardibacter sp900539675,Bacteria,Actinomycetota,Coriobacteriia,Coriobacteriales,Eggerthellaceae,Anaerotardibacter,Anaerotardibacter sp900539675
OTU1209_Collinsella sp900758845,Bacteria,Actinomycetota,Coriobacteriia,Coriobacteriales,Coriobacteriaceae,Collinsella,Collinsella sp900758845
OTU1210_Collinsella sp958413765,Bacteria,Actinomycetota,Coriobacteriia,Coriobacteriales,Coriobacteriaceae,Collinsella,Collinsella sp958413765
OTU1211_Collinsella sp937997605,Bacteria,Actinomycetota,Coriobacteriia,Coriobacteriales,Coriobacteriaceae,Collinsella,Collinsella sp937997605
OTU1212_Prevotella copri,Bacteria,Bacteroidota,Bacteroidia,Bacteroidales,Bacteroidaceae,Prevotella,Prevotella copri
OTU1213_Parabacteroides johnsonii,Bacteria,Bacteroidota,Bacteroidia,Bacteroidales,Tannerellaceae,Parabacteroides,Parabacteroides johnsonii
OTU1214_UBA4285 sp900545225,Bacteria,Bacillota,Clostridia,Lachnospirales,Lachnospiraceae,UBA4285,UBA4285 sp900545225
OTU1215_UBA10281 sp000437515,Bacteria,Bacillota,Clostridia,Christensenellales,Borkfalkiaceae,UBA10281,UBA10281 sp000437515
OTU1216_Veillonella dispar,Bacteria,Bacillota,Negativicutes,Veillonellales,Veillonellaceae,Veillonella,Veillonella dispar
OTU1217_Bifidobacterium dentium,Bacteria,Actinomycetota,Actinomycetes,Actinomycetales,Bifidobacteriaceae,Bifidobacterium,Bifidobacterium dentium
OTU1218_Collinsella sp018381235,Bacteria,Actinomycetota,Coriobacteriia,Coriobacteriales,Coriobacteriaceae,Collinsella,Collinsella sp018381235
OTU1219_Haemophilus_D sp019423025,Bacteria,Pseudomonadota,Gammaproteobacteria,Enterobacterales,Pasteurellaceae,Haemophilus_D,Haemophilus_D sp019423025
OTU1220_Prevotella sp945863825,Bacteria,Bacteroidota,Bacteroidia,Bacteroidales,Bacteroidaceae,Prevotella,Prevotella sp945863825
OTU1221_Prevotella stercorea,Bacteria,Bacteroidota,Bacteroidia,Bacteroidales,Bacteroidaceae,Prevotella,Prevotella stercorea
OTU1222_Mailhella sp944324615,Bacteria,Desulfobacterota_I,Desulfovibrionia,Desulfovibrionales,Desulfovibrionaceae,Mailhella,Mailhella sp944324615
OTU1223_Intestinibacter sp945931665,Bacteria,Bacillota,Clostridia,Peptostreptococcales,Peptostreptococcaceae,Intestinibacter,Intestinibacter sp945931665
OTU1224_Lentihominibacter sp934281605,Bacteria,Bacillota,Clostridia,Peptostreptococcales,Anaerovoracaceae,Lentihominibacter,Lentihominibacter sp934281605
OTU1225_Haemophilus_D parainfluenzae_AA,Bacteria,Pseudomonadota,Gammaproteobacteria,Enterobacterales,Pasteurellaceae,Haemophilus_D,Haemophilus_D parainfluenzae_AA
OTU1226_Haemophilus_D parainfluenzae_A,Bacteria,Pseudomonadota,Gammaproteobacteria,Enterobacterales,Pasteurellaceae,Haemophilus_D,Haemophilus_D parainfluenzae_A
OTU1227_Enterocloster sp000155435,Bacteria,Bacillota,Clostridia,Lachnospirales,Lachnospiraceae,Enterocloster,Enterocloster sp000155435
OTU1228_Hungatella_A sp034142505,Bacteria,Bacillota,Clostridia,Lachnospirales,Lachnospiraceae,Hungatella_A,Hungatella_A sp034142505
OTU1229_Pauljensenia sp019425105,Bacteria,Actinomycetota,Actinomycetes,Actinomycetales,Actinomycetaceae,Pauljensenia,Pauljensenia sp019425105
OTU1230_Granulicatella adiacens_A,Bacteria,Bacillota,Bacilli,Lactobacillales,Aerococcaceae,Granulicatella,Granulicatella adiacens_A
OTU1231_Veillonella sp003463825,Bacteria,Bacillota,Negativicutes,Veillonellales,Veillonellaceae,Veillonella,Veillonella sp003463825
OTU1232_Pauljensenia pyogenes_B,Bacteria,Actinomycetota,Actinomycetes,Actinomycetales,Actinomycetaceae,Pauljensenia,Pauljensenia pyogenes_B
OTU1233_Pauljensenia sp000308055,Bacteria,Actinomycetota,Actinomycetes,Actinomycetales,Actinomycetaceae,Pauljensenia,Pauljensenia sp000308055
OTU1234_Rothia mucilaginosa_A,Bacteria,Actinomycetota,Actinomycetes,Actinomycetales,Micrococcaceae,Rothia,Rothia mucilaginosa_A
OTU1235_Collinsella sp036313175,Bacteria,Actinomycetota,Coriobacteriia,Coriobacteriales,Coriobacteriaceae,Collinsella,Collinsella sp036313175
OTU1236_Collinsella sp959026725,Bacteria,Actinomycetota,Coriobacteriia,Coriobacteriales,Coriobacteriaceae,Collinsella,Collinsella sp959026725
OTU1237_Lancefieldella sp015258705,Bacteria,Actinomycetota,Coriobacteriia,Coriobacteriales,Atopobiaceae,Lancefieldella,Lancefieldella sp015258705
OTU1238_Lancefieldella sp015258785,Bacteria,Actinomycetota,Coriobacteriia,Coriobacteriales,Atopobiaceae,Lancefieldella,Lancefieldella sp015258785
OTU1239_Mediterraneibacter hominis,Bacteria,Bacillota,Clostridia,Lachnospirales,Lachnospiraceae,Mediterraneibacter,Mediterraneibacter hominis
OTU1240_Neoanaerotignum_A sp944377425,Bacteria,Bacillota,Clostridia,Lachnospirales,Anaerotignaceae,Neoanaerotignum_A,Neoanaerotignum_A sp944377425
OTU1241_Veillonella dispar_B,Bacteria,Bacillota,Negativicutes,Veillonellales,Veillonellaceae,Veillonella,Veillonella dispar_B
OTU1242_Collinsella aerofaciens_AV,Bacteria,Actinomycetota,Coriobacteriia,Coriobacteriales,Coriobacteriaceae,Collinsella,Collinsella aerofaciens_AV
OTU1243_Pseudoflavonifractor capillosus,Bacteria,Bacillota,Clostridia,Oscillospirales,Oscillospiraceae,Pseudoflavonifractor,Pseudoflavonifractor capillosus
OTU1244_UMGS1202 sp900549565,Bacteria,Bacillota,Clostridia,Oscillospirales,Oscillospiraceae,UMGS1202,UMGS1202 sp900549565
OTU1245_Merdicola sp900552655,Bacteria,Bacillota,Clostridia,TANB77,CAG-508,Merdicola,Merdicola sp900552655
OTU1246_Merdicola sp958422985,Bacteria,Bacillota,Clostridia,TANB77,CAG-508,Merdicola,Merdicola sp958422985
OTU1247_UMGS1663 sp958417695,Bacteria,Bacillota,Clostridia,TANB77,CAG-508,UMGS1663,UMGS1663 sp958417695
OTU1248_Streptococcus sp915066115,Bacteria,Bacillota,Bacilli,Lactobacillales,Streptococcaceae,Streptococcus,Streptococcus sp915066115
OTU1249_Streptococcus parasanguinis_U,Bacteria,Bacillota,Bacilli,Lactobacillales,Streptococcaceae,Streptococcus,Streptococcus parasanguinis_U
OTU1250_Stoquefichus sp001244545,Bacteria,Bacillota,Bacilli,Erysipelotrichales,Coprobacillaceae,Stoquefichus,Stoquefichus sp001244545
OTU1251_Haemophilus_D parainfluenzae_Y,Bacteria,Pseudomonadota,Gammaproteobacteria,Enterobacterales,Pasteurellaceae,Haemophilus_D,Haemophilus_D parainfluenzae_Y
OTU1252_Micrococcus luteus,Bacteria,Actinomycetota,Actinomycetes,Actinomycetales,Micrococcaceae,Micrococcus,Micrococcus luteus
OTU1253_Ruminococcus_C sp000437175,Bacteria,Bacillota,Clostridia,Oscillospirales,Ruminococcaceae,Ruminococcus_C,Ruminococcus_C sp000437175
OTU1254_Beduinella massiliensis,Bacteria,Bacillota,Clostridia,Christensenellales,Aristaeellaceae,Beduinella,Beduinella massiliensis
OTU1255_CAG-273 sp000438355,Bacteria,Bacillota,Clostridia,TANB77,CAG-508,CAG-273,CAG-273 sp000438355
OTU1256_Pauljensenia sp958349165,Bacteria,Actinomycetota,Actinomycetes,Actinomycetales,Actinomycetaceae,Pauljensenia,Pauljensenia sp958349165
OTU1257_Scatenecus faecavium,Bacteria,Cyanobacteriota,Vampirovibrionia,Gastranaerophilales,Gastranaerophilaceae,Scatenecus,Scatenecus faecavium
OTU1258_Enterocloster alcoholdehydrogenati,Bacteria,Bacillota,Clostridia,Lachnospirales,Lachnospiraceae,Enterocloster,Enterocloster alcoholdehydrogenati
OTU1259_Gallibacter brachus,Bacteria,Bacillota,Clostridia,Peptostreptococcales,Anaerovoracaceae,Gallibacter,Gallibacter brachus
OTU1260_Parvimonas sp000214475,Bacteria,Bacillota,Clostridia,Tissierellales,Peptoniphilaceae,Parvimonas,Parvimonas sp000214475
OTU1261_Pauljensenia turicensis_A,Bacteria,Actinomycetota,Actinomycetes,Actinomycetales,Actinomycetaceae,Pauljensenia,Pauljensenia turicensis_A
OTU1262_Collinsella sp036304725,Bacteria,Actinomycetota,Coriobacteriia,Coriobacteriales,Coriobacteriaceae,Collinsella,Collinsella sp036304725
OTU1263_Haemophilus_D sp902461185,Bacteria,Pseudomonadota,Gammaproteobacteria,Enterobacterales,Pasteurellaceae,Haemophilus_D,Haemophilus_D sp902461185
OTU1264_Eikenella corrodens,Bacteria,Pseudomonadota,Gammaproteobacteria,Burkholderiales,Neisseriaceae,Eikenella,Eikenella corrodens
OTU1265_Fusobacterium_B sp019416805,Bacteria,Fusobacteriota,Fusobacteriia,Fusobacteriales,Fusobacteriaceae,Fusobacterium_B,Fusobacterium_B sp019416805
OTU1266_Fusobacterium_B sp900541465,Bacteria,Fusobacteriota,Fusobacteriia,Fusobacteriales,Fusobacteriaceae,Fusobacterium_B,Fusobacterium_B sp900541465
OTU1267_Bilophila sp900553145,Bacteria,Desulfobacterota_I,Desulfovibrionia,Desulfovibrionales,Desulfovibrionaceae,Bilophila,Bilophila sp900553145
OTU1268_Bifidobacterium animalis_B,Bacteria,Actinomycetota,Actinomycetes,Actinomycetales,Bifidobacteriaceae,Bifidobacterium,Bifidobacterium animalis_B
OTU1269_Actinomyces oris,Bacteria,Actinomycetota,Actinomycetes,Actinomycetales,Actinomycetaceae,Actinomyces,Actinomyces oris
OTU1270_Actinomyces sp915069725,Bacteria,Actinomycetota,Actinomycetes,Actinomycetales,Actinomycetaceae,Actinomyces,Actinomyces sp915069725
OTU1271_Actinomyces sp000195595,Bacteria,Actinomycetota,Actinomycetes,Actinomycetales,Actinomycetaceae,Actinomyces,Actinomyces sp000195595
OTU1272_Egerieimonas sp900552095,Bacteria,Bacillota,Clostridia,Lachnospirales,Lachnospiraceae,Egerieimonas,Egerieimonas sp900552095
OTU1273_Butyricicoccus sp900547195,Bacteria,Bacillota,Clostridia,Oscillospirales,Butyricicoccaceae,Butyricicoccus,Butyricicoccus sp900547195
OTU1274_Anaerofustis sp900549875,Bacteria,Bacillota,Clostridia,Eubacteriales,Anaerofustaceae,Anaerofustis,Anaerofustis sp900549875
OTU1275_Lactiplantibacillus plantarum,Bacteria,Bacillota,Bacilli,Lactobacillales,Lactobacillaceae,Lactiplantibacillus,Lactiplantibacillus plantarum
OTU1276_Streptococcus mutans,Bacteria,Bacillota,Bacilli,Lactobacillales,Streptococcaceae,Streptococcus,Streptococcus mutans
OTU1277_Bacillus inaquosorum,Bacteria,Bacillota,Bacilli,Bacillales,Bacillaceae,Bacillus,Bacillus inaquosorum
OTU1278_Veillonella infantium,Bacteria,Bacillota,Negativicutes,Veillonellales,Veillonellaceae,Veillonella,Veillonella infantium
OTU1279_Alistipes dispar,Bacteria,Bacteroidota,Bacteroidia,Bacteroidales,Rikenellaceae,Alistipes,Alistipes dispar
OTU1280_Pseudomonas_E lundensis,Bacteria,Pseudomonadota,Gammaproteobacteria,Pseudomonadales,Pseudomonadaceae,Pseudomonas_E,Pseudomonas_E lundensis
OTU1281_Blautia sp900539145,Bacteria,Bacillota,Clostridia,Lachnospirales,Lachnospiraceae,Blautia,Blautia sp900539145
OTU1282_UBA9414 sp958446945,Bacteria,Bacillota,Clostridia,Lachnospirales,Lachnospiraceae,UBA9414,UBA9414 sp958446945
OTU1283_Faecalimonas sp900556835,Bacteria,Bacillota,Clostridia,Lachnospirales,Lachnospiraceae,Faecalimonas,Faecalimonas sp900556835
OTU1284_Faecalibacterium sp900540455,Bacteria,Bacillota,Clostridia,Oscillospirales,Ruminococcaceae,Faecalibacterium,Faecalibacterium sp900540455
OTU1285_Absicoccus sp000434355,Bacteria,Bacillota,Bacilli,Erysipelotrichales,Erysipelotrichaceae,Absicoccus,Absicoccus sp000434355
OTU1286_Streptococcus pseudopneumoniae,Bacteria,Bacillota,Bacilli,Lactobacillales,Streptococcaceae,Streptococcus,Streptococcus pseudopneumoniae
OTU1287_Megasphaera sp001546855,Bacteria,Bacillota,Negativicutes,Veillonellales,Megasphaeraceae,Megasphaera,Megasphaera sp001546855
OTU1288_Enterobacter hormaechei_C,Bacteria,Pseudomonadota,Gammaproteobacteria,Enterobacterales,Enterobacteriaceae,Enterobacter,Enterobacter hormaechei_C
OTU1289_Enterobacter intestinihominis,Bacteria,Pseudomonadota,Gammaproteobacteria,Enterobacterales,Enterobacteriaceae,Enterobacter,Enterobacter intestinihominis
OTU1290_Klebsiella pneumoniae,Bacteria,Pseudomonadota,Gammaproteobacteria,Enterobacterales,Enterobacteriaceae,Klebsiella,Klebsiella pneumoniae
OTU1291_Haemophilus_D parainfluenzae_AI,Bacteria,Pseudomonadota,Gammaproteobacteria,Enterobacterales,Pasteurellaceae,Haemophilus_D,Haemophilus_D parainfluenzae_AI
OTU1292_Collinsella sp014871665,Bacteria,Actinomycetota,Coriobacteriia,Coriobacteriales,Coriobacteriaceae,Collinsella,Collinsella sp014871665
OTU1293_Dorea_D sp900543415,Bacteria,Bacillota,Clostridia,Lachnospirales,Lachnospiraceae,Dorea_D,Dorea_D sp900543415
OTU1294_Otoolea sp018377235,Bacteria,Bacillota,Clostridia,Lachnospirales,Lachnospiraceae,Otoolea,Otoolea sp018377235
OTU1295_Choladousia sp900757145,Bacteria,Bacillota,Clostridia,Lachnospirales,Lachnospiraceae,Choladousia,Choladousia sp900757145
OTU1296_Blautia_A sp900066205,Bacteria,Bacillota,Clostridia,Lachnospirales,Lachnospiraceae,Blautia_A,Blautia_A sp900066205
OTU1297_Clostridium sp900766315,Bacteria,Bacillota,Clostridia,Clostridiales,Clostridiaceae,Clostridium,Clostridium sp900766315
OTU1298_Varibaculum cambriense_A,Bacteria,Actinomycetota,Actinomycetes,Actinomycetales,Actinomycetaceae,Varibaculum,Varibaculum cambriense_A
OTU1299_Schaedlerella sp934435195,Bacteria,Bacillota,Clostridia,Lachnospirales,Lachnospiraceae,Schaedlerella,Schaedlerella sp934435195
OTU1300_Acetatifactor sp900760705,Bacteria,Bacillota,Clostridia,Lachnospirales,Lachnospiraceae,Acetatifactor,Acetatifactor sp900760705
OTU1301_Peptoniphilus_A grossensis,Bacteria,Bacillota,Clostridia,Tissierellales,Peptoniphilaceae,Peptoniphilus_A,Peptoniphilus_A grossensis
OTU1302_Granulicatella adiacens,Bacteria,Bacillota,Bacilli,Lactobacillales,Aerococcaceae,Granulicatella,Granulicatella adiacens
OTU1303_Veillonella sp018376995,Bacteria,Bacillota,Negativicutes,Veillonellales,Veillonellaceae,Veillonella,Veillonella sp018376995
OTU1304_Escherichia coli_E,Bacteria,Pseudomonadota,Gammaproteobacteria,Enterobacterales,Enterobacteriaceae,Escherichia,Escherichia coli_E
OTU1305_Pauljensenia sp905370305,Bacteria,Actinomycetota,Actinomycetes,Actinomycetales,Actinomycetaceae,Pauljensenia,Pauljensenia sp905370305
OTU1306_Actinomyces acetigenes,Bacteria,Actinomycetota,Actinomycetes,Actinomycetales,Actinomycetaceae,Actinomyces,Actinomyces acetigenes
OTU1307_Rothia sp029850875,Bacteria,Actinomycetota,Actinomycetes,Actinomycetales,Micrococcaceae,Rothia,Rothia sp029850875
OTU1308_Collinsella sp036426035,Bacteria,Actinomycetota,Coriobacteriia,Coriobacteriales,Coriobacteriaceae,Collinsella,Collinsella sp036426035
OTU1309_Collinsella sp900550515,Bacteria,Actinomycetota,Coriobacteriia,Coriobacteriales,Coriobacteriaceae,Collinsella,Collinsella sp900550515
OTU1310_Collinsella sp900760905,Bacteria,Actinomycetota,Coriobacteriia,Coriobacteriales,Coriobacteriaceae,Collinsella,Collinsella sp900760905
OTU1311_Collinsella sp902470895,Bacteria,Actinomycetota,Coriobacteriia,Coriobacteriales,Coriobacteriaceae,Collinsella,Collinsella sp902470895
OTU1312_Phocaeicola faecicola,Bacteria,Bacteroidota,Bacteroidia,Bacteroidales,Bacteroidaceae,Phocaeicola,Phocaeicola faecicola
OTU1313_Prevotella pleuritidis,Bacteria,Bacteroidota,Bacteroidia,Bacteroidales,Bacteroidaceae,Prevotella,Prevotella pleuritidis
OTU1314_Alloprevotella sp900541335,Bacteria,Bacteroidota,Bacteroidia,Bacteroidales,Bacteroidaceae,Alloprevotella,Alloprevotella sp900541335
OTU1315_Fusobacterium vincentii,Bacteria,Fusobacteriota,Fusobacteriia,Fusobacteriales,Fusobacteriaceae,Fusobacterium,Fusobacterium vincentii
OTU1316_Fusobacterium sp963526615,Bacteria,Fusobacteriota,Fusobacteriia,Fusobacteriales,Fusobacteriaceae,Fusobacterium,Fusobacterium sp963526615
OTU1317_Neoclostridium sp934247335,Bacteria,Bacillota,Clostridia,Christensenellales,Pumilibacteraceae,Neoclostridium,Neoclostridium sp934247335
OTU1318_Neoclostridium sp900555125,Bacteria,Bacillota,Clostridia,Christensenellales,Pumilibacteraceae,Neoclostridium,Neoclostridium sp900555125
OTU1319_Limiplasma sp004556545,Bacteria,Bacillota,Clostridia,Christensenellales,Aristaeellaceae,Limiplasma,Limiplasma sp004556545
OTU1320_RUG11247 sp902767315,Bacteria,Bacillota,Clostridia,Christensenellales,Aristaeellaceae,RUG11247,RUG11247 sp902767315
OTU1321_Faecivicinus sp934663595,Bacteria,Bacillota,Clostridia,Christensenellales,Aristaeellaceae,Faecivicinus,Faecivicinus sp934663595
OTU1322_Borkfalkia sp003343765,Bacteria,Bacillota,Clostridia,Christensenellales,Borkfalkiaceae,Borkfalkia,Borkfalkia sp003343765
OTU1323_CAG-448 sp963643175,Bacteria,Bacillota,Clostridia,Oscillospirales,CAG-272,CAG-448,CAG-448 sp963643175
OTU1324_UMGS1901 sp900553755,Bacteria,Bacillota,Clostridia,TANB77,CAG-508,UMGS1901,UMGS1901 sp900553755
OTU1325_UMGS1901 sp934122115,Bacteria,Bacillota,Clostridia,TANB77,CAG-508,UMGS1901,UMGS1901 sp934122115
OTU1326_Catenibacterium sp900540685,Bacteria,Bacillota,Bacilli,Erysipelotrichales,Coprobacillaceae,Catenibacterium,Catenibacterium sp900540685
OTU1327_CAG-1193 sp900550145,Bacteria,Bacillota,Bacilli,RF39,UBA660,CAG-1193,CAG-1193 sp900550145
OTU1328_CAG-345 sp000433315,Bacteria,Bacillota,Bacilli,RFN20,CAG-288,CAG-345,CAG-345 sp000433315
OTU1329_Anaerotardibacter sp959607715,Bacteria,Actinomycetota,Coriobacteriia,Coriobacteriales,Eggerthellaceae,Anaerotardibacter,Anaerotardibacter sp959607715
OTU1330_Oxalobacter sp934270705,Bacteria,Pseudomonadota,Gammaproteobacteria,Burkholderiales,Burkholderiaceae,Oxalobacter,Oxalobacter sp934270705
OTU1331_Klebsiella africana,Bacteria,Pseudomonadota,Gammaproteobacteria,Enterobacterales,Enterobacteriaceae,Klebsiella,Klebsiella africana
OTU1332_Enterocloster asparagiformis,Bacteria,Bacillota,Clostridia,Lachnospirales,Lachnospiraceae,Enterocloster,Enterocloster asparagiformis
OTU1333_Veillonella hominis,Bacteria,Bacillota,Negativicutes,Veillonellales,Veillonellaceae,Veillonella,Veillonella hominis
OTU1334_Veillonella parvula_D,Bacteria,Bacillota,Negativicutes,Veillonellales,Veillonellaceae,Veillonella,Veillonella parvula_D
OTU1335_Prevotella intermedia,Bacteria,Bacteroidota,Bacteroidia,Bacteroidales,Bacteroidaceae,Prevotella,Prevotella intermedia
OTU1336_Nanogingivalis sp963526415,Bacteria,Patescibacteriota,Saccharimonadia,Saccharimonadales,Nanogingivalaceae,Nanogingivalis,Nanogingivalis sp963526415
OTU1337_Collinsella aerofaciens_AK,Bacteria,Actinomycetota,Coriobacteriia,Coriobacteriales,Coriobacteriaceae,Collinsella,Collinsella aerofaciens_AK
OTU1338_Pseudoflavonifractor_A sp002159175,Bacteria,Bacillota,Clostridia,Oscillospirales,Oscillospiraceae,Pseudoflavonifractor_A,Pseudoflavonifractor_A sp002159175
OTU1339_Heritagella caecorum,Bacteria,Bacillota,Clostridia,Oscillospirales,Acutalibacteraceae,Heritagella,Heritagella caecorum
OTU1340_Acutalibacter ornithocaccae,Bacteria,Bacillota,Clostridia,Oscillospirales,Acutalibacteraceae,Acutalibacter,Acutalibacter ornithocaccae
OTU1341_Acutalibacter sp905215055,Bacteria,Bacillota,Clostridia,Oscillospirales,Acutalibacteraceae,Acutalibacter,Acutalibacter sp905215055
OTU1342_Ruthenibacterium sp905212515,Bacteria,Bacillota,Clostridia,Oscillospirales,Ruminococcaceae,Ruthenibacterium,Ruthenibacterium sp905212515
OTU1343_Lachnospira sp002394205,Bacteria,Bacillota,Clostridia,Lachnospirales,Lachnospiraceae,Lachnospira,Lachnospira sp002394205
OTU1344_Lachnospira sp900551945,Bacteria,Bacillota,Clostridia,Lachnospirales,Lachnospiraceae,Lachnospira,Lachnospira sp900551945
OTU1345_Gallintestinimicrobium sp900539715,Bacteria,Bacillota,Clostridia,Lachnospirales,Lachnospiraceae,Gallintestinimicrobium,Gallintestinimicrobium sp900539715
OTU1346_Gallintestinimicrobium sp900550285,Bacteria,Bacillota,Clostridia,Lachnospirales,Lachnospiraceae,Gallintestinimicrobium,Gallintestinimicrobium sp900550285
OTU1347_Otoolea sp937885015,Bacteria,Bacillota,Clostridia,Lachnospirales,Lachnospiraceae,Otoolea,Otoolea sp937885015
OTU1348_Laedolimicola faecalis,Bacteria,Bacillota,Clostridia,Lachnospirales,Lachnospiraceae,Laedolimicola,Laedolimicola faecalis
OTU1349_Cuneatibacter caecimuris,Bacteria,Bacillota,Clostridia,Lachnospirales,Lachnospiraceae,Cuneatibacter,Cuneatibacter caecimuris
OTU1350_Emergencia sp937997955,Bacteria,Bacillota,Clostridia,Peptostreptococcales,Anaerovoracaceae,Emergencia,Emergencia sp937997955
OTU1351_Allocoprobacillus sp002160865,Bacteria,Bacillota,Bacilli,Erysipelotrichales,Coprobacillaceae,Allocoprobacillus,Allocoprobacillus sp002160865
OTU1352_Negativibacillus faecipullorum,Bacteria,Bacillota,Clostridia,Oscillospirales,Ruminococcaceae,Negativibacillus,Negativibacillus faecipullorum
OTU1353_Angelakisella sp004557855,Bacteria,Bacillota,Clostridia,Oscillospirales,Ruminococcaceae,Angelakisella,Angelakisella sp004557855
OTU1354_Lachnospira sp900545725,Bacteria,Bacillota,Clostridia,Lachnospirales,Lachnospiraceae,Lachnospira,Lachnospira sp900545725
OTU1355_UBA10677 sp944363615,Bacteria,Bacillota,Clostridia,Christensenellales,Pumilibacteraceae,UBA10677,UBA10677 sp944363615
OTU1356_Anaerotardibacter sp900542525,Bacteria,Actinomycetota,Coriobacteriia,Coriobacteriales,Eggerthellaceae,Anaerotardibacter,Anaerotardibacter sp900542525
OTU1357_Haemophilus_D parainfluenzae_AB,Bacteria,Pseudomonadota,Gammaproteobacteria,Enterobacterales,Pasteurellaceae,Haemophilus_D,Haemophilus_D parainfluenzae_AB
OTU1358_Collinsella sp947002045,Bacteria,Actinomycetota,Coriobacteriia,Coriobacteriales,Coriobacteriaceae,Collinsella,Collinsella sp947002045
OTU1359_Pauljensenia sp963537175,Bacteria,Actinomycetota,Actinomycetes,Actinomycetales,Actinomycetaceae,Pauljensenia,Pauljensenia sp963537175
OTU1360_JAHZIE01 sp019419895,Bacteria,Bacillota,Clostridia,Oscillospirales,Acutalibacteraceae,JAHZIE01,JAHZIE01 sp019419895
OTU1361_Allocoprobacillus merdigallinarum,Bacteria,Bacillota,Bacilli,Erysipelotrichales,Coprobacillaceae,Allocoprobacillus,Allocoprobacillus merdigallinarum
OTU1362_Collinsella sp900541205,Bacteria,Actinomycetota,Coriobacteriia,Coriobacteriales,Coriobacteriaceae,Collinsella,Collinsella sp900541205
OTU1363_Collinsella sp902469055,Bacteria,Actinomycetota,Coriobacteriia,Coriobacteriales,Coriobacteriaceae,Collinsella,Collinsella sp902469055
OTU1364_Collinsella sp958354105,Bacteria,Actinomycetota,Coriobacteriia,Coriobacteriales,Coriobacteriaceae,Collinsella,Collinsella sp958354105
OTU1365_Parabacteroides chongii,Bacteria,Bacteroidota,Bacteroidia,Bacteroidales,Tannerellaceae,Parabacteroides,Parabacteroides chongii
OTU1366_Enterobacter roggenkampii,Bacteria,Pseudomonadota,Gammaproteobacteria,Enterobacterales,Enterobacteriaceae,Enterobacter,Enterobacter roggenkampii
OTU1367_Streptococcus sp900766505,Bacteria,Bacillota,Bacilli,Lactobacillales,Streptococcaceae,Streptococcus,Streptococcus sp900766505
OTU1368_Collinsella sp900545905,Bacteria,Actinomycetota,Coriobacteriia,Coriobacteriales,Coriobacteriaceae,Collinsella,Collinsella sp900545905
OTU1369_Streptococcus parasanguinis_V,Bacteria,Bacillota,Bacilli,Lactobacillales,Streptococcaceae,Streptococcus,Streptococcus parasanguinis_V
OTU1370_UMGS1071 sp900548305,Bacteria,Bacillota,Clostridia,Oscillospirales,Acutalibacteraceae,UMGS1071,UMGS1071 sp900548305
OTU1371_Allisonella pneumosinta,Bacteria,Bacillota,Negativicutes,Veillonellales,Dialisteraceae,Allisonella,Allisonella pneumosinta
OTU1372_Oscillibacter sp000436875,Bacteria,Bacillota,Clostridia,Oscillospirales,Oscillospiraceae,Oscillibacter,Oscillibacter sp000436875
OTU1373_Oscillibacter sp944387015,Bacteria,Bacillota,Clostridia,Oscillospirales,Oscillospiraceae,Oscillibacter,Oscillibacter sp944387015
OTU1374_Lactobacillus sp027681045,Bacteria,Bacillota,Bacilli,Lactobacillales,Lactobacillaceae,Lactobacillus,Lactobacillus sp027681045
OTU1375_Lactobacillus delbrueckii,Bacteria,Bacillota,Bacilli,Lactobacillales,Lactobacillaceae,Lactobacillus,Lactobacillus delbrueckii
OTU1376_Holdemanella sp003436425,Bacteria,Bacillota,Bacilli,Erysipelotrichales,Erysipelotrichaceae,Holdemanella,Holdemanella sp003436425
OTU1377_Holdemanella porci,Bacteria,Bacillota,Bacilli,Erysipelotrichales,Erysipelotrichaceae,Holdemanella,Holdemanella porci
OTU1378_Phascolarctobacterium_A sp902463975,Bacteria,Bacillota,Negativicutes,Acidaminococcales,Acidaminococcaceae,Phascolarctobacterium_A,Phascolarctobacterium_A sp902463975
OTU1379_Senegalimassilia sp905215325,Bacteria,Actinomycetota,Coriobacteriia,Coriobacteriales,Eggerthellaceae,Senegalimassilia,Senegalimassilia sp905215325
OTU1380_Senegalimassilia sp934636665,Bacteria,Actinomycetota,Coriobacteriia,Coriobacteriales,Eggerthellaceae,Senegalimassilia,Senegalimassilia sp934636665
OTU1381_Phoenicibacter congonensis,Bacteria,Actinomycetota,Coriobacteriia,Coriobacteriales,Eggerthellaceae,Phoenicibacter,Phoenicibacter congonensis
OTU1382_Scybalocola_A sp900557175,Bacteria,Bacillota,Clostridia,Lachnospirales,Lachnospiraceae,Scybalocola_A,Scybalocola_A sp900557175
OTU1383_CAKRJP01 sp934351835,Bacteria,Bacillota,Clostridia,Lachnospirales,Lachnospiraceae,CAKRJP01,CAKRJP01 sp934351835
OTU1384_Alangreenwoodia sp019420525,Bacteria,Bacillota,Clostridia,Peptostreptococcales,Anaerovoracaceae,Alangreenwoodia,Alangreenwoodia sp019420525
OTU1385_Emergencia sp904420065,Bacteria,Bacillota,Clostridia,Peptostreptococcales,Anaerovoracaceae,Emergencia,Emergencia sp904420065
OTU1386_Ellagibacter isourolithinifaciens,Bacteria,Actinomycetota,Coriobacteriia,Coriobacteriales,Eggerthellaceae,Ellagibacter,Ellagibacter isourolithinifaciens
OTU1387_Collinsella sp900754445,Bacteria,Actinomycetota,Coriobacteriia,Coriobacteriales,Coriobacteriaceae,Collinsella,Collinsella sp900754445
OTU1388_Prevotella copri_P,Bacteria,Bacteroidota,Bacteroidia,Bacteroidales,Bacteroidaceae,Prevotella,Prevotella copri_P
